<?xml version = '1.0' encoding = 'UTF-8'?>
<FKIndexAssociation class="oracle.dbtools.crest.model.design.relational.FKIndexAssociation" directorySegmentName="seg_0" id="016AED17-9663-AEC9-9431-9F05D6D9970B" containerWithKeyObject="2BE7E8FD-3F7B-F8C2-57E1-FC2E0746A06D" localFKIndex="585FB7B1-0052-BA20-0AC2-D79007D8CDFE" name="EMPLEADO_EMPLEADO_FK">
<createdBy>jimjo</createdBy>
<createdTime>2025-04-29 21:19:41 UTC</createdTime>
<ownerDesignName>ProyectoFinal</ownerDesignName>
<referredTableLongName>EMPLEADO</referredTableLongName>
<deleteRule>NO ACTION</deleteRule>
<referredTableID>2BE7E8FD-3F7B-F8C2-57E1-FC2E0746A06D</referredTableID>
<keyObject>A3218874-9FE6-77D8-B0B7-DDEFBE68AFDD</keyObject>
<referredKeyID>A3218874-9FE6-77D8-B0B7-DDEFBE68AFDD</referredKeyID>
<mandatory>false</mandatory>
<refColNames>Clave_Emp</refColNames>
<transferable>true</transferable>
<rely>false</rely>
<columnDependencyConstraintGenerateInDDL>true</columnDependencyConstraintGenerateInDDL>
</FKIndexAssociation>