<?xml version = '1.0' encoding = 'UTF-8'?>
<FKIndexAssociation class="oracle.dbtools.crest.model.design.relational.FKIndexAssociation" directorySegmentName="seg_0" id="0B39CEAD-2A1A-83E7-D927-20105D23B97D" containerWithKeyObject="89F69C3A-7AF4-FACB-4C76-7914F82FCFA8" localFKIndex="35B3D384-21EE-7A44-0DF5-774B3E157AC6" name="TIENE_ARTICULO_FK">
<createdBy>jimjo</createdBy>
<createdTime>2025-04-29 20:29:56 UTC</createdTime>
<ownerDesignName>ProyectoFinal</ownerDesignName>
<referredTableLongName>ARTICULO</referredTableLongName>
<deleteRule>CASCADE</deleteRule>
<referredTableID>277B1492-E419-8358-1D18-1A39A9619DDC</referredTableID>
<keyObject>B39E1A81-8B6B-FB6F-A7B5-1DD4DF3FBAF7</keyObject>
<referredKeyID>B39E1A81-8B6B-FB6F-A7B5-1DD4DF3FBAF7</referredKeyID>
<mandatory>true</mandatory>
<refColNames>Cod_Barras</refColNames>
<transferable>true</transferable>
<rely>false</rely>
<columnDependencyConstraintGenerateInDDL>true</columnDependencyConstraintGenerateInDDL>
</FKIndexAssociation>