<?xml version = '1.0' encoding = 'UTF-8'?>
<FKIndexAssociation class="oracle.dbtools.crest.model.design.relational.FKIndexAssociation" directorySegmentName="seg_0" id="1ED7997F-D1F0-F0DF-A537-B1EE2E4D896C" containerWithKeyObject="46F118DE-08A2-D42E-58B4-0E882C462EE7" localFKIndex="04CF1D3D-46F8-89E1-0D24-C08F47AE4B17" name="VENTA_EMPLEADO_VENTA_FK">
<createdBy>jimjo</createdBy>
<createdTime>2025-04-29 21:02:10 UTC</createdTime>
<ownerDesignName>ProyectoFinal</ownerDesignName>
<referredTableLongName>VENTA</referredTableLongName>
<deleteRule>CASCADE</deleteRule>
<referredTableID>9DD1860F-49C6-1ACF-D99B-D0417E25CAD5</referredTableID>
<keyObject>5910C349-F666-0407-9E49-6D9603F8D3BE</keyObject>
<referredKeyID>5910C349-F666-0407-9E49-6D9603F8D3BE</referredKeyID>
<mandatory>true</mandatory>
<refColNames>Folio</refColNames>
<transferable>true</transferable>
<rely>false</rely>
<columnDependencyConstraintGenerateInDDL>true</columnDependencyConstraintGenerateInDDL>
</FKIndexAssociation>