<?xml version = '1.0' encoding = 'UTF-8'?>
<FKIndexAssociation class="oracle.dbtools.crest.model.design.relational.FKIndexAssociation" directorySegmentName="seg_0" id="25916912-BDC0-FB6E-86BC-7BCFDB93000F" containerWithKeyObject="9DD1860F-49C6-1ACF-D99B-D0417E25CAD5" localFKIndex="A7BF4B4E-8EC8-71BD-E3A0-56829C8B3C0D" name="VENTA_CLIENTE_FK">
<createdBy>jimjo</createdBy>
<createdTime>2025-04-29 20:53:33 UTC</createdTime>
<ownerDesignName>ProyectoFinal</ownerDesignName>
<referredTableLongName>CLIENTE</referredTableLongName>
<deleteRule>NO ACTION</deleteRule>
<referredTableID>5394A7C7-6DAD-50D3-4AE1-127809CF1021</referredTableID>
<keyObject>063CA3B1-AFD0-0685-8D3A-D5B1A4FE0FF3</keyObject>
<referredKeyID>063CA3B1-AFD0-0685-8D3A-D5B1A4FE0FF3</referredKeyID>
<mandatory>true</mandatory>
<refColNames>RFC_Client</refColNames>
<transferable>true</transferable>
<rely>false</rely>
<columnDependencyConstraintGenerateInDDL>true</columnDependencyConstraintGenerateInDDL>
</FKIndexAssociation>