<?xml version = '1.0' encoding = 'UTF-8'?>
<FKIndexAssociation class="oracle.dbtools.crest.model.design.relational.FKIndexAssociation" directorySegmentName="seg_0" id="34954856-9C3C-C5DA-4045-8A86D2232E80" containerWithKeyObject="5394A7C7-6DAD-50D3-4AE1-127809CF1021" localFKIndex="F0F2716D-88C6-55CE-F1C9-A8B485921F68" name="CLIENTE_DIRECCION_FK">
<createdBy>jimjo</createdBy>
<createdTime>2025-05-09 16:11:10 UTC</createdTime>
<ownerDesignName>ProyectoFinal</ownerDesignName>
<referredTableLongName>DIRECCION</referredTableLongName>
<deleteRule>NO ACTION</deleteRule>
<referredTableID>3736F8AA-BCB9-D4FA-4A6B-4518C6621C05</referredTableID>
<keyObject>EB58E632-4DE2-C1F1-725C-1AF157A08B35</keyObject>
<referredKeyID>EB58E632-4DE2-C1F1-725C-1AF157A08B35</referredKeyID>
<mandatory>true</mandatory>
<refColNames>Id_Direccion</refColNames>
<transferable>true</transferable>
<rely>false</rely>
<columnDependencyConstraintGenerateInDDL>true</columnDependencyConstraintGenerateInDDL>
</FKIndexAssociation>