<?xml version = '1.0' encoding = 'UTF-8'?>
<FKIndexAssociation class="oracle.dbtools.crest.model.design.relational.FKIndexAssociation" directorySegmentName="seg_0" id="36EE3014-BFD2-3F8D-0F8A-5C54294E9A9E" containerWithKeyObject="3736F8AA-BCB9-D4FA-4A6B-4518C6621C05" localFKIndex="25FE63DD-B482-932D-31F0-689D3732F795" name="DIRECCION_COD_P_FK">
<createdBy>jimjo</createdBy>
<createdTime>2025-05-09 16:14:47 UTC</createdTime>
<ownerDesignName>ProyectoFinal</ownerDesignName>
<referredTableLongName>COD_P</referredTableLongName>
<deleteRule>NO ACTION</deleteRule>
<referredTableID>75B480E4-B32E-1908-0998-7D2E598A0F6D</referredTableID>
<keyObject>E3D3DD56-8A5B-831B-8391-57FFA88A6D11</keyObject>
<referredKeyID>E3D3DD56-8A5B-831B-8391-57FFA88A6D11</referredKeyID>
<mandatory>true</mandatory>
<refColNames>Cod_Postal</refColNames>
<transferable>true</transferable>
<rely>false</rely>
<columnDependencyConstraintGenerateInDDL>true</columnDependencyConstraintGenerateInDDL>
</FKIndexAssociation>