<?xml version = '1.0' encoding = 'UTF-8'?>
<FKIndexAssociation class="oracle.dbtools.crest.model.design.relational.FKIndexAssociation" directorySegmentName="seg_0" id="491A2634-E103-F3FF-E202-03FA6529820B" containerWithKeyObject="2BE7E8FD-3F7B-F8C2-57E1-FC2E0746A06D" localFKIndex="74E64D3A-F98B-D9DB-8B8A-015276C4D14E" name="EMPLEADO_DIRECCION_FK">
<createdBy>jimjo</createdBy>
<createdTime>2025-05-09 16:11:40 UTC</createdTime>
<ownerDesignName>ProyectoFinal</ownerDesignName>
<referredTableLongName>DIRECCION</referredTableLongName>
<deleteRule>NO ACTION</deleteRule>
<referredTableID>3736F8AA-BCB9-D4FA-4A6B-4518C6621C05</referredTableID>
<keyObject>EB58E632-4DE2-C1F1-725C-1AF157A08B35</keyObject>
<referredKeyID>EB58E632-4DE2-C1F1-725C-1AF157A08B35</referredKeyID>
<mandatory>true</mandatory>
<refColNames>Id_Direccion</refColNames>
<transferable>true</transferable>
<rely>false</rely>
<columnDependencyConstraintGenerateInDDL>true</columnDependencyConstraintGenerateInDDL>
</FKIndexAssociation>