<?xml version = '1.0' encoding = 'UTF-8'?>
<FKIndexAssociation class="oracle.dbtools.crest.model.design.relational.FKIndexAssociation" directorySegmentName="seg_0" id="59ED203E-04F6-7959-0B31-D1B0903C8A32" containerWithKeyObject="C602B7E0-33DF-CBE4-FED8-DF4CE1555A45" localFKIndex="8725AEBF-866C-C49C-8AA5-F4B84F865025" name="PROVEDOR_DIRECCION_FK">
<createdBy>jimjo</createdBy>
<createdTime>2025-05-09 16:11:35 UTC</createdTime>
<ownerDesignName>ProyectoFinal</ownerDesignName>
<referredTableLongName>DIRECCION</referredTableLongName>
<deleteRule>NO ACTION</deleteRule>
<referredTableID>3736F8AA-BCB9-D4FA-4A6B-4518C6621C05</referredTableID>
<keyObject>EB58E632-4DE2-C1F1-725C-1AF157A08B35</keyObject>
<referredKeyID>EB58E632-4DE2-C1F1-725C-1AF157A08B35</referredKeyID>
<mandatory>true</mandatory>
<refColNames>Id_Direccion</refColNames>
<transferable>true</transferable>
<rely>false</rely>
<columnDependencyConstraintGenerateInDDL>true</columnDependencyConstraintGenerateInDDL>
</FKIndexAssociation>