<?xml version = '1.0' encoding = 'UTF-8'?>
<FKIndexAssociation class="oracle.dbtools.crest.model.design.relational.FKIndexAssociation" directorySegmentName="seg_0" id="6D819DC3-A707-5A29-0173-6395544505C8" containerWithKeyObject="89F69C3A-7AF4-FACB-4C76-7914F82FCFA8" localFKIndex="EC2BE805-19CE-05B8-3F62-0694D631EF7A" name="TIENE_VENTA_FK">
<createdBy>jimjo</createdBy>
<createdTime>2025-04-29 20:30:48 UTC</createdTime>
<ownerDesignName>ProyectoFinal</ownerDesignName>
<referredTableLongName>VENTA</referredTableLongName>
<deleteRule>CASCADE</deleteRule>
<referredTableID>9DD1860F-49C6-1ACF-D99B-D0417E25CAD5</referredTableID>
<keyObject>5910C349-F666-0407-9E49-6D9603F8D3BE</keyObject>
<referredKeyID>5910C349-F666-0407-9E49-6D9603F8D3BE</referredKeyID>
<mandatory>true</mandatory>
<refColNames>Folio</refColNames>
<transferable>true</transferable>
<rely>false</rely>
<columnDependencyConstraintGenerateInDDL>true</columnDependencyConstraintGenerateInDDL>
</FKIndexAssociation>