<?xml version = '1.0' encoding = 'UTF-8'?>
<FKIndexAssociation class="oracle.dbtools.crest.model.design.relational.FKIndexAssociation" directorySegmentName="seg_0" id="7727549B-BAC5-3E90-0F7C-DB5749712777" containerWithKeyObject="46F118DE-08A2-D42E-58B4-0E882C462EE7" localFKIndex="5A1ECD05-1351-2507-DFFF-576A96C2B4E5" name="VENTA_EMPLEADO_EMPLEADO_FK">
<createdBy>jimjo</createdBy>
<createdTime>2025-04-29 21:02:16 UTC</createdTime>
<ownerDesignName>ProyectoFinal</ownerDesignName>
<referredTableLongName>EMPLEADO</referredTableLongName>
<deleteRule>CASCADE</deleteRule>
<referredTableID>2BE7E8FD-3F7B-F8C2-57E1-FC2E0746A06D</referredTableID>
<keyObject>A3218874-9FE6-77D8-B0B7-DDEFBE68AFDD</keyObject>
<referredKeyID>A3218874-9FE6-77D8-B0B7-DDEFBE68AFDD</referredKeyID>
<mandatory>true</mandatory>
<refColNames>Clave_Emp</refColNames>
<transferable>true</transferable>
<rely>false</rely>
<columnDependencyConstraintGenerateInDDL>true</columnDependencyConstraintGenerateInDDL>
</FKIndexAssociation>