<?xml version = '1.0' encoding = 'UTF-8'?>
<FKIndexAssociation class="oracle.dbtools.crest.model.design.relational.FKIndexAssociation" directorySegmentName="seg_0" id="A36F13AD-98EE-6F13-0C58-60D17D6705D1" containerWithKeyObject="304522E6-1C24-C9F2-D7B8-25347707506E" localFKIndex="BA45A13D-D77C-FBF5-5698-5E0E57B507F8" name="Provedor_PROVEDOR_FK">
<createdBy>jimjo</createdBy>
<createdTime>2025-05-06 17:24:44 UTC</createdTime>
<ownerDesignName>ProyectoFinal</ownerDesignName>
<referredTableLongName>PROVEDOR</referredTableLongName>
<deleteRule>CASCADE</deleteRule>
<referredTableID>C602B7E0-33DF-CBE4-FED8-DF4CE1555A45</referredTableID>
<keyObject>A28D0975-0B58-1B02-17DF-6941CEC9E49F</keyObject>
<referredKeyID>A28D0975-0B58-1B02-17DF-6941CEC9E49F</referredKeyID>
<mandatory>true</mandatory>
<refColNames>RFC_Prov</refColNames>
<transferable>true</transferable>
<rely>false</rely>
<columnDependencyConstraintGenerateInDDL>true</columnDependencyConstraintGenerateInDDL>
</FKIndexAssociation>