<?xml version = '1.0' encoding = 'UTF-8'?>
<FKIndexAssociation class="oracle.dbtools.crest.model.design.relational.FKIndexAssociation" directorySegmentName="seg_0" id="AC3DFA71-DAA7-0150-3382-EB9B61C6F541" containerWithKeyObject="277B1492-E419-8358-1D18-1A39A9619DDC" localFKIndex="BBF327B5-51F5-04A3-E2F8-B95CA89DC507" name="Clave_Cat_FK">
<createdBy>jimjo</createdBy>
<createdTime>2025-04-29 17:03:40 UTC</createdTime>
<ownerDesignName>ProyectoFinal</ownerDesignName>
<referredTableLongName>CATEGORIA</referredTableLongName>
<deleteRule>NO ACTION</deleteRule>
<referredTableID>18BF4CF9-997C-73D7-67B7-B0D3CA542CEB</referredTableID>
<keyObject>2BC7F386-697E-354C-FD63-F1FFD0F286B3</keyObject>
<referredKeyID>2BC7F386-697E-354C-FD63-F1FFD0F286B3</referredKeyID>
<mandatory>true</mandatory>
<refColNames>Clave_Cat</refColNames>
<transferable>true</transferable>
<rely>false</rely>
<columnDependencyConstraintGenerateInDDL>true</columnDependencyConstraintGenerateInDDL>
</FKIndexAssociation>