<?xml version = '1.0' encoding = 'UTF-8'?>
<FKIndexAssociation class="oracle.dbtools.crest.model.design.relational.FKIndexAssociation" directorySegmentName="seg_0" id="D0ED8421-F2C2-EE12-DC99-6A9259BF7D9B" containerWithKeyObject="304522E6-1C24-C9F2-D7B8-25347707506E" localFKIndex="90286B92-C48F-0373-B1A2-F78122105FB7" name="Provedor_ARTICULO_FK">
<createdBy>jimjo</createdBy>
<createdTime>2025-05-06 17:24:25 UTC</createdTime>
<ownerDesignName>ProyectoFinal</ownerDesignName>
<referredTableLongName>ARTICULO</referredTableLongName>
<deleteRule>CASCADE</deleteRule>
<referredTableID>277B1492-E419-8358-1D18-1A39A9619DDC</referredTableID>
<keyObject>B39E1A81-8B6B-FB6F-A7B5-1DD4DF3FBAF7</keyObject>
<referredKeyID>B39E1A81-8B6B-FB6F-A7B5-1DD4DF3FBAF7</referredKeyID>
<mandatory>true</mandatory>
<refColNames>Cod_Barras</refColNames>
<transferable>true</transferable>
<rely>false</rely>
<columnDependencyConstraintGenerateInDDL>true</columnDependencyConstraintGenerateInDDL>
</FKIndexAssociation>