<?xml version = '1.0' encoding = 'UTF-8'?>
<FKIndexAssociation class="oracle.dbtools.crest.model.design.relational.FKIndexAssociation" directorySegmentName="seg_0" id="E4C2B7EC-12CA-DAE2-723C-9AF59222F84D" containerWithKeyObject="2BE7E8FD-3F7B-F8C2-57E1-FC2E0746A06D" localFKIndex="D4A36C7A-15FB-ECC3-ECCB-E6C7C2E8298B" name="EMPLEADO_SURCURSAL_FK">
<createdBy>jimjo</createdBy>
<createdTime>2025-04-29 21:30:22 UTC</createdTime>
<ownerDesignName>ProyectoFinal</ownerDesignName>
<referredTableLongName>SURCURSAL</referredTableLongName>
<deleteRule>NO ACTION</deleteRule>
<referredTableID>29030541-3A0B-9015-7028-EABE5199D704</referredTableID>
<keyObject>1BE0D41A-1D04-49F6-4019-1BB00605066D</keyObject>
<referredKeyID>1BE0D41A-1D04-49F6-4019-1BB00605066D</referredKeyID>
<mandatory>true</mandatory>
<refColNames>Clave_Suc</refColNames>
<transferable>true</transferable>
<rely>false</rely>
<columnDependencyConstraintGenerateInDDL>true</columnDependencyConstraintGenerateInDDL>
</FKIndexAssociation>