<?xml version = '1.0' encoding = 'UTF-8'?>
<FKIndexAssociation class="oracle.dbtools.crest.model.design.relational.FKIndexAssociation" directorySegmentName="seg_0" id="E9B234E9-800E-542C-10EC-4A1A51EDC9CF" containerWithKeyObject="29030541-3A0B-9015-7028-EABE5199D704" localFKIndex="32667F5F-2C1D-8B6E-3D75-C0CC01497C99" name="SURCURSAL_DIRECCION_FK">
<createdBy>jimjo</createdBy>
<createdTime>2025-05-12 02:49:54 UTC</createdTime>
<ownerDesignName>ProyectoFinal</ownerDesignName>
<referredTableLongName>DIRECCION</referredTableLongName>
<deleteRule>NO ACTION</deleteRule>
<referredTableID>3736F8AA-BCB9-D4FA-4A6B-4518C6621C05</referredTableID>
<keyObject>EB58E632-4DE2-C1F1-725C-1AF157A08B35</keyObject>
<referredKeyID>EB58E632-4DE2-C1F1-725C-1AF157A08B35</referredKeyID>
<mandatory>true</mandatory>
<refColNames>Id_Direccion</refColNames>
<transferable>true</transferable>
<rely>false</rely>
<columnDependencyConstraintGenerateInDDL>true</columnDependencyConstraintGenerateInDDL>
</FKIndexAssociation>