<?xml version = '1.0' encoding = 'UTF-8'?>
<FKIndexAssociation class="oracle.dbtools.crest.model.design.relational.FKIndexAssociation" directorySegmentName="seg_0" id="EE85A494-DA1D-8615-AD7E-8C6F804F198F" containerWithKeyObject="B3207EA5-F329-FD7C-B610-03B122C2A94C" localFKIndex="1C33B922-8757-5049-5A27-8B151F491FEC" name="Telefonos_EMPLEADO_FK">
<createdBy>jimjo</createdBy>
<createdTime>2025-05-08 13:48:51 UTC</createdTime>
<ownerDesignName>ProyectoFinal</ownerDesignName>
<referredTableLongName>EMPLEADO</referredTableLongName>
<deleteRule>NO ACTION</deleteRule>
<referredTableID>2BE7E8FD-3F7B-F8C2-57E1-FC2E0746A06D</referredTableID>
<keyObject>A3218874-9FE6-77D8-B0B7-DDEFBE68AFDD</keyObject>
<referredKeyID>A3218874-9FE6-77D8-B0B7-DDEFBE68AFDD</referredKeyID>
<mandatory>true</mandatory>
<refColNames>Clave_Emp</refColNames>
<transferable>true</transferable>
<rely>false</rely>
<columnDependencyConstraintGenerateInDDL>true</columnDependencyConstraintGenerateInDDL>
</FKIndexAssociation>