<?xml version="1.0" encoding="UTF-8"?>
<project-private xmlns="http://www.netbeans.org/ns/project-private/1">
    <editor-bookmarks xmlns="http://www.netbeans.org/ns/editor-bookmarks/2" lastBookmarkId="0"/>
    <open-files xmlns="http://www.netbeans.org/ns/projectui-open-files/2">
        <group>
            <file>file:/Volumes/Disco%20externo/Documentos/Base%20de%20datos/Proyecto_BD/src/Ventanas/ProductosyServicios.java</file>
            <file>file:/Volumes/Disco%20externo/Documentos/Base%20de%20datos/Proyecto_BD/src/Ventanas/Comprar.java</file>
        </group>
    </open-files>
</project-private>
