<?xml version = '1.0' encoding = 'UTF-8'?>
<Diagram class="oracle.dbtools.crest.swingui.relational.DPVRelational" name="ProyectoFinal" id="520A9AF7-8E62-B67D-92A9-C0090F2FCD32">
<createdBy>jimjo</createdBy>
<modifiedBy>jimjo</modifiedBy>
<createdTime>2025-04-29 16:26:09 UTC</createdTime>
<autoRoute>false</autoRoute>
<boxInbox>true</boxInbox>
<showLegend>false</showLegend>
<showLabels>false</showLabels>
<showRelAttributes>false</showRelAttributes>
<gridEnabled>false</gridEnabled>
<showGrid>false</showGrid>
<diagramColor>-1</diagramColor>
<display>false</display>
<notation>1</notation>
<objectViews>
<OView class="oracle.dbtools.crest.swingui.relational.TVTable" oid="18BF4CF9-997C-73D7-67B7-B0D3CA542CEB" otype="Table" vid="C5C8796A-42DD-1896-6A01-BEABC5E00347">
<hideElementsInCurrentOnly>false</hideElementsInCurrentOnly>
<bounds x="4" y="29" width="212" height="93"/>
</OView>
<OView class="oracle.dbtools.crest.swingui.relational.TVTable" oid="277B1492-E419-8358-1D18-1A39A9619DDC" otype="Table" vid="66F6A835-7D81-C0BE-189A-72FCF5D95CED">
<hideElementsInCurrentOnly>false</hideElementsInCurrentOnly>
<bounds x="243" y="28" width="263" height="196"/>
</OView>
<OView class="oracle.dbtools.crest.swingui.relational.TVTable" oid="29030541-3A0B-9015-7028-EABE5199D704" otype="Table" vid="7B8506EC-24B5-A16C-2B2A-1D145864DF31">
<hideElementsInCurrentOnly>false</hideElementsInCurrentOnly>
<bounds x="1159" y="56" width="244" height="130"/>
</OView>
<OView class="oracle.dbtools.crest.swingui.relational.TVTable" oid="2BE7E8FD-3F7B-F8C2-57E1-FC2E0746A06D" otype="Table" vid="98303D96-36B3-3A24-4502-76B3F82EF87C">
<hideElementsInCurrentOnly>false</hideElementsInCurrentOnly>
<bounds x="980" y="342" width="315" height="269"/>
</OView>
<OView class="oracle.dbtools.crest.swingui.relational.TVTable" oid="304522E6-1C24-C9F2-D7B8-25347707506E" otype="Table" vid="A820982A-F052-2DAE-AFDD-1D95285A283E">
<hideElementsInCurrentOnly>false</hideElementsInCurrentOnly>
<bounds x="535" y="39" width="241" height="159"/>
</OView>
<OView class="oracle.dbtools.crest.swingui.relational.TVTable" oid="3736F8AA-BCB9-D4FA-4A6B-4518C6621C05" otype="Table" vid="E31CD1A2-452F-E379-8258-9345283736C6">
<hideElementsInCurrentOnly>false</hideElementsInCurrentOnly>
<bounds x="618" y="222" width="235" height="161"/>
</OView>
<OView class="oracle.dbtools.crest.swingui.relational.TVTable" oid="46F118DE-08A2-D42E-58B4-0E882C462EE7" otype="Table" vid="7044E6E2-B360-F716-6FDE-071963E7C7A7">
<hideElementsInCurrentOnly>false</hideElementsInCurrentOnly>
<bounds x="597" y="688" width="356" height="110"/>
</OView>
<OView class="oracle.dbtools.crest.swingui.relational.TVTable" oid="5394A7C7-6DAD-50D3-4AE1-127809CF1021" otype="Table" vid="7528DC42-5AEE-AD98-B550-4F23C2C74D6D">
<hideElementsInCurrentOnly>false</hideElementsInCurrentOnly>
<bounds x="623" y="428" width="289" height="189"/>
</OView>
<OView class="oracle.dbtools.crest.swingui.relational.TVTable" oid="75B480E4-B32E-1908-0998-7D2E598A0F6D" otype="Table" vid="38EDC0C6-1363-313F-1D39-E7B524279B14">
<hideElementsInCurrentOnly>false</hideElementsInCurrentOnly>
<bounds x="896" y="162" width="187" height="110"/>
</OView>
<OView class="oracle.dbtools.crest.swingui.relational.TVTable" oid="89F69C3A-7AF4-FACB-4C76-7914F82FCFA8" otype="Table" vid="92E0863F-90E7-8C31-39F4-75D06F27F297">
<hideElementsInCurrentOnly>false</hideElementsInCurrentOnly>
<bounds x="241" y="290" width="287" height="107"/>
</OView>
<OView class="oracle.dbtools.crest.swingui.relational.TVTable" oid="9DD1860F-49C6-1ACF-D99B-D0417E25CAD5" otype="Table" vid="81682AAF-8ECF-6DB6-21C7-8A42DFEED6EC">
<hideElementsInCurrentOnly>false</hideElementsInCurrentOnly>
<bounds x="267" y="442" width="278" height="157"/>
</OView>
<OView class="oracle.dbtools.crest.swingui.relational.TVTable" oid="B3207EA5-F329-FD7C-B610-03B122C2A94C" otype="Table" vid="56A1054F-C75D-FFEF-62E5-AEFC5FFC86D8">
<hideElementsInCurrentOnly>false</hideElementsInCurrentOnly>
<bounds x="983" y="676" width="309" height="110"/>
</OView>
<OView class="oracle.dbtools.crest.swingui.relational.TVTable" oid="C602B7E0-33DF-CBE4-FED8-DF4CE1555A45" otype="Table" vid="A425B38F-D967-1F73-E9B1-9DF08EBA54D9">
<hideElementsInCurrentOnly>false</hideElementsInCurrentOnly>
<bounds x="808" y="13" width="295" height="134"/>
</OView>
</objectViews>
<connectors>
<Connector class="oracle.dbtools.crest.swingui.relational.TVFKRelation" oid="016AED17-9663-AEC9-9431-9F05D6D9970B" otype="FKIndexAssociation" vid_source="98303D96-36B3-3A24-4502-76B3F82EF87C" vid_target="98303D96-36B3-3A24-4502-76B3F82EF87C">
<hideElementsInCurrentOnly>false</hideElementsInCurrentOnly>
<backgroundColor>-16777216</backgroundColor>
<lineWidth>1</lineWidth>
<points>
<point x="1121" y="342"/>
<point x="1121" y="320"/>
<point x="1119" y="266"/>
<point x="1357" y="266"/>
<point x="1359" y="516"/>
<point x="1359" y="552"/>
<point x="1295" y="552"/>
</points>
</Connector>
<Connector class="oracle.dbtools.crest.swingui.relational.TVFKRelation" oid="0B39CEAD-2A1A-83E7-D927-20105D23B97D" otype="FKIndexAssociation" vid_source="66F6A835-7D81-C0BE-189A-72FCF5D95CED" vid_target="92E0863F-90E7-8C31-39F4-75D06F27F297">
<hideElementsInCurrentOnly>false</hideElementsInCurrentOnly>
<backgroundColor>-16777216</backgroundColor>
<lineWidth>1</lineWidth>
<points>
<point x="374" y="224"/>
<point x="374" y="290"/>
</points>
</Connector>
<Connector class="oracle.dbtools.crest.swingui.relational.TVFKRelation" oid="1ED7997F-D1F0-F0DF-A537-B1EE2E4D896C" otype="FKIndexAssociation" vid_source="81682AAF-8ECF-6DB6-21C7-8A42DFEED6EC" vid_target="7044E6E2-B360-F716-6FDE-071963E7C7A7">
<hideElementsInCurrentOnly>false</hideElementsInCurrentOnly>
<backgroundColor>-16777216</backgroundColor>
<lineWidth>1</lineWidth>
<points>
<point x="536" y="599"/>
<point x="683" y="688"/>
</points>
</Connector>
<Connector class="oracle.dbtools.crest.swingui.relational.TVFKRelation" oid="25916912-BDC0-FB6E-86BC-7BCFDB93000F" otype="FKIndexAssociation" vid_source="7528DC42-5AEE-AD98-B550-4F23C2C74D6D" vid_target="81682AAF-8ECF-6DB6-21C7-8A42DFEED6EC">
<hideElementsInCurrentOnly>false</hideElementsInCurrentOnly>
<backgroundColor>-16777216</backgroundColor>
<lineWidth>1</lineWidth>
<points>
<point x="623" y="520"/>
<point x="545" y="520"/>
</points>
</Connector>
<Connector class="oracle.dbtools.crest.swingui.relational.TVFKRelation" oid="34954856-9C3C-C5DA-4045-8A86D2232E80" otype="FKIndexAssociation" vid_source="E31CD1A2-452F-E379-8258-9345283736C6" vid_target="7528DC42-5AEE-AD98-B550-4F23C2C74D6D">
<hideElementsInCurrentOnly>false</hideElementsInCurrentOnly>
<backgroundColor>-16777216</backgroundColor>
<lineWidth>1</lineWidth>
<points>
<point x="753" y="383"/>
<point x="753" y="428"/>
</points>
</Connector>
<Connector class="oracle.dbtools.crest.swingui.relational.TVFKRelation" oid="36EE3014-BFD2-3F8D-0F8A-5C54294E9A9E" otype="FKIndexAssociation" vid_source="38EDC0C6-1363-313F-1D39-E7B524279B14" vid_target="E31CD1A2-452F-E379-8258-9345283736C6">
<hideElementsInCurrentOnly>false</hideElementsInCurrentOnly>
<backgroundColor>-16777216</backgroundColor>
<lineWidth>1</lineWidth>
<points>
<point x="896" y="247"/>
<point x="853" y="247"/>
</points>
</Connector>
<Connector class="oracle.dbtools.crest.swingui.relational.TVFKRelation" oid="491A2634-E103-F3FF-E202-03FA6529820B" otype="FKIndexAssociation" vid_source="E31CD1A2-452F-E379-8258-9345283736C6" vid_target="98303D96-36B3-3A24-4502-76B3F82EF87C">
<hideElementsInCurrentOnly>false</hideElementsInCurrentOnly>
<backgroundColor>-16777216</backgroundColor>
<lineWidth>1</lineWidth>
<points>
<point x="853" y="362"/>
<point x="980" y="362"/>
</points>
</Connector>
<Connector class="oracle.dbtools.crest.swingui.relational.TVFKRelation" oid="59ED203E-04F6-7959-0B31-D1B0903C8A32" otype="FKIndexAssociation" vid_source="E31CD1A2-452F-E379-8258-9345283736C6" vid_target="A425B38F-D967-1F73-E9B1-9DF08EBA54D9">
<hideElementsInCurrentOnly>false</hideElementsInCurrentOnly>
<backgroundColor>-16777216</backgroundColor>
<lineWidth>1</lineWidth>
<points>
<point x="830" y="222"/>
<point x="830" y="147"/>
</points>
</Connector>
<Connector class="oracle.dbtools.crest.swingui.relational.TVFKRelation" oid="6D819DC3-A707-5A29-0173-6395544505C8" otype="FKIndexAssociation" vid_source="81682AAF-8ECF-6DB6-21C7-8A42DFEED6EC" vid_target="92E0863F-90E7-8C31-39F4-75D06F27F297">
<hideElementsInCurrentOnly>false</hideElementsInCurrentOnly>
<backgroundColor>-16777216</backgroundColor>
<lineWidth>1</lineWidth>
<points>
<point x="397" y="442"/>
<point x="397" y="397"/>
</points>
</Connector>
<Connector class="oracle.dbtools.crest.swingui.relational.TVFKRelation" oid="7727549B-BAC5-3E90-0F7C-DB5749712777" otype="FKIndexAssociation" vid_source="98303D96-36B3-3A24-4502-76B3F82EF87C" vid_target="7044E6E2-B360-F716-6FDE-071963E7C7A7">
<hideElementsInCurrentOnly>false</hideElementsInCurrentOnly>
<backgroundColor>-16777216</backgroundColor>
<lineWidth>1</lineWidth>
<points>
<point x="980" y="592"/>
<point x="849" y="688"/>
</points>
</Connector>
<Connector class="oracle.dbtools.crest.swingui.relational.TVFKRelation" oid="A36F13AD-98EE-6F13-0C58-60D17D6705D1" otype="FKIndexAssociation" vid_source="A425B38F-D967-1F73-E9B1-9DF08EBA54D9" vid_target="A820982A-F052-2DAE-AFDD-1D95285A283E">
<hideElementsInCurrentOnly>false</hideElementsInCurrentOnly>
<backgroundColor>-16777216</backgroundColor>
<lineWidth>1</lineWidth>
<points>
<point x="808" y="93"/>
<point x="776" y="93"/>
</points>
</Connector>
<Connector class="oracle.dbtools.crest.swingui.relational.TVFKRelation" oid="AC3DFA71-DAA7-0150-3382-EB9B61C6F541" otype="FKIndexAssociation" vid_source="C5C8796A-42DD-1896-6A01-BEABC5E00347" vid_target="66F6A835-7D81-C0BE-189A-72FCF5D95CED">
<hideElementsInCurrentOnly>false</hideElementsInCurrentOnly>
<backgroundColor>-16777216</backgroundColor>
<lineWidth>1</lineWidth>
<points>
<point x="216" y="75"/>
<point x="243" y="75"/>
</points>
</Connector>
<Connector class="oracle.dbtools.crest.swingui.relational.TVFKRelation" oid="D0ED8421-F2C2-EE12-DC99-6A9259BF7D9B" otype="FKIndexAssociation" vid_source="66F6A835-7D81-C0BE-189A-72FCF5D95CED" vid_target="A820982A-F052-2DAE-AFDD-1D95285A283E">
<hideElementsInCurrentOnly>false</hideElementsInCurrentOnly>
<backgroundColor>-16777216</backgroundColor>
<lineWidth>1</lineWidth>
<points>
<point x="506" y="118"/>
<point x="535" y="118"/>
</points>
</Connector>
<Connector class="oracle.dbtools.crest.swingui.relational.TVFKRelation" oid="E4C2B7EC-12CA-DAE2-723C-9AF59222F84D" otype="FKIndexAssociation" vid_source="7B8506EC-24B5-A16C-2B2A-1D145864DF31" vid_target="98303D96-36B3-3A24-4502-76B3F82EF87C">
<hideElementsInCurrentOnly>false</hideElementsInCurrentOnly>
<backgroundColor>-16777216</backgroundColor>
<lineWidth>1</lineWidth>
<points>
<point x="1227" y="186"/>
<point x="1227" y="342"/>
</points>
</Connector>
<Connector class="oracle.dbtools.crest.swingui.relational.TVFKRelation" oid="E9B234E9-800E-542C-10EC-4A1A51EDC9CF" otype="FKIndexAssociation" vid_source="E31CD1A2-452F-E379-8258-9345283736C6" vid_target="7B8506EC-24B5-A16C-2B2A-1D145864DF31">
<hideElementsInCurrentOnly>false</hideElementsInCurrentOnly>
<backgroundColor>-16777216</backgroundColor>
<lineWidth>1</lineWidth>
<points>
<point x="853" y="310"/>
<point x="1095" y="310"/>
<point x="1095" y="156"/>
<point x="1159" y="156"/>
</points>
</Connector>
<Connector class="oracle.dbtools.crest.swingui.relational.TVFKRelation" oid="EE85A494-DA1D-8615-AD7E-8C6F804F198F" otype="FKIndexAssociation" vid_source="98303D96-36B3-3A24-4502-76B3F82EF87C" vid_target="56A1054F-C75D-FFEF-62E5-AEFC5FFC86D8">
<hideElementsInCurrentOnly>false</hideElementsInCurrentOnly>
<backgroundColor>-16777216</backgroundColor>
<lineWidth>1</lineWidth>
<points>
<point x="1137" y="611"/>
<point x="1137" y="676"/>
</points>
</Connector>
</connectors>
</Diagram>