<?xml version = '1.0' encoding = 'UTF-8'?>
<Diagram class="oracle.dbtools.crest.swingui.relational.DPVRelationalSubView" name="ProyectoFinal - SubView_1" id="F9C781EA-11CF-4B5C-5AAC-F2DC82F8814E">
<createdBy>jimjo</createdBy>
<modifiedBy>jimjo</modifiedBy>
<createdTime>2025-04-29 21:46:24 UTC</createdTime>
<autoRoute>false</autoRoute>
<boxInbox>true</boxInbox>
<showLegend>false</showLegend>
<showLabels>false</showLabels>
<showRelAttributes>false</showRelAttributes>
<gridEnabled>false</gridEnabled>
<showGrid>false</showGrid>
<diagramColor>-1</diagramColor>
<display>false</display>
<notation>1</notation>
</Diagram>