<?xml version = '1.0' encoding = 'UTF-8'?>
<Table class="oracle.dbtools.crest.model.design.relational.Table" directorySegmentName="seg_0" id="18BF4CF9-997C-73D7-67B7-B0D3CA542CEB" name="CATEGORIA">
<createdBy>jimjo</createdBy>
<createdTime>2025-04-29 16:26:11 UTC</createdTime>
<ownerDesignName>ProyectoFinal</ownerDesignName>
<ordsAlias>table_1</ordsAlias>
<allowColumnReorder>false</allowColumnReorder>
<existDependencyGenerateInDDl>true</existDependencyGenerateInDDl>
<parsed>true</parsed>
<columns itemClass="oracle.dbtools.crest.model.design.relational.Column">
<Column name="Clave_Cat" id="0C3090E0-AEEC-7F03-C416-C9EEEBDFE1C3">
<createdBy>jimjo</createdBy>
<createdTime>2025-04-29 16:32:36 UTC</createdTime>
<ownerDesignName>ProyectoFinal</ownerDesignName>
<useDomainConstraints>false</useDomainConstraints>
<use>1</use>
<logicalDatatype>LOGDT019</logicalDatatype>
<dataTypePrecision>5</dataTypePrecision>
<ownDataTypeParameters>,5,</ownDataTypeParameters>
<autoIncrementCycle>false</autoIncrementCycle>
</Column>
<Column name="Nombre_Cat" id="63AC6324-7F8C-A52A-241F-BC7E931718AB">
<createdBy>jimjo</createdBy>
<createdTime>2025-04-29 16:33:42 UTC</createdTime>
<ownerDesignName>ProyectoFinal</ownerDesignName>
<useDomainConstraints>false</useDomainConstraints>
<use>1</use>
<logicalDatatype>LOGDT024</logicalDatatype>
<dataTypeSize>20</dataTypeSize>
<ownDataTypeParameters>20,,</ownDataTypeParameters>
<autoIncrementCycle>false</autoIncrementCycle>
</Column>
<Column name="Tipo_Cat" id="B3A747DA-A72A-39B1-A53F-27105786CA86">
<createdBy>jimjo</createdBy>
<createdTime>2025-04-29 16:33:42 UTC</createdTime>
<ownerDesignName>ProyectoFinal</ownerDesignName>
<useDomainConstraints>false</useDomainConstraints>
<use>1</use>
<logicalDatatype>LOGDT024</logicalDatatype>
<dataTypeSize>20</dataTypeSize>
<ownDataTypeParameters>20,,</ownDataTypeParameters>
<autoIncrementCycle>false</autoIncrementCycle>
</Column>
</columns>
<indexes itemClass="oracle.dbtools.crest.model.design.relational.Index">
<ind_PK_UK id="2BC7F386-697E-354C-FD63-F1FFD0F286B3" name="CATEGORIA_PK">
<createdBy>jimjo</createdBy>
<createdTime>2025-04-29 16:32:36 UTC</createdTime>
<ownerDesignName>ProyectoFinal</ownerDesignName>
<pk>true</pk>
<indexState>Primary Constraint</indexState>
<isSurrogateKey>false</isSurrogateKey>
<indexColumnUsage>
<colUsage columnID="0C3090E0-AEEC-7F03-C416-C9EEEBDFE1C3"/>
</indexColumnUsage>
</ind_PK_UK>
</indexes>
</Table>