<?xml version = '1.0' encoding = 'UTF-8'?>
<Table class="oracle.dbtools.crest.model.design.relational.Table" directorySegmentName="seg_0" id="277B1492-E419-8358-1D18-1A39A9619DDC" name="ARTICULO">
<createdBy>jimjo</createdBy>
<createdTime>2025-04-29 16:34:03 UTC</createdTime>
<ownerDesignName>ProyectoFinal</ownerDesignName>
<ordsAlias>table_2</ordsAlias>
<allowColumnReorder>false</allowColumnReorder>
<existDependencyGenerateInDDl>true</existDependencyGenerateInDDl>
<parsed>true</parsed>
<columns itemClass="oracle.dbtools.crest.model.design.relational.Column">
<Column name="Cod_Barras" id="126D2ED0-2845-575A-5A6B-B31A461563A7">
<createdBy>jimjo</createdBy>
<createdTime>2025-04-29 16:43:35 UTC</createdTime>
<ownerDesignName>ProyectoFinal</ownerDesignName>
<useDomainConstraints>false</useDomainConstraints>
<use>1</use>
<logicalDatatype>LOGDT024</logicalDatatype>
<dataTypeSize>20</dataTypeSize>
<ownDataTypeParameters>20,,</ownDataTypeParameters>
<autoIncrementCycle>false</autoIncrementCycle>
</Column>
<Column name="Nombre_Art" id="854657B5-3CB4-CACF-4ADB-79F9669B012B">
<createdBy>jimjo</createdBy>
<createdTime>2025-04-29 16:43:35 UTC</createdTime>
<ownerDesignName>ProyectoFinal</ownerDesignName>
<useDomainConstraints>false</useDomainConstraints>
<use>1</use>
<logicalDatatype>LOGDT024</logicalDatatype>
<dataTypeSize>50</dataTypeSize>
<ownDataTypeParameters>50,,</ownDataTypeParameters>
<autoIncrementCycle>false</autoIncrementCycle>
</Column>
<Column name="Precio_Compra" id="A89EB12C-8CD4-57C6-29E6-BFE49C1A94BA">
<createdBy>jimjo</createdBy>
<createdTime>2025-04-29 16:43:35 UTC</createdTime>
<ownerDesignName>ProyectoFinal</ownerDesignName>
<useDomainConstraints>false</useDomainConstraints>
<use>1</use>
<logicalDatatype>LOGDT019</logicalDatatype>
<dataTypePrecision>8</dataTypePrecision>
<dataTypeScale>2</dataTypeScale>
<ownDataTypeParameters>,8,2</ownDataTypeParameters>
<autoIncrementCycle>false</autoIncrementCycle>
</Column>
<Column name="Precio_Venta" id="5F9BD70B-82D4-7FC8-1B47-394BE2EA379C">
<createdBy>jimjo</createdBy>
<createdTime>2025-04-29 16:43:35 UTC</createdTime>
<ownerDesignName>ProyectoFinal</ownerDesignName>
<useDomainConstraints>false</useDomainConstraints>
<use>1</use>
<logicalDatatype>LOGDT019</logicalDatatype>
<dataTypePrecision>8</dataTypePrecision>
<dataTypeScale>2</dataTypeScale>
<ownDataTypeParameters>,8,2</ownDataTypeParameters>
<autoIncrementCycle>false</autoIncrementCycle>
</Column>
<Column name="Stock" id="B266D290-13C4-8DC1-2E51-347087587071">
<createdBy>jimjo</createdBy>
<createdTime>2025-04-29 16:43:35 UTC</createdTime>
<ownerDesignName>ProyectoFinal</ownerDesignName>
<useDomainConstraints>false</useDomainConstraints>
<use>1</use>
<logicalDatatype>LOGDT019</logicalDatatype>
<dataTypePrecision>7</dataTypePrecision>
<ownDataTypeParameters>,7,</ownDataTypeParameters>
<autoIncrementCycle>false</autoIncrementCycle>
</Column>
<Column name="Fotografia" id="9264122A-5341-02F8-3413-88E3387BD92E">
<createdBy>jimjo</createdBy>
<createdTime>2025-04-29 16:43:35 UTC</createdTime>
<ownerDesignName>ProyectoFinal</ownerDesignName>
<useDomainConstraints>false</useDomainConstraints>
<use>1</use>
<logicalDatatype>LOGDT010</logicalDatatype>
<ownDataTypeParameters>,,</ownDataTypeParameters>
<autoIncrementCycle>false</autoIncrementCycle>
</Column>
<Column name="CATEGORIA_Clave_Cat" id="4E1DAD3D-5DCA-1826-ACCC-8859B17D4DB2">
<createdBy>jimjo</createdBy>
<createdTime>2025-04-29 17:03:40 UTC</createdTime>
<ownerDesignName>ProyectoFinal</ownerDesignName>
<useDomainConstraints>false</useDomainConstraints>
<use>1</use>
<logicalDatatype>LOGDT019</logicalDatatype>
<dataTypePrecision>5</dataTypePrecision>
<ownDataTypeParameters>,5,</ownDataTypeParameters>
<previousColumn>false</previousColumn>
<autoIncrementCycle>false</autoIncrementCycle>
<associations>
<colAssociation fkAssociation="AC3DFA71-DAA7-0150-3382-EB9B61C6F541" referredColumn="0C3090E0-AEEC-7F03-C416-C9EEEBDFE1C3"/>
</associations>
</Column>
</columns>
<indexes itemClass="oracle.dbtools.crest.model.design.relational.Index">
<ind_PK_UK id="B39E1A81-8B6B-FB6F-A7B5-1DD4DF3FBAF7" name="Articulo_PK">
<createdBy>jimjo</createdBy>
<createdTime>2025-04-29 16:43:35 UTC</createdTime>
<ownerDesignName>ProyectoFinal</ownerDesignName>
<pk>true</pk>
<indexState>Primary Constraint</indexState>
<isSurrogateKey>false</isSurrogateKey>
<indexColumnUsage>
<colUsage columnID="126D2ED0-2845-575A-5A6B-B31A461563A7"/>
</indexColumnUsage>
</ind_PK_UK>
<ind_PK_UK id="BBF327B5-51F5-04A3-E2F8-B95CA89DC507" name="Clave_Cat_FK">
<createdBy>jimjo</createdBy>
<createdTime>2025-04-29 17:03:40 UTC</createdTime>
<ownerDesignName>ProyectoFinal</ownerDesignName>
<indexState>Foreign Key</indexState>
<isSurrogateKey>false</isSurrogateKey>
<indexColumnUsage>
<colUsage columnID="4E1DAD3D-5DCA-1826-ACCC-8859B17D4DB2"/>
</indexColumnUsage>
</ind_PK_UK>
</indexes>
</Table>