<?xml version = '1.0' encoding = 'UTF-8'?>
<Table class="oracle.dbtools.crest.model.design.relational.Table" directorySegmentName="seg_0" id="29030541-3A0B-9015-7028-EABE5199D704" name="SURCURSAL">
<createdBy>jimjo</createdBy>
<createdTime>2025-04-29 21:28:30 UTC</createdTime>
<ownerDesignName>ProyectoFinal</ownerDesignName>
<ordsAlias>table_10</ordsAlias>
<allowColumnReorder>false</allowColumnReorder>
<existDependencyGenerateInDDl>true</existDependencyGenerateInDDl>
<parsed>true</parsed>
<columns itemClass="oracle.dbtools.crest.model.design.relational.Column">
<Column name="Clave_Suc" id="54305F1D-4918-332A-66AA-11929460E811">
<createdBy>jimjo</createdBy>
<createdTime>2025-04-29 21:30:16 UTC</createdTime>
<ownerDesignName>ProyectoFinal</ownerDesignName>
<useDomainConstraints>false</useDomainConstraints>
<use>1</use>
<logicalDatatype>LOGDT024</logicalDatatype>
<dataTypeSize>20</dataTypeSize>
<ownDataTypeParameters>20,,</ownDataTypeParameters>
<autoIncrementCycle>false</autoIncrementCycle>
</Column>
<Column name="Telefono" id="4543BC31-1E53-A390-DC70-752601681CB3">
<createdBy>jimjo</createdBy>
<createdTime>2025-04-29 21:30:16 UTC</createdTime>
<ownerDesignName>ProyectoFinal</ownerDesignName>
<useDomainConstraints>false</useDomainConstraints>
<use>1</use>
<logicalDatatype>LOGDT019</logicalDatatype>
<dataTypePrecision>12</dataTypePrecision>
<ownDataTypeParameters>,12,</ownDataTypeParameters>
<autoIncrementCycle>false</autoIncrementCycle>
</Column>
<Column name="Año_Fundacion" id="CF90B4E8-B6A0-921E-2B1E-B1B6B995A8F2">
<createdBy>jimjo</createdBy>
<createdTime>2025-04-29 21:30:16 UTC</createdTime>
<ownerDesignName>ProyectoFinal</ownerDesignName>
<useDomainConstraints>false</useDomainConstraints>
<use>1</use>
<logicalDatatype>LOGDT019</logicalDatatype>
<dataTypePrecision>4</dataTypePrecision>
<ownDataTypeParameters>,4,</ownDataTypeParameters>
<autoIncrementCycle>false</autoIncrementCycle>
</Column>
<Column name="DIRECCION_Id_Direccion" id="BFA39F95-39D6-A931-7573-3039E82E5B16">
<createdBy>jimjo</createdBy>
<createdTime>2025-05-12 02:49:54 UTC</createdTime>
<ownerDesignName>ProyectoFinal</ownerDesignName>
<useDomainConstraints>false</useDomainConstraints>
<use>1</use>
<logicalDatatype>LOGDT019</logicalDatatype>
<dataTypePrecision>10</dataTypePrecision>
<ownDataTypeParameters>,,</ownDataTypeParameters>
<previousColumn>false</previousColumn>
<autoIncrementCycle>false</autoIncrementCycle>
<associations>
<colAssociation fkAssociation="E9B234E9-800E-542C-10EC-4A1A51EDC9CF" referredColumn="F8F6CD0B-B74B-5477-9016-81B8F47B6B11"/>
</associations>
</Column>
</columns>
<indexes itemClass="oracle.dbtools.crest.model.design.relational.Index">
<ind_PK_UK id="1BE0D41A-1D04-49F6-4019-1BB00605066D" name="SURCURSAL_PK">
<createdBy>jimjo</createdBy>
<createdTime>2025-04-29 21:30:16 UTC</createdTime>
<ownerDesignName>ProyectoFinal</ownerDesignName>
<pk>true</pk>
<indexState>Primary Constraint</indexState>
<isSurrogateKey>false</isSurrogateKey>
<indexColumnUsage>
<colUsage columnID="54305F1D-4918-332A-66AA-11929460E811"/>
</indexColumnUsage>
</ind_PK_UK>
<ind_PK_UK id="32667F5F-2C1D-8B6E-3D75-C0CC01497C99" name="SURCURSAL_DIRECCION_FK">
<createdBy>jimjo</createdBy>
<createdTime>2025-05-12 02:49:54 UTC</createdTime>
<ownerDesignName>ProyectoFinal</ownerDesignName>
<indexState>Foreign Key</indexState>
<isSurrogateKey>false</isSurrogateKey>
<indexColumnUsage>
<colUsage columnID="BFA39F95-39D6-A931-7573-3039E82E5B16"/>
</indexColumnUsage>
</ind_PK_UK>
</indexes>
</Table>