<?xml version = '1.0' encoding = 'UTF-8'?>
<Table class="oracle.dbtools.crest.model.design.relational.Table" directorySegmentName="seg_0" id="2BE7E8FD-3F7B-F8C2-57E1-FC2E0746A06D" name="EMPLEADO">
<createdBy>jimjo</createdBy>
<createdTime>2025-04-29 20:57:11 UTC</createdTime>
<ownerDesignName>ProyectoFinal</ownerDesignName>
<ordsAlias>table_9</ordsAlias>
<allowColumnReorder>false</allowColumnReorder>
<existDependencyGenerateInDDl>true</existDependencyGenerateInDDl>
<parsed>true</parsed>
<columns itemClass="oracle.dbtools.crest.model.design.relational.Column">
<Column name="Clave_Emp" id="1FC09707-5763-0E1A-2B38-A8371EA65194">
<createdBy>jimjo</createdBy>
<createdTime>2025-04-29 21:00:04 UTC</createdTime>
<ownerDesignName>ProyectoFinal</ownerDesignName>
<useDomainConstraints>false</useDomainConstraints>
<use>1</use>
<logicalDatatype>LOGDT019</logicalDatatype>
<dataTypePrecision>5</dataTypePrecision>
<ownDataTypeParameters>,5,</ownDataTypeParameters>
<autoIncrementCycle>false</autoIncrementCycle>
</Column>
<Column name="RFC_Emp" id="90DE52CC-5A09-256A-3A43-FF88E736C23E">
<createdBy>jimjo</createdBy>
<createdTime>2025-04-29 21:00:04 UTC</createdTime>
<ownerDesignName>ProyectoFinal</ownerDesignName>
<useDomainConstraints>false</useDomainConstraints>
<use>1</use>
<logicalDatatype>LOGDT024</logicalDatatype>
<dataTypeSize>13</dataTypeSize>
<ownDataTypeParameters>13,,</ownDataTypeParameters>
<autoIncrementCycle>false</autoIncrementCycle>
</Column>
<Column name="Fecha_Ing" id="8576189F-6974-DA51-D309-2F0BA7BEB672">
<createdBy>jimjo</createdBy>
<createdTime>2025-04-29 21:00:04 UTC</createdTime>
<ownerDesignName>ProyectoFinal</ownerDesignName>
<useDomainConstraints>false</useDomainConstraints>
<use>1</use>
<logicalDatatype>LOGDT007</logicalDatatype>
<ownDataTypeParameters>,,</ownDataTypeParameters>
<autoIncrementCycle>false</autoIncrementCycle>
</Column>
<Column name="Curp" id="CE50C106-694D-FBFE-3AC2-70109B1B2DBD">
<createdBy>jimjo</createdBy>
<createdTime>2025-04-29 21:00:04 UTC</createdTime>
<ownerDesignName>ProyectoFinal</ownerDesignName>
<useDomainConstraints>false</useDomainConstraints>
<use>1</use>
<logicalDatatype>LOGDT024</logicalDatatype>
<dataTypeSize>18</dataTypeSize>
<ownDataTypeParameters>18,,</ownDataTypeParameters>
<autoIncrementCycle>false</autoIncrementCycle>
</Column>
<Column name="Email_Emp" id="1C00A7FC-BF73-E734-04ED-0A4BD150F35D">
<createdBy>jimjo</createdBy>
<createdTime>2025-04-29 21:00:04 UTC</createdTime>
<ownerDesignName>ProyectoFinal</ownerDesignName>
<useDomainConstraints>false</useDomainConstraints>
<use>1</use>
<logicalDatatype>LOGDT024</logicalDatatype>
<dataTypeSize>70</dataTypeSize>
<ownDataTypeParameters>70,,</ownDataTypeParameters>
<autoIncrementCycle>false</autoIncrementCycle>
</Column>
<Column name="Nombre" id="05EE576F-25D6-D33B-3E47-53C75744FD0E">
<createdBy>jimjo</createdBy>
<createdTime>2025-04-29 21:01:18 UTC</createdTime>
<ownerDesignName>ProyectoFinal</ownerDesignName>
<useDomainConstraints>false</useDomainConstraints>
<use>1</use>
<logicalDatatype>LOGDT024</logicalDatatype>
<dataTypeSize>50</dataTypeSize>
<ownDataTypeParameters>50,,</ownDataTypeParameters>
<autoIncrementCycle>false</autoIncrementCycle>
</Column>
<Column name="Ap_Paterno" id="2E3DF94C-1A45-ED8B-1464-B0AA312C036B">
<createdBy>jimjo</createdBy>
<createdTime>2025-04-29 21:01:18 UTC</createdTime>
<ownerDesignName>ProyectoFinal</ownerDesignName>
<useDomainConstraints>false</useDomainConstraints>
<use>1</use>
<logicalDatatype>LOGDT024</logicalDatatype>
<dataTypeSize>50</dataTypeSize>
<ownDataTypeParameters>50,,</ownDataTypeParameters>
<autoIncrementCycle>false</autoIncrementCycle>
</Column>
<Column name="Ap_Mat" id="4E8C76F9-AC5F-A835-DB11-2C34FFA2ACA4">
<createdBy>jimjo</createdBy>
<createdTime>2025-04-29 21:01:18 UTC</createdTime>
<ownerDesignName>ProyectoFinal</ownerDesignName>
<useDomainConstraints>false</useDomainConstraints>
<use>1</use>
<logicalDatatype>LOGDT024</logicalDatatype>
<dataTypeSize>50</dataTypeSize>
<ownDataTypeParameters>50,,</ownDataTypeParameters>
<autoIncrementCycle>false</autoIncrementCycle>
</Column>
<Column name="EMPLEADO_Clave_Emp" id="070CA12F-F86E-48D8-8D1B-0DF62B746AE1">
<createdBy>jimjo</createdBy>
<createdTime>2025-04-29 21:19:41 UTC</createdTime>
<ownerDesignName>ProyectoFinal</ownerDesignName>
<nullsAllowed>true</nullsAllowed>
<useDomainConstraints>false</useDomainConstraints>
<use>1</use>
<logicalDatatype>LOGDT019</logicalDatatype>
<dataTypePrecision>5</dataTypePrecision>
<ownDataTypeParameters>,,</ownDataTypeParameters>
<previousColumn>false</previousColumn>
<autoIncrementCycle>false</autoIncrementCycle>
<associations>
<colAssociation fkAssociation="016AED17-9663-AEC9-9431-9F05D6D9970B" referredColumn="1FC09707-5763-0E1A-2B38-A8371EA65194"/>
</associations>
</Column>
<Column name="SURCURSAL_Clave_Suc" id="CEC156D6-FAC4-23D6-92CB-BA6B80273C46">
<createdBy>jimjo</createdBy>
<createdTime>2025-04-29 21:30:22 UTC</createdTime>
<ownerDesignName>ProyectoFinal</ownerDesignName>
<useDomainConstraints>false</useDomainConstraints>
<use>1</use>
<logicalDatatype>LOGDT024</logicalDatatype>
<dataTypeSize>20</dataTypeSize>
<ownDataTypeParameters>,,</ownDataTypeParameters>
<previousColumn>false</previousColumn>
<autoIncrementCycle>false</autoIncrementCycle>
<associations>
<colAssociation fkAssociation="E4C2B7EC-12CA-DAE2-723C-9AF59222F84D" referredColumn="54305F1D-4918-332A-66AA-11929460E811"/>
</associations>
</Column>
<Column name="Tipo" id="0370471F-95B4-F3AF-E53A-AA01D598CEC6">
<createdBy>jimjo</createdBy>
<createdTime>2025-04-29 21:35:26 UTC</createdTime>
<ownerDesignName>ProyectoFinal</ownerDesignName>
<useDomainConstraints>false</useDomainConstraints>
<use>1</use>
<logicalDatatype>LOGDT024</logicalDatatype>
<dataTypeSize>15</dataTypeSize>
<ownDataTypeParameters>15,,</ownDataTypeParameters>
<autoIncrementCycle>false</autoIncrementCycle>
</Column>
<Column name="DIRECCION_Id_Direccion" id="F70AAE1A-FD0F-FA86-E73C-E7BE0BAEC909">
<createdBy>jimjo</createdBy>
<createdTime>2025-05-09 16:11:40 UTC</createdTime>
<ownerDesignName>ProyectoFinal</ownerDesignName>
<useDomainConstraints>false</useDomainConstraints>
<use>1</use>
<logicalDatatype>LOGDT019</logicalDatatype>
<dataTypePrecision>10</dataTypePrecision>
<ownDataTypeParameters>,,</ownDataTypeParameters>
<previousColumn>false</previousColumn>
<autoIncrementCycle>false</autoIncrementCycle>
<associations>
<colAssociation fkAssociation="491A2634-E103-F3FF-E202-03FA6529820B" referredColumn="F8F6CD0B-B74B-5477-9016-81B8F47B6B11"/>
</associations>
</Column>
<Column name="Contraseña" id="4C2C2A1F-29B3-2C72-817E-C649C8DC91CB">
<createdBy>jimjo</createdBy>
<createdTime>2025-05-12 23:45:49 UTC</createdTime>
<ownerDesignName>ProyectoFinal</ownerDesignName>
<nullsAllowed>true</nullsAllowed>
<useDomainConstraints>false</useDomainConstraints>
<use>1</use>
<logicalDatatype>LOGDT040</logicalDatatype>
<ownDataTypeParameters>,,</ownDataTypeParameters>
<autoIncrementCycle>false</autoIncrementCycle>
</Column>
</columns>
<indexes itemClass="oracle.dbtools.crest.model.design.relational.Index">
<ind_PK_UK id="A3218874-9FE6-77D8-B0B7-DDEFBE68AFDD" name="EMPLEADO_PK">
<createdBy>jimjo</createdBy>
<createdTime>2025-04-29 21:00:04 UTC</createdTime>
<ownerDesignName>ProyectoFinal</ownerDesignName>
<pk>true</pk>
<indexState>Primary Constraint</indexState>
<isSurrogateKey>false</isSurrogateKey>
<indexColumnUsage>
<colUsage columnID="1FC09707-5763-0E1A-2B38-A8371EA65194"/>
</indexColumnUsage>
</ind_PK_UK>
<ind_PK_UK id="585FB7B1-0052-BA20-0AC2-D79007D8CDFE" name="EMPLEADO_EMPLEADO_FK">
<createdBy>jimjo</createdBy>
<createdTime>2025-04-29 21:19:41 UTC</createdTime>
<ownerDesignName>ProyectoFinal</ownerDesignName>
<indexState>Foreign Key</indexState>
<isSurrogateKey>false</isSurrogateKey>
<indexColumnUsage>
<colUsage columnID="070CA12F-F86E-48D8-8D1B-0DF62B746AE1"/>
</indexColumnUsage>
</ind_PK_UK>
<ind_PK_UK id="D4A36C7A-15FB-ECC3-ECCB-E6C7C2E8298B" name="EMPLEADO_SURCURSAL_FK">
<createdBy>jimjo</createdBy>
<createdTime>2025-04-29 21:30:22 UTC</createdTime>
<ownerDesignName>ProyectoFinal</ownerDesignName>
<indexState>Foreign Key</indexState>
<isSurrogateKey>false</isSurrogateKey>
<indexColumnUsage>
<colUsage columnID="CEC156D6-FAC4-23D6-92CB-BA6B80273C46"/>
</indexColumnUsage>
</ind_PK_UK>
<ind_PK_UK id="74E64D3A-F98B-D9DB-8B8A-015276C4D14E" name="EMPLEADO_DIRECCION_FK">
<createdBy>jimjo</createdBy>
<createdTime>2025-05-09 16:11:40 UTC</createdTime>
<ownerDesignName>ProyectoFinal</ownerDesignName>
<indexState>Foreign Key</indexState>
<isSurrogateKey>false</isSurrogateKey>
<indexColumnUsage>
<colUsage columnID="F70AAE1A-FD0F-FA86-E73C-E7BE0BAEC909"/>
</indexColumnUsage>
</ind_PK_UK>
</indexes>
</Table>