<?xml version = '1.0' encoding = 'UTF-8'?>
<Table class="oracle.dbtools.crest.model.design.relational.Table" directorySegmentName="seg_0" id="304522E6-1C24-C9F2-D7B8-25347707506E" name="Articulo_Provedor">
<createdBy>jimjo</createdBy>
<createdTime>2025-05-06 17:23:46 UTC</createdTime>
<ownerDesignName>ProyectoFinal</ownerDesignName>
<ordsAlias>table_11</ordsAlias>
<allowColumnReorder>false</allowColumnReorder>
<existDependencyGenerateInDDl>true</existDependencyGenerateInDDl>
<parsed>true</parsed>
<columns itemClass="oracle.dbtools.crest.model.design.relational.Column">
<Column name="ARTICULO_Cod_Barras" id="4A3F5C20-FA38-EE63-F5ED-B7D979EAE544">
<createdBy>jimjo</createdBy>
<createdTime>2025-05-06 17:24:25 UTC</createdTime>
<ownerDesignName>ProyectoFinal</ownerDesignName>
<useDomainConstraints>false</useDomainConstraints>
<use>1</use>
<logicalDatatype>LOGDT024</logicalDatatype>
<dataTypeSize>20</dataTypeSize>
<ownDataTypeParameters>20,,</ownDataTypeParameters>
<previousColumn>false</previousColumn>
<autoIncrementCycle>false</autoIncrementCycle>
<associations>
<colAssociation fkAssociation="D0ED8421-F2C2-EE12-DC99-6A9259BF7D9B" referredColumn="126D2ED0-2845-575A-5A6B-B31A461563A7"/>
</associations>
</Column>
<Column name="PROVEDOR_RFC_Prov" id="0F3CAF57-2C58-E095-6B84-019FDB06DBE7">
<createdBy>jimjo</createdBy>
<createdTime>2025-05-06 17:24:44 UTC</createdTime>
<ownerDesignName>ProyectoFinal</ownerDesignName>
<useDomainConstraints>false</useDomainConstraints>
<use>1</use>
<logicalDatatype>LOGDT024</logicalDatatype>
<dataTypeSize>13</dataTypeSize>
<ownDataTypeParameters>13,,</ownDataTypeParameters>
<previousColumn>false</previousColumn>
<autoIncrementCycle>false</autoIncrementCycle>
<associations>
<colAssociation fkAssociation="A36F13AD-98EE-6F13-0C58-60D17D6705D1" referredColumn="A31C7F54-DAA8-111F-9BE0-7290ED01AED9"/>
</associations>
</Column>
<Column name="F_inicio_Surtido" id="4A452FF5-31A4-BD0B-DAAA-B7DFBAC8EDEA">
<createdBy>jimjo</createdBy>
<createdTime>2025-05-06 17:26:35 UTC</createdTime>
<ownerDesignName>ProyectoFinal</ownerDesignName>
<useDomainConstraints>false</useDomainConstraints>
<use>1</use>
<logicalDatatype>LOGDT007</logicalDatatype>
<ownDataTypeParameters>,,</ownDataTypeParameters>
<autoIncrementCycle>false</autoIncrementCycle>
</Column>
</columns>
<indexes itemClass="oracle.dbtools.crest.model.design.relational.Index">
<ind_PK_UK id="8BC87C26-2949-472A-79ED-117ECFC41525" name="Articulo_Provedor_PK">
<createdBy>jimjo</createdBy>
<createdTime>2025-05-06 17:26:35 UTC</createdTime>
<ownerDesignName>ProyectoFinal</ownerDesignName>
<pk>true</pk>
<indexState>Primary Constraint</indexState>
<isSurrogateKey>false</isSurrogateKey>
<indexColumnUsage>
<colUsage columnID="4A3F5C20-FA38-EE63-F5ED-B7D979EAE544"/>
<colUsage columnID="0F3CAF57-2C58-E095-6B84-019FDB06DBE7"/>
</indexColumnUsage>
</ind_PK_UK>
<ind_PK_UK id="90286B92-C48F-0373-B1A2-F78122105FB7" name="Provedor_ARTICULO_FK">
<createdBy>jimjo</createdBy>
<createdTime>2025-05-06 17:24:25 UTC</createdTime>
<ownerDesignName>ProyectoFinal</ownerDesignName>
<indexState>Foreign Key</indexState>
<isSurrogateKey>false</isSurrogateKey>
<indexColumnUsage>
<colUsage columnID="4A3F5C20-FA38-EE63-F5ED-B7D979EAE544"/>
</indexColumnUsage>
</ind_PK_UK>
<ind_PK_UK id="BA45A13D-D77C-FBF5-5698-5E0E57B507F8" name="Provedor_PROVEDOR_FK">
<createdBy>jimjo</createdBy>
<createdTime>2025-05-06 17:24:44 UTC</createdTime>
<ownerDesignName>ProyectoFinal</ownerDesignName>
<indexState>Foreign Key</indexState>
<isSurrogateKey>false</isSurrogateKey>
<indexColumnUsage>
<colUsage columnID="0F3CAF57-2C58-E095-6B84-019FDB06DBE7"/>
</indexColumnUsage>
</ind_PK_UK>
</indexes>
</Table>