<?xml version = '1.0' encoding = 'UTF-8'?>
<Table class="oracle.dbtools.crest.model.design.relational.Table" directorySegmentName="seg_0" id="3736F8AA-BCB9-D4FA-4A6B-4518C6621C05" name="DIRECCION">
<createdBy>jimjo</createdBy>
<createdTime>2025-05-08 13:51:37 UTC</createdTime>
<ownerDesignName>ProyectoFinal</ownerDesignName>
<ordsAlias>table_6</ordsAlias>
<allowColumnReorder>false</allowColumnReorder>
<existDependencyGenerateInDDl>true</existDependencyGenerateInDDl>
<parsed>true</parsed>
<columns itemClass="oracle.dbtools.crest.model.design.relational.Column">
<Column name="Colonia" id="1745EE0D-8452-835E-FEA7-DA7640F63EC3">
<createdBy>jimjo</createdBy>
<createdTime>2025-05-08 13:51:37 UTC</createdTime>
<ownerDesignName>ProyectoFinal</ownerDesignName>
<useDomainConstraints>false</useDomainConstraints>
<use>1</use>
<logicalDatatype>LOGDT024</logicalDatatype>
<dataTypeSize>50</dataTypeSize>
<ownDataTypeParameters>50,,</ownDataTypeParameters>
<autoIncrementCycle>false</autoIncrementCycle>
</Column>
<Column name="Calle" id="10D45B43-76DF-FB70-2DFB-3D4D5A35AC30">
<createdBy>jimjo</createdBy>
<createdTime>2025-05-08 13:51:37 UTC</createdTime>
<ownerDesignName>ProyectoFinal</ownerDesignName>
<useDomainConstraints>false</useDomainConstraints>
<use>1</use>
<logicalDatatype>LOGDT024</logicalDatatype>
<dataTypeSize>50</dataTypeSize>
<ownDataTypeParameters>50,,</ownDataTypeParameters>
<autoIncrementCycle>false</autoIncrementCycle>
</Column>
<Column name="Numero" id="436C163A-8A4B-6A3C-E7A9-1558ED77B4FA">
<createdBy>jimjo</createdBy>
<createdTime>2025-05-08 13:51:37 UTC</createdTime>
<ownerDesignName>ProyectoFinal</ownerDesignName>
<useDomainConstraints>false</useDomainConstraints>
<use>1</use>
<logicalDatatype>LOGDT019</logicalDatatype>
<dataTypePrecision>3</dataTypePrecision>
<ownDataTypeParameters>,3,</ownDataTypeParameters>
<autoIncrementCycle>false</autoIncrementCycle>
</Column>
<Column name="Id_Direccion" id="F8F6CD0B-B74B-5477-9016-81B8F47B6B11">
<createdBy>jimjo</createdBy>
<createdTime>2025-05-09 16:11:05 UTC</createdTime>
<ownerDesignName>ProyectoFinal</ownerDesignName>
<useDomainConstraints>false</useDomainConstraints>
<use>1</use>
<logicalDatatype>LOGDT019</logicalDatatype>
<dataTypePrecision>10</dataTypePrecision>
<ownDataTypeParameters>,10,</ownDataTypeParameters>
<autoIncrementCycle>false</autoIncrementCycle>
</Column>
<Column name="COD_P_Cod_Postal" id="3D600EED-0ACC-535D-8225-F4ADC75A3F76">
<createdBy>jimjo</createdBy>
<createdTime>2025-05-09 16:14:47 UTC</createdTime>
<ownerDesignName>ProyectoFinal</ownerDesignName>
<useDomainConstraints>false</useDomainConstraints>
<use>1</use>
<logicalDatatype>LOGDT019</logicalDatatype>
<dataTypePrecision>5</dataTypePrecision>
<ownDataTypeParameters>,,</ownDataTypeParameters>
<previousColumn>false</previousColumn>
<autoIncrementCycle>false</autoIncrementCycle>
<associations>
<colAssociation fkAssociation="36EE3014-BFD2-3F8D-0F8A-5C54294E9A9E" referredColumn="D2680544-6072-39D4-B6C3-92E881D92F9B"/>
</associations>
</Column>
</columns>
<indexes itemClass="oracle.dbtools.crest.model.design.relational.Index">
<ind_PK_UK id="EB58E632-4DE2-C1F1-725C-1AF157A08B35" name="DIRECCIONv1_PK">
<createdBy>jimjo</createdBy>
<createdTime>2025-05-08 13:51:37 UTC</createdTime>
<ownerDesignName>ProyectoFinal</ownerDesignName>
<pk>true</pk>
<indexState>Primary Constraint</indexState>
<isSurrogateKey>false</isSurrogateKey>
<indexColumnUsage>
<colUsage columnID="F8F6CD0B-B74B-5477-9016-81B8F47B6B11"/>
</indexColumnUsage>
</ind_PK_UK>
<ind_PK_UK id="25FE63DD-B482-932D-31F0-689D3732F795" name="DIRECCION_COD_P_FK">
<createdBy>jimjo</createdBy>
<createdTime>2025-05-09 16:14:47 UTC</createdTime>
<ownerDesignName>ProyectoFinal</ownerDesignName>
<indexState>Foreign Key</indexState>
<isSurrogateKey>false</isSurrogateKey>
<indexColumnUsage>
<colUsage columnID="3D600EED-0ACC-535D-8225-F4ADC75A3F76"/>
</indexColumnUsage>
</ind_PK_UK>
</indexes>
</Table>