<?xml version = '1.0' encoding = 'UTF-8'?>
<Table class="oracle.dbtools.crest.model.design.relational.Table" directorySegmentName="seg_0" id="46F118DE-08A2-D42E-58B4-0E882C462EE7" name="VENTA_EMPLEADO">
<createdBy>jimjo</createdBy>
<createdTime>2025-04-29 20:56:34 UTC</createdTime>
<ownerDesignName>ProyectoFinal</ownerDesignName>
<ordsAlias>table_8</ordsAlias>
<allowColumnReorder>false</allowColumnReorder>
<existDependencyGenerateInDDl>true</existDependencyGenerateInDDl>
<parsed>true</parsed>
<columns itemClass="oracle.dbtools.crest.model.design.relational.Column">
<Column name="VENTA_Folio" id="C320F327-95C8-07D9-1AAE-F4453C40CCDD">
<createdBy>jimjo</createdBy>
<createdTime>2025-04-29 21:02:10 UTC</createdTime>
<ownerDesignName>ProyectoFinal</ownerDesignName>
<useDomainConstraints>false</useDomainConstraints>
<use>1</use>
<logicalDatatype>LOGDT024</logicalDatatype>
<dataTypeSize>20</dataTypeSize>
<ownDataTypeParameters>,,</ownDataTypeParameters>
<previousColumn>false</previousColumn>
<autoIncrementCycle>false</autoIncrementCycle>
<associations>
<colAssociation fkAssociation="1ED7997F-D1F0-F0DF-A537-B1EE2E4D896C" referredColumn="936FA82E-5C9B-6948-5883-06DBB8910527"/>
</associations>
</Column>
<Column name="EMPLEADO_Clave_Emp" id="30F88547-6EE6-2CD4-5B36-17925D27B1A2">
<createdBy>jimjo</createdBy>
<createdTime>2025-04-29 21:02:16 UTC</createdTime>
<ownerDesignName>ProyectoFinal</ownerDesignName>
<useDomainConstraints>false</useDomainConstraints>
<use>1</use>
<logicalDatatype>LOGDT019</logicalDatatype>
<dataTypePrecision>5</dataTypePrecision>
<ownDataTypeParameters>,,</ownDataTypeParameters>
<previousColumn>false</previousColumn>
<autoIncrementCycle>false</autoIncrementCycle>
<associations>
<colAssociation fkAssociation="7727549B-BAC5-3E90-0F7C-DB5749712777" referredColumn="1FC09707-5763-0E1A-2B38-A8371EA65194"/>
</associations>
</Column>
<Column name="Concretar_Venta" id="A61E792E-2FC5-292C-BE7E-37E12C206979">
<createdBy>jimjo</createdBy>
<createdTime>2025-05-16 01:49:18 UTC</createdTime>
<ownerDesignName>ProyectoFinal</ownerDesignName>
<useDomainConstraints>false</useDomainConstraints>
<use>1</use>
<logicalDatatype>LOGDT019</logicalDatatype>
<dataTypePrecision>5</dataTypePrecision>
<ownDataTypeParameters>,5,</ownDataTypeParameters>
<autoIncrementCycle>false</autoIncrementCycle>
</Column>
</columns>
<indexes itemClass="oracle.dbtools.crest.model.design.relational.Index">
<ind_PK_UK id="88E4BBB3-0EF1-67C8-5C14-E439169D2BA3" name="VENTA_EMPLEADO_PK">
<createdBy>jimjo</createdBy>
<createdTime>2025-04-29 21:02:46 UTC</createdTime>
<ownerDesignName>ProyectoFinal</ownerDesignName>
<pk>true</pk>
<indexState>Primary Constraint</indexState>
<isSurrogateKey>false</isSurrogateKey>
<indexColumnUsage>
<colUsage columnID="C320F327-95C8-07D9-1AAE-F4453C40CCDD"/>
<colUsage columnID="30F88547-6EE6-2CD4-5B36-17925D27B1A2"/>
</indexColumnUsage>
</ind_PK_UK>
<ind_PK_UK id="04CF1D3D-46F8-89E1-0D24-C08F47AE4B17" name="VENTA_EMPLEADO_VENTA_FK">
<createdBy>jimjo</createdBy>
<createdTime>2025-04-29 21:02:10 UTC</createdTime>
<ownerDesignName>ProyectoFinal</ownerDesignName>
<indexState>Foreign Key</indexState>
<isSurrogateKey>false</isSurrogateKey>
<indexColumnUsage>
<colUsage columnID="C320F327-95C8-07D9-1AAE-F4453C40CCDD"/>
</indexColumnUsage>
</ind_PK_UK>
<ind_PK_UK id="5A1ECD05-1351-2507-DFFF-576A96C2B4E5" name="VENTA_EMPLEADO_EMPLEADO_FK">
<createdBy>jimjo</createdBy>
<createdTime>2025-04-29 21:02:16 UTC</createdTime>
<ownerDesignName>ProyectoFinal</ownerDesignName>
<indexState>Foreign Key</indexState>
<isSurrogateKey>false</isSurrogateKey>
<indexColumnUsage>
<colUsage columnID="30F88547-6EE6-2CD4-5B36-17925D27B1A2"/>
</indexColumnUsage>
</ind_PK_UK>
</indexes>
</Table>