<?xml version = '1.0' encoding = 'UTF-8'?>
<Table class="oracle.dbtools.crest.model.design.relational.Table" directorySegmentName="seg_0" id="5394A7C7-6DAD-50D3-4AE1-127809CF1021" name="CLIENTE">
<createdBy>jimjo</createdBy>
<createdTime>2025-04-29 20:48:51 UTC</createdTime>
<ownerDesignName>ProyectoFinal</ownerDesignName>
<ordsAlias>table_7</ordsAlias>
<allowColumnReorder>false</allowColumnReorder>
<existDependencyGenerateInDDl>true</existDependencyGenerateInDDl>
<parsed>true</parsed>
<columns itemClass="oracle.dbtools.crest.model.design.relational.Column">
<Column name="RFC_Client" id="67F3FEE1-BFB1-0660-9F53-6BAD8C43A2C8">
<createdBy>jimjo</createdBy>
<createdTime>2025-04-29 20:52:22 UTC</createdTime>
<ownerDesignName>ProyectoFinal</ownerDesignName>
<useDomainConstraints>false</useDomainConstraints>
<use>1</use>
<logicalDatatype>LOGDT024</logicalDatatype>
<dataTypeSize>13</dataTypeSize>
<ownDataTypeParameters>13,,</ownDataTypeParameters>
<autoIncrementCycle>false</autoIncrementCycle>
</Column>
<Column name="Razon_Social" id="6DDBC5F2-4D99-B7E9-32F1-D2F08D947851">
<createdBy>jimjo</createdBy>
<createdTime>2025-04-29 20:52:22 UTC</createdTime>
<ownerDesignName>ProyectoFinal</ownerDesignName>
<nullsAllowed>true</nullsAllowed>
<useDomainConstraints>false</useDomainConstraints>
<use>1</use>
<logicalDatatype>LOGDT024</logicalDatatype>
<dataTypeSize>150</dataTypeSize>
<ownDataTypeParameters>150,,</ownDataTypeParameters>
<autoIncrementCycle>false</autoIncrementCycle>
</Column>
<Column name="Nombre" id="808CBD24-34B0-F004-BF42-65CEB930D065">
<createdBy>jimjo</createdBy>
<createdTime>2025-04-29 20:52:22 UTC</createdTime>
<ownerDesignName>ProyectoFinal</ownerDesignName>
<nullsAllowed>true</nullsAllowed>
<useDomainConstraints>false</useDomainConstraints>
<use>1</use>
<logicalDatatype>LOGDT024</logicalDatatype>
<dataTypeSize>50</dataTypeSize>
<ownDataTypeParameters>50,,</ownDataTypeParameters>
<autoIncrementCycle>false</autoIncrementCycle>
</Column>
<Column name="Ap_Paterno" id="62F4CA47-4484-FA48-BD46-F4FDADECCE66">
<createdBy>jimjo</createdBy>
<createdTime>2025-04-29 20:52:22 UTC</createdTime>
<ownerDesignName>ProyectoFinal</ownerDesignName>
<nullsAllowed>true</nullsAllowed>
<useDomainConstraints>false</useDomainConstraints>
<use>1</use>
<logicalDatatype>LOGDT024</logicalDatatype>
<dataTypeSize>50</dataTypeSize>
<ownDataTypeParameters>50,,</ownDataTypeParameters>
<autoIncrementCycle>false</autoIncrementCycle>
</Column>
<Column name="Ap_Materno" id="D560EDF3-204A-CB33-1DE4-5E5D2D977FD6">
<createdBy>jimjo</createdBy>
<createdTime>2025-04-29 20:52:22 UTC</createdTime>
<ownerDesignName>ProyectoFinal</ownerDesignName>
<nullsAllowed>true</nullsAllowed>
<useDomainConstraints>false</useDomainConstraints>
<use>1</use>
<logicalDatatype>LOGDT024</logicalDatatype>
<dataTypeSize>50</dataTypeSize>
<ownDataTypeParameters>50,,</ownDataTypeParameters>
<autoIncrementCycle>false</autoIncrementCycle>
</Column>
<Column name="Telefono" id="300A9989-1365-B7C0-7015-7E42E8932AA3">
<createdBy>jimjo</createdBy>
<createdTime>2025-04-29 20:52:22 UTC</createdTime>
<ownerDesignName>ProyectoFinal</ownerDesignName>
<nullsAllowed>true</nullsAllowed>
<useDomainConstraints>false</useDomainConstraints>
<use>1</use>
<logicalDatatype>LOGDT019</logicalDatatype>
<dataTypePrecision>12</dataTypePrecision>
<ownDataTypeParameters>,12,</ownDataTypeParameters>
<autoIncrementCycle>false</autoIncrementCycle>
</Column>
<Column name="Email" id="CB07DE71-D03D-8F94-BA07-63A623A48FDB">
<createdBy>jimjo</createdBy>
<createdTime>2025-04-29 20:52:22 UTC</createdTime>
<ownerDesignName>ProyectoFinal</ownerDesignName>
<nullsAllowed>true</nullsAllowed>
<useDomainConstraints>false</useDomainConstraints>
<use>1</use>
<logicalDatatype>LOGDT024</logicalDatatype>
<dataTypeSize>70</dataTypeSize>
<ownDataTypeParameters>70,,</ownDataTypeParameters>
<autoIncrementCycle>false</autoIncrementCycle>
</Column>
<Column name="DIRECCION_Id_Direccion" id="F9EED42E-ECDC-281F-CA20-83367C4B7E7C">
<createdBy>jimjo</createdBy>
<createdTime>2025-05-09 16:11:10 UTC</createdTime>
<ownerDesignName>ProyectoFinal</ownerDesignName>
<useDomainConstraints>false</useDomainConstraints>
<use>1</use>
<logicalDatatype>LOGDT019</logicalDatatype>
<dataTypePrecision>10</dataTypePrecision>
<ownDataTypeParameters>,,</ownDataTypeParameters>
<previousColumn>false</previousColumn>
<autoIncrementCycle>false</autoIncrementCycle>
<associations>
<colAssociation fkAssociation="34954856-9C3C-C5DA-4045-8A86D2232E80" referredColumn="F8F6CD0B-B74B-5477-9016-81B8F47B6B11"/>
</associations>
</Column>
</columns>
<indexes itemClass="oracle.dbtools.crest.model.design.relational.Index">
<ind_PK_UK id="063CA3B1-AFD0-0685-8D3A-D5B1A4FE0FF3" name="CLIENTE_PK">
<createdBy>jimjo</createdBy>
<createdTime>2025-04-29 20:52:22 UTC</createdTime>
<ownerDesignName>ProyectoFinal</ownerDesignName>
<pk>true</pk>
<indexState>Primary Constraint</indexState>
<isSurrogateKey>false</isSurrogateKey>
<indexColumnUsage>
<colUsage columnID="67F3FEE1-BFB1-0660-9F53-6BAD8C43A2C8"/>
</indexColumnUsage>
</ind_PK_UK>
<ind_PK_UK id="F0F2716D-88C6-55CE-F1C9-A8B485921F68" name="CLIENTE_DIRECCION_FK">
<createdBy>jimjo</createdBy>
<createdTime>2025-05-09 16:11:10 UTC</createdTime>
<ownerDesignName>ProyectoFinal</ownerDesignName>
<indexState>Foreign Key</indexState>
<isSurrogateKey>false</isSurrogateKey>
<indexColumnUsage>
<colUsage columnID="F9EED42E-ECDC-281F-CA20-83367C4B7E7C"/>
</indexColumnUsage>
</ind_PK_UK>
</indexes>
</Table>