<?xml version = '1.0' encoding = 'UTF-8'?>
<Table class="oracle.dbtools.crest.model.design.relational.Table" directorySegmentName="seg_0" id="75B480E4-B32E-1908-0998-7D2E598A0F6D" name="COD_P">
<createdBy>jimjo</createdBy>
<createdTime>2025-05-09 16:12:22 UTC</createdTime>
<ownerDesignName>ProyectoFinal</ownerDesignName>
<ordsAlias>table_15</ordsAlias>
<allowColumnReorder>false</allowColumnReorder>
<existDependencyGenerateInDDl>true</existDependencyGenerateInDDl>
<parsed>true</parsed>
<columns itemClass="oracle.dbtools.crest.model.design.relational.Column">
<Column name="Estado" id="A015989B-2DDB-92FC-EB24-BB3E3FA79815">
<createdBy>jimjo</createdBy>
<createdTime>2025-05-09 16:13:35 UTC</createdTime>
<ownerDesignName>ProyectoFinal</ownerDesignName>
<useDomainConstraints>false</useDomainConstraints>
<use>1</use>
<logicalDatatype>LOGDT024</logicalDatatype>
<dataTypeSize>50</dataTypeSize>
<ownDataTypeParameters>50,,</ownDataTypeParameters>
<autoIncrementCycle>false</autoIncrementCycle>
</Column>
<Column name="Cod_Postal" id="D2680544-6072-39D4-B6C3-92E881D92F9B">
<createdBy>jimjo</createdBy>
<createdTime>2025-05-09 16:14:43 UTC</createdTime>
<ownerDesignName>ProyectoFinal</ownerDesignName>
<useDomainConstraints>false</useDomainConstraints>
<use>1</use>
<logicalDatatype>LOGDT019</logicalDatatype>
<dataTypePrecision>5</dataTypePrecision>
<ownDataTypeParameters>,5,</ownDataTypeParameters>
<autoIncrementCycle>false</autoIncrementCycle>
</Column>
</columns>
<indexes itemClass="oracle.dbtools.crest.model.design.relational.Index">
<ind_PK_UK id="E3D3DD56-8A5B-831B-8391-57FFA88A6D11" name="COD_P_PK">
<createdBy>jimjo</createdBy>
<createdTime>2025-05-09 16:14:43 UTC</createdTime>
<ownerDesignName>ProyectoFinal</ownerDesignName>
<pk>true</pk>
<indexState>Primary Constraint</indexState>
<isSurrogateKey>false</isSurrogateKey>
<indexColumnUsage>
<colUsage columnID="D2680544-6072-39D4-B6C3-92E881D92F9B"/>
</indexColumnUsage>
</ind_PK_UK>
</indexes>
</Table>