<?xml version = '1.0' encoding = 'UTF-8'?>
<Table class="oracle.dbtools.crest.model.design.relational.Table" directorySegmentName="seg_0" id="89F69C3A-7AF4-FACB-4C76-7914F82FCFA8" name="ARTICULO_VENTA">
<createdBy>jimjo</createdBy>
<createdTime>2025-04-29 20:29:34 UTC</createdTime>
<ownerDesignName>ProyectoFinal</ownerDesignName>
<ordsAlias>table_5</ordsAlias>
<allowColumnReorder>false</allowColumnReorder>
<existDependencyGenerateInDDl>true</existDependencyGenerateInDDl>
<parsed>true</parsed>
<columns itemClass="oracle.dbtools.crest.model.design.relational.Column">
<Column name="ARTICULO_Cod_Barras" id="C48CCF8D-B044-77FA-F74D-03E18BDBEF7C">
<createdBy>jimjo</createdBy>
<createdTime>2025-04-29 20:29:56 UTC</createdTime>
<ownerDesignName>ProyectoFinal</ownerDesignName>
<useDomainConstraints>false</useDomainConstraints>
<use>1</use>
<logicalDatatype>LOGDT024</logicalDatatype>
<dataTypeSize>20</dataTypeSize>
<ownDataTypeParameters>,,</ownDataTypeParameters>
<previousColumn>false</previousColumn>
<autoIncrementCycle>false</autoIncrementCycle>
<associations>
<colAssociation fkAssociation="0B39CEAD-2A1A-83E7-D927-20105D23B97D" referredColumn="126D2ED0-2845-575A-5A6B-B31A461563A7"/>
</associations>
</Column>
<Column name="VENTA_Folio" id="619BC791-DC91-03DB-FDA8-2D970BDE461E">
<createdBy>jimjo</createdBy>
<createdTime>2025-04-29 20:30:48 UTC</createdTime>
<ownerDesignName>ProyectoFinal</ownerDesignName>
<useDomainConstraints>false</useDomainConstraints>
<use>1</use>
<logicalDatatype>LOGDT024</logicalDatatype>
<dataTypeSize>20</dataTypeSize>
<ownDataTypeParameters>,,</ownDataTypeParameters>
<previousColumn>false</previousColumn>
<autoIncrementCycle>false</autoIncrementCycle>
<associations>
<colAssociation fkAssociation="6D819DC3-A707-5A29-0173-6395544505C8" referredColumn="936FA82E-5C9B-6948-5883-06DBB8910527"/>
</associations>
</Column>
<Column name="n_Cantidad" id="BA16BDF7-1B29-A681-F06E-B9E66B1CA84B">
<createdBy>jimjo</createdBy>
<createdTime>2025-05-19 14:30:14 UTC</createdTime>
<ownerDesignName>ProyectoFinal</ownerDesignName>
<nullsAllowed>true</nullsAllowed>
<useDomainConstraints>false</useDomainConstraints>
<use>1</use>
<logicalDatatype>LOGDT019</logicalDatatype>
<dataTypePrecision>6</dataTypePrecision>
<ownDataTypeParameters>,6,</ownDataTypeParameters>
<autoIncrementCycle>false</autoIncrementCycle>
</Column>
</columns>
<indexes itemClass="oracle.dbtools.crest.model.design.relational.Index">
<ind_PK_UK id="8B9CF816-CA68-017E-34DC-C05B60DA6BE1" name="TIENE_PK">
<createdBy>jimjo</createdBy>
<createdTime>2025-04-29 20:30:58 UTC</createdTime>
<ownerDesignName>ProyectoFinal</ownerDesignName>
<pk>true</pk>
<indexState>Primary Constraint</indexState>
<isSurrogateKey>false</isSurrogateKey>
<indexColumnUsage>
<colUsage columnID="619BC791-DC91-03DB-FDA8-2D970BDE461E"/>
<colUsage columnID="C48CCF8D-B044-77FA-F74D-03E18BDBEF7C"/>
</indexColumnUsage>
</ind_PK_UK>
<ind_PK_UK id="35B3D384-21EE-7A44-0DF5-774B3E157AC6" name="TIENE_ARTICULO_FK">
<createdBy>jimjo</createdBy>
<createdTime>2025-04-29 20:29:56 UTC</createdTime>
<ownerDesignName>ProyectoFinal</ownerDesignName>
<indexState>Foreign Key</indexState>
<isSurrogateKey>false</isSurrogateKey>
<indexColumnUsage>
<colUsage columnID="C48CCF8D-B044-77FA-F74D-03E18BDBEF7C"/>
</indexColumnUsage>
</ind_PK_UK>
<ind_PK_UK id="EC2BE805-19CE-05B8-3F62-0694D631EF7A" name="TIENE_VENTA_FK">
<createdBy>jimjo</createdBy>
<createdTime>2025-04-29 20:30:48 UTC</createdTime>
<ownerDesignName>ProyectoFinal</ownerDesignName>
<indexState>Foreign Key</indexState>
<isSurrogateKey>false</isSurrogateKey>
<indexColumnUsage>
<colUsage columnID="619BC791-DC91-03DB-FDA8-2D970BDE461E"/>
</indexColumnUsage>
</ind_PK_UK>
</indexes>
</Table>