<?xml version = '1.0' encoding = 'UTF-8'?>
<Table class="oracle.dbtools.crest.model.design.relational.Table" directorySegmentName="seg_0" id="9DD1860F-49C6-1ACF-D99B-D0417E25CAD5" name="VENTA">
<createdBy>jimjo</createdBy>
<createdTime>2025-04-29 16:43:54 UTC</createdTime>
<ownerDesignName>ProyectoFinal</ownerDesignName>
<ordsAlias>table_3</ordsAlias>
<allowColumnReorder>false</allowColumnReorder>
<existDependencyGenerateInDDl>true</existDependencyGenerateInDDl>
<parsed>true</parsed>
<columns itemClass="oracle.dbtools.crest.model.design.relational.Column">
<Column name="Fecha" id="45C554EE-0740-B514-2FF6-81D75B91FC22">
<createdBy>jimjo</createdBy>
<createdTime>2025-04-29 16:44:52 UTC</createdTime>
<ownerDesignName>ProyectoFinal</ownerDesignName>
<useDomainConstraints>false</useDomainConstraints>
<use>1</use>
<logicalDatatype>LOGDT007</logicalDatatype>
<ownDataTypeParameters>,,</ownDataTypeParameters>
<autoIncrementCycle>false</autoIncrementCycle>
</Column>
<Column name="Folio" id="936FA82E-5C9B-6948-5883-06DBB8910527">
<createdBy>jimjo</createdBy>
<createdTime>2025-04-29 16:45:34 UTC</createdTime>
<ownerDesignName>ProyectoFinal</ownerDesignName>
<useDomainConstraints>false</useDomainConstraints>
<use>1</use>
<logicalDatatype>LOGDT024</logicalDatatype>
<dataTypeSize>20</dataTypeSize>
<ownDataTypeParameters>20,,</ownDataTypeParameters>
<autoIncrementCycle>false</autoIncrementCycle>
</Column>
<Column name="Monto_Total" id="C8E98A4A-CA25-7472-8262-12B2F2F6817B">
<createdBy>jimjo</createdBy>
<createdTime>2025-04-29 16:46:35 UTC</createdTime>
<ownerDesignName>ProyectoFinal</ownerDesignName>
<useDomainConstraints>false</useDomainConstraints>
<use>1</use>
<logicalDatatype>LOGDT019</logicalDatatype>
<dataTypePrecision>8</dataTypePrecision>
<dataTypeScale>2</dataTypeScale>
<ownDataTypeParameters>,8,2</ownDataTypeParameters>
<autoIncrementCycle>false</autoIncrementCycle>
</Column>
<Column name="Cant_TotalArt" id="3DACE9DC-8E3F-4279-3FCA-01F472D77978">
<createdBy>jimjo</createdBy>
<createdTime>2025-04-29 16:47:26 UTC</createdTime>
<ownerDesignName>ProyectoFinal</ownerDesignName>
<useDomainConstraints>false</useDomainConstraints>
<use>1</use>
<logicalDatatype>LOGDT019</logicalDatatype>
<dataTypePrecision>6</dataTypePrecision>
<ownDataTypeParameters>,6,</ownDataTypeParameters>
<autoIncrementCycle>false</autoIncrementCycle>
</Column>
<Column name="CLIENTE_RFC_Client" id="2646030F-C162-14CB-EB00-572B29C75A26">
<createdBy>jimjo</createdBy>
<createdTime>2025-04-29 20:53:33 UTC</createdTime>
<ownerDesignName>ProyectoFinal</ownerDesignName>
<useDomainConstraints>false</useDomainConstraints>
<use>1</use>
<logicalDatatype>LOGDT024</logicalDatatype>
<dataTypeSize>13</dataTypeSize>
<ownDataTypeParameters>,,</ownDataTypeParameters>
<previousColumn>false</previousColumn>
<autoIncrementCycle>false</autoIncrementCycle>
<associations>
<colAssociation fkAssociation="25916912-BDC0-FB6E-86BC-7BCFDB93000F" referredColumn="67F3FEE1-BFB1-0660-9F53-6BAD8C43A2C8"/>
</associations>
</Column>
<Column name="v_folio_facturacion" id="12E516F3-8AAA-F408-7BD4-CA7D8769AF6D">
<createdBy>jimjo</createdBy>
<createdTime>2025-05-19 14:35:40 UTC</createdTime>
<ownerDesignName>ProyectoFinal</ownerDesignName>
<nullsAllowed>true</nullsAllowed>
<useDomainConstraints>false</useDomainConstraints>
<use>1</use>
<logicalDatatype>LOGDT024</logicalDatatype>
<dataTypeSize>20</dataTypeSize>
<ownDataTypeParameters>20,,</ownDataTypeParameters>
<autoIncrementCycle>false</autoIncrementCycle>
</Column>
</columns>
<indexes itemClass="oracle.dbtools.crest.model.design.relational.Index">
<ind_PK_UK id="5910C349-F666-0407-9E49-6D9603F8D3BE" name="VENTA_PK">
<createdBy>jimjo</createdBy>
<createdTime>2025-04-29 16:45:34 UTC</createdTime>
<ownerDesignName>ProyectoFinal</ownerDesignName>
<pk>true</pk>
<indexState>Primary Constraint</indexState>
<isSurrogateKey>false</isSurrogateKey>
<indexColumnUsage>
<colUsage columnID="936FA82E-5C9B-6948-5883-06DBB8910527"/>
</indexColumnUsage>
</ind_PK_UK>
<ind_PK_UK id="A7BF4B4E-8EC8-71BD-E3A0-56829C8B3C0D" name="VENTA_CLIENTE_FK">
<createdBy>jimjo</createdBy>
<createdTime>2025-04-29 20:53:33 UTC</createdTime>
<ownerDesignName>ProyectoFinal</ownerDesignName>
<indexState>Foreign Key</indexState>
<isSurrogateKey>false</isSurrogateKey>
<indexColumnUsage>
<colUsage columnID="2646030F-C162-14CB-EB00-572B29C75A26"/>
</indexColumnUsage>
</ind_PK_UK>
</indexes>
</Table>