<?xml version = '1.0' encoding = 'UTF-8'?>
<Table class="oracle.dbtools.crest.model.design.relational.Table" directorySegmentName="seg_0" id="B3207EA5-F329-FD7C-B610-03B122C2A94C" name="Telefonos">
<createdBy>jimjo</createdBy>
<createdTime>2025-05-08 13:46:12 UTC</createdTime>
<ownerDesignName>ProyectoFinal</ownerDesignName>
<ordsAlias>table_12</ordsAlias>
<allowColumnReorder>false</allowColumnReorder>
<existDependencyGenerateInDDl>true</existDependencyGenerateInDDl>
<parsed>true</parsed>
<columns itemClass="oracle.dbtools.crest.model.design.relational.Column">
<Column name="Num_Tel" id="19C62FFB-BB6A-759C-4B2B-832569AFD188">
<createdBy>jimjo</createdBy>
<createdTime>2025-05-08 13:48:33 UTC</createdTime>
<ownerDesignName>ProyectoFinal</ownerDesignName>
<useDomainConstraints>false</useDomainConstraints>
<use>1</use>
<logicalDatatype>LOGDT019</logicalDatatype>
<dataTypePrecision>12</dataTypePrecision>
<ownDataTypeParameters>,12,</ownDataTypeParameters>
<autoIncrementCycle>false</autoIncrementCycle>
</Column>
<Column name="EMPLEADO_Clave_Emp" id="6100D58B-D27A-1F5B-133A-417AB26B45C9">
<createdBy>jimjo</createdBy>
<createdTime>2025-05-08 13:48:51 UTC</createdTime>
<ownerDesignName>ProyectoFinal</ownerDesignName>
<useDomainConstraints>false</useDomainConstraints>
<use>1</use>
<logicalDatatype>LOGDT019</logicalDatatype>
<dataTypePrecision>5</dataTypePrecision>
<ownDataTypeParameters>,,</ownDataTypeParameters>
<previousColumn>false</previousColumn>
<autoIncrementCycle>false</autoIncrementCycle>
<associations>
<colAssociation fkAssociation="EE85A494-DA1D-8615-AD7E-8C6F804F198F" referredColumn="1FC09707-5763-0E1A-2B38-A8371EA65194"/>
</associations>
</Column>
</columns>
<indexes itemClass="oracle.dbtools.crest.model.design.relational.Index">
<ind_PK_UK id="80451B71-C58A-ED86-729B-745A5D57309C" name="Telefonos_PK">
<createdBy>jimjo</createdBy>
<createdTime>2025-05-08 13:48:33 UTC</createdTime>
<ownerDesignName>ProyectoFinal</ownerDesignName>
<pk>true</pk>
<indexState>Primary Constraint</indexState>
<isSurrogateKey>false</isSurrogateKey>
<indexColumnUsage>
<colUsage columnID="19C62FFB-BB6A-759C-4B2B-832569AFD188"/>
<colUsage columnID="6100D58B-D27A-1F5B-133A-417AB26B45C9"/>
</indexColumnUsage>
</ind_PK_UK>
<ind_PK_UK id="1C33B922-8757-5049-5A27-8B151F491FEC" name="Telefonos_EMPLEADO_FK">
<createdBy>jimjo</createdBy>
<createdTime>2025-05-08 13:48:51 UTC</createdTime>
<ownerDesignName>ProyectoFinal</ownerDesignName>
<indexState>Foreign Key</indexState>
<isSurrogateKey>false</isSurrogateKey>
<indexColumnUsage>
<colUsage columnID="6100D58B-D27A-1F5B-133A-417AB26B45C9"/>
</indexColumnUsage>
</ind_PK_UK>
</indexes>
</Table>