<?xml version = '1.0' encoding = 'UTF-8'?>
<Table class="oracle.dbtools.crest.model.design.relational.Table" directorySegmentName="seg_0" id="C602B7E0-33DF-CBE4-FED8-DF4CE1555A45" name="PROVEDOR">
<createdBy>jimjo</createdBy>
<createdTime>2025-04-29 20:17:54 UTC</createdTime>
<ownerDesignName>ProyectoFinal</ownerDesignName>
<ordsAlias>table_4</ordsAlias>
<allowColumnReorder>false</allowColumnReorder>
<existDependencyGenerateInDDl>true</existDependencyGenerateInDDl>
<parsed>true</parsed>
<columns itemClass="oracle.dbtools.crest.model.design.relational.Column">
<Column name="RFC_Prov" id="A31C7F54-DAA8-111F-9BE0-7290ED01AED9">
<createdBy>jimjo</createdBy>
<createdTime>2025-04-29 20:27:32 UTC</createdTime>
<ownerDesignName>ProyectoFinal</ownerDesignName>
<useDomainConstraints>false</useDomainConstraints>
<use>1</use>
<logicalDatatype>LOGDT024</logicalDatatype>
<dataTypeSize>13</dataTypeSize>
<ownDataTypeParameters>13,,</ownDataTypeParameters>
<autoIncrementCycle>false</autoIncrementCycle>
</Column>
<Column name="Razon_SocialPv" id="273C3F30-B3CB-46C3-75A8-94E85D6EFC5C">
<createdBy>jimjo</createdBy>
<createdTime>2025-04-29 20:27:32 UTC</createdTime>
<ownerDesignName>ProyectoFinal</ownerDesignName>
<useDomainConstraints>false</useDomainConstraints>
<use>1</use>
<logicalDatatype>LOGDT024</logicalDatatype>
<dataTypeSize>150</dataTypeSize>
<ownDataTypeParameters>150,,</ownDataTypeParameters>
<autoIncrementCycle>false</autoIncrementCycle>
</Column>
<Column name="Telefono_Prov" id="3BF8EC81-A0B1-139C-CB7A-AE10A6421E11">
<createdBy>jimjo</createdBy>
<createdTime>2025-04-29 20:27:32 UTC</createdTime>
<ownerDesignName>ProyectoFinal</ownerDesignName>
<useDomainConstraints>false</useDomainConstraints>
<use>1</use>
<logicalDatatype>LOGDT019</logicalDatatype>
<dataTypePrecision>12</dataTypePrecision>
<ownDataTypeParameters>,12,</ownDataTypeParameters>
<autoIncrementCycle>false</autoIncrementCycle>
</Column>
<Column name="Cuenta_Pago" id="C067639D-6DE8-9792-05E4-F19E8C4A8CC6">
<createdBy>jimjo</createdBy>
<createdTime>2025-04-29 20:27:32 UTC</createdTime>
<ownerDesignName>ProyectoFinal</ownerDesignName>
<useDomainConstraints>false</useDomainConstraints>
<use>1</use>
<logicalDatatype>LOGDT019</logicalDatatype>
<dataTypePrecision>10</dataTypePrecision>
<ownDataTypeParameters>,10,</ownDataTypeParameters>
<autoIncrementCycle>false</autoIncrementCycle>
</Column>
<Column name="DIRECCION_Id_Direccion" id="47621FA8-8259-6B76-7B19-483404DBEC06">
<createdBy>jimjo</createdBy>
<createdTime>2025-05-09 16:11:35 UTC</createdTime>
<ownerDesignName>ProyectoFinal</ownerDesignName>
<useDomainConstraints>false</useDomainConstraints>
<use>1</use>
<logicalDatatype>LOGDT019</logicalDatatype>
<dataTypePrecision>10</dataTypePrecision>
<ownDataTypeParameters>,,</ownDataTypeParameters>
<previousColumn>false</previousColumn>
<autoIncrementCycle>false</autoIncrementCycle>
<associations>
<colAssociation fkAssociation="59ED203E-04F6-7959-0B31-D1B0903C8A32" referredColumn="F8F6CD0B-B74B-5477-9016-81B8F47B6B11"/>
</associations>
</Column>
</columns>
<indexes itemClass="oracle.dbtools.crest.model.design.relational.Index">
<ind_PK_UK id="A28D0975-0B58-1B02-17DF-6941CEC9E49F" name="PROVEDOR_PK">
<createdBy>jimjo</createdBy>
<createdTime>2025-04-29 20:27:32 UTC</createdTime>
<ownerDesignName>ProyectoFinal</ownerDesignName>
<pk>true</pk>
<indexState>Primary Constraint</indexState>
<isSurrogateKey>false</isSurrogateKey>
<indexColumnUsage>
<colUsage columnID="A31C7F54-DAA8-111F-9BE0-7290ED01AED9"/>
</indexColumnUsage>
</ind_PK_UK>
<ind_PK_UK id="8725AEBF-866C-C49C-8AA5-F4B84F865025" name="PROVEDOR_DIRECCION_FK">
<createdBy>jimjo</createdBy>
<createdTime>2025-05-09 16:11:35 UTC</createdTime>
<ownerDesignName>ProyectoFinal</ownerDesignName>
<indexState>Foreign Key</indexState>
<isSurrogateKey>false</isSurrogateKey>
<indexColumnUsage>
<colUsage columnID="47621FA8-8259-6B76-7B19-483404DBEC06"/>
</indexColumnUsage>
</ind_PK_UK>
</indexes>
</Table>