--PARA MARCA DE PRODUCTO (CLARO QUE ESTO NO PERMITE PONER NUEVAS MARCAS)
ALTER TABLE PRODUCTO
ADD CONSTRAINT CH_MARCA
CHECK ( MARCA IN( 'AZOR',
                'BARRILITO',
                'CRAYOLA',
                'FANTASY',
                'IDEAL',
                'MAPED',
                'NORMA',
                'PELIKAN',
                'POLITEC',
                'PRISMACOLOR',
                'RESISTOL',
                'SCRIBE',
                'STABILO',
                'ZEBRA'));
                
--AÑADIR CHECK A VENTA PARA QUE SOLO SE PUEDAN INSERTAR LLAVES CON INICIO "VENT-"
ALTER TABLE VENTA ADD CONSTRAINT CH_NOVENTA CHECK (NOVENTA LIKE 'VENT-%');

--INSERCION DE DATOS A LAS TABLAS               
    --PRODUCTO
INSERT INTO PRODUCTO VALUES (10000000,'IMPRESION','08-07-1021',0.2,NULL,'B/N',0.5,100000);
INSERT INTO PRODUCTO VALUES (20000000,'IMPRESION','08-07-1021',2.5,NULL,'COLOR',5,100000);

INSERT INTO PRODUCTO VALUES (31000000,'RECARGA','08-07-1021',0.7,'TELCEL',NULL,1,100000);
INSERT INTO PRODUCTO VALUES (32000000,'RECARGA','08-07-1021',0.7,'MOVISTAR',NULL,1,100000);
INSERT INTO PRODUCTO VALUES (33000000,'RECARGA','08-07-1021',0.7,'AT&T',NULL,1,100000);

INSERT INTO PRODUCTO VALUES (55363467,'BOLIGRAFO','08-07-2021',10.9,'AZOR','NEGRO',16.5,0);
INSERT INTO PRODUCTO VALUES (14442988,'BOLIGRAFO','08-07-2021',10.9,'AZOR','ROJO',16.5,0);
INSERT INTO PRODUCTO VALUES (56957154,'BOLIGRAFO','08-07-2021',10.9,'AZOR','AZUL',16.5,0);
INSERT INTO PRODUCTO VALUES (60554372,'MARCADOR DE TEXTOS','08-07-2021',19.9,'AZOR','AMARILLO',21.9,0);
INSERT INTO PRODUCTO VALUES (19027769,'MARCADOR DE TEXTOS','08-07-2021',19.9,'AZOR','ROSA',21.9,0);
INSERT INTO PRODUCTO VALUES (93869183,'MARCADOR DE TEXTOS','08-07-2021',19.9,'AZOR','AZUL',21.9,0);

INSERT INTO PRODUCTO VALUES (52490509,'GOMA','08-07-2021',1.7,'BARRILITO',NULL,3.4,0);
INSERT INTO PRODUCTO VALUES (41850950,'SACAPUNTAS','08-07-2021',1.7,'BARRILITO',NULL,3.4,0);
INSERT INTO PRODUCTO VALUES (39439405,'LAPIZ','08-07-2021',1.2,'BARRILITO',NULL,2.3,0);
INSERT INTO PRODUCTO VALUES (56129923,'TIJERAS','08-07-2021',17,'BARRILITO',NULL,31,0);
INSERT INTO PRODUCTO VALUES (14516731,'REGLA','08-07-2021',7,'BARRILITO','RIGIDA',10,0);

INSERT INTO PRODUCTO VALUES (91811477,'CRAYONES DE COLORES','08-07-2021',95,'CRAYOLA','12 COLORES',27,0);
INSERT INTO PRODUCTO VALUES (15678987,'CRAYONES DE COLORES','08-07-2021',35,'CRAYOLA','24 COLORES',43,0);
INSERT INTO PRODUCTO VALUES (39191356,'CRAYONES TWISTABLES','08-07-2021',60,'CRAYOLA','12 COLORES',73,0);
INSERT INTO PRODUCTO VALUES (89605019,'CRAYONES TWISTABLES','08-07-2021',222,'CRAYOLA','36 COLORES',240.1,0);
INSERT INTO PRODUCTO VALUES (68024990,'LAPICES DE COLORES','08-07-2021',20,'CRAYOLA','4 COLORES',31.9,0);
INSERT INTO PRODUCTO VALUES (30273739,'LAPICES DE COLORES','08-07-2021',80,'CRAYOLA','12 COLORES',87.9,0);
INSERT INTO PRODUCTO VALUES (70812364,'LAPICES DE COLORES','08-07-2021',124.5,'CRAYOLA','24 COLORES',148,0);
INSERT INTO PRODUCTO VALUES (34251115,'LAPICES DE COLORES','08-07-2021',180.9,'CRAYOLA','32 COLORES',227,0);
INSERT INTO PRODUCTO VALUES (20612213,'LAPICES DE COLORES','08-07-2021',700,'CRAYOLA','72 COLORES',1000,0);
INSERT INTO PRODUCTO VALUES (48960375,'PINTURA DE COLOR ACRILICA','08-07-2021',4,'CRAYOLA','BLANCA',7,0);
INSERT INTO PRODUCTO VALUES (42321768,'PINTURA DE COLOR ACRILICA','08-07-2021',4,'CRAYOLA','NEGRA',7,0);
INSERT INTO PRODUCTO VALUES (27186512,'PINTURA DE COLOR ACRILICA','08-07-2021',4,'CRAYOLA','AZUL',7,0);
INSERT INTO PRODUCTO VALUES (55339320,'PINTURA DE COLOR ACRILICA','08-07-2021',4,'CRAYOLA','VERDE',7,0);
INSERT INTO PRODUCTO VALUES (66203192,'PINTURA DE COLOR ACRILICA','08-07-2021',4,'CRAYOLA','AMARILLA',7,0);
INSERT INTO PRODUCTO VALUES (26234672,'PINTURA DE COLOR ACRILICA','08-07-2021',4,'CRAYOLA','ROJA',7,0);
INSERT INTO PRODUCTO VALUES (36038241,'PINTURA DE COLOR ACRILICA','08-07-2021',4,'CRAYOLA','MORADA',7,0);
INSERT INTO PRODUCTO VALUES (38726686,'PINTURA DE COLOR ACRILICA','08-07-2021',4,'CRAYOLA','NARANJA',7,0);
INSERT INTO PRODUCTO VALUES (12715898,'PINTURA DE COLOR ACRILICA','08-07-2021',4,'CRAYOLA','ROSA',7,0);

INSERT INTO PRODUCTO VALUES (17495317,'CRAYONES DE COLORES','08-07-2021',150,'FANTASY','12 COLORES',170,0);
INSERT INTO PRODUCTO VALUES (19588650,'LAPICES DE COLORES','08-07-2021',20,'FANTASY','4 COLORES',32.9,0);
INSERT INTO PRODUCTO VALUES (32384355,'LAPICES DE COLORES','08-07-2021',80,'FANTASY','12 COLORES',92.9,0);
INSERT INTO PRODUCTO VALUES (72718464,'LAPICES DE COLORES','08-07-2021',130,'FANTASY','24 COLORES',155,0);
INSERT INTO PRODUCTO VALUES (74631980,'LAPICES DE COLORES','08-07-2021',199.9,'FANTASY','32 COLORES',240,0);

INSERT INTO PRODUCTO VALUES (18499087,'FORRO PROFESIONAL','08-07-2021',45,'IDEAL','CUADERNO',49,0);
INSERT INTO PRODUCTO VALUES (16726183,'FORRO PROFESIONAL','08-07-2021',56.8,'IDEAL','LIBRO',61.9,0);

INSERT INTO PRODUCTO VALUES (75137034,'REGLA','08-07-2021',11,'MAPED','FLEXIBLE',15.5,0);
INSERT INTO PRODUCTO VALUES (97349465,'REGLA','08-07-2021',9.8,'MAPED','METALICA',12.5,0);
INSERT INTO PRODUCTO VALUES (53784425,'GOMA','08-07-2021',14.3,'MAPED',NULL,17.5,0);
INSERT INTO PRODUCTO VALUES (56568512,'TIJERAS','08-07-2021',17,'MAPED',NULL,19.5,0);
INSERT INTO PRODUCTO VALUES (19979178,'TIJERAS','08-07-2021',17,'MAPED','PARA ZURDO',19.5,0);
INSERT INTO PRODUCTO VALUES (68388259,'SACAPUNTAS','08-07-2021',1.3,'MAPED',NULL,2.5,0);
INSERT INTO PRODUCTO VALUES (71661969,'SACAPUNTAS','08-07-2021',30,'MAPED','ESPECIAL',31.5,0);
INSERT INTO PRODUCTO VALUES (38854350,'LAPIZ','08-07-2021',0.5,'MAPED',NULL,1.5, 0);
INSERT INTO PRODUCTO VALUES (45198764,'BOLIGRAFO','08-07-2021',9.9,'MAPED','NEGRO',11.3,0);
INSERT INTO PRODUCTO VALUES (93306631,'BOLIGRAFO','08-07-2021',9.9,'MAPED','ROJO',11.3,0);
INSERT INTO PRODUCTO VALUES (46824840,'BOLIGRAFO','08-07-2021',9.9,'MAPED','AZUL',11.3,0);
INSERT INTO PRODUCTO VALUES (73627997,'BOLIGRAFO','08-07-2021',9.9,'MAPED','VERDE',11.3,0);
INSERT INTO PRODUCTO VALUES (84530553,'JUEGO DE GEOMETRIA','08-07-2021',22.5,'MAPED','FLEXIBLE',42,0);
INSERT INTO PRODUCTO VALUES (78036212,'PLUMONES DE COLORES','08-07-2021',47.9,'MAPED','10 COLORES',58.9,0);
INSERT INTO PRODUCTO VALUES (21786894,'PLUMONES DE COLORES','08-07-2021',27.9,'MAPED','4 COLORES',38.9,0);
INSERT INTO PRODUCTO VALUES (28645299,'LAPICES DE COLORES','08-07-2021',88.9,'MAPED','12 COLORES',91,0);
INSERT INTO PRODUCTO VALUES (20588385,'LAPICES DE COLORES','08-07-2021',150,'MAPED','36 COLORES',177,0);


INSERT INTO PRODUCTO VALUES (53566319,'CUADERNO DE 100 HOJAS','08-07-2021',29,'NORMA','CUADRICULA',32, 0);
INSERT INTO PRODUCTO VALUES (78584509,'CUADERNO DE 100 HOJAS','08-07-2021',29,'NORMA','RAYADO',32,0);
INSERT INTO PRODUCTO VALUES (87140099,'CUADERNO DE 100 HOJAS','08-07-2021',29,'NORMA','BLANCO',32,0);
INSERT INTO PRODUCTO VALUES (83013729,'LAPIZ','08-07-2021',0.5,'NORMA',NULL,2.5,0);
INSERT INTO PRODUCTO VALUES (60156671,'LIBRETA','08-07-2021',44.5,'NORMA',NULL,86,0);
INSERT INTO PRODUCTO VALUES (57613681,'LAPICES DE COLORES','08-07-2021',80,'NORMA','12 COLORES',90.9,0);
INSERT INTO PRODUCTO VALUES (18096034,'LAPICES DE COLORES','08-07-2021',120,'NORMA','24 COLORES',189.5,0);
INSERT INTO PRODUCTO VALUES (19584407,'PLUMONES DE COLORES','08-07-2021',79.9,'NORMA','10 COLORES',103,0);

INSERT INTO PRODUCTO VALUES (67493765,'GOMA', '08-07-2021',2,'PELIKAN',NULL,3,0);
INSERT INTO PRODUCTO VALUES (23486012,'TIJERAS', '08-07-2021',8,'PELIKAN',NULL,15,0);
INSERT INTO PRODUCTO VALUES (48739963,'SACAPUNTAS', '08-07-2021',1.3,'PELIKAN',NULL,3.5,0);
INSERT INTO PRODUCTO VALUES (47211438,'LAPICES DE COLORES','08-07-2021',60,'PELIKAN','12 COLORES',86,0);
INSERT INTO PRODUCTO VALUES (29865773,'LAPICES DE COLORES','08-07-2021',80,'PELIKAN','24 COLORES',110,0);
INSERT INTO PRODUCTO VALUES (49837655,'JUEGO DE GEOMETRIA','08-07-2021',80,'PELIKAN','FLEXIBLE',88,0);
INSERT INTO PRODUCTO VALUES (73823316,'REGLA', '08-07-2021',20,'PELIKAN','FLEXIBLE',27.5,0);
INSERT INTO PRODUCTO VALUES (86735878,'PLUMONES DE COLORES','08-07-2021',2,'PELIKAN','10 COLORES',3,0);

INSERT INTO PRODUCTO VALUES (76488392,'PINTURA DE COLOR ACRILICA','08-07-2021',4,'POLITEC','BLANCA',9,0);
INSERT INTO PRODUCTO VALUES (27361964,'PINTURA DE COLOR ACRILICA','08-07-2021',4,'POLITEC','NEGRA',9,0);
INSERT INTO PRODUCTO VALUES (80012632,'PINTURA DE COLOR ACRILICA','08-07-2021',4,'POLITEC','AZUL',9,0);
INSERT INTO PRODUCTO VALUES (44263904,'PINTURA DE COLOR ACRILICA','08-07-2021',4,'POLITEC','VERDE',9,0);
INSERT INTO PRODUCTO VALUES (50127078,'PINTURA DE COLOR ACRILICA','08-07-2021',4,'POLITEC','AMARILLA',9,0);
INSERT INTO PRODUCTO VALUES (37285900,'PINTURA DE COLOR ACRILICA','08-07-2021',4,'POLITEC','ROJA',9,0);
INSERT INTO PRODUCTO VALUES (33894611,'PINTURA DE COLOR ACRILICA','08-07-2021',4,'POLITEC','MORADA',9,0);
INSERT INTO PRODUCTO VALUES (44156980,'PINTURA DE COLOR ACRILICA','08-07-2021',4,'POLITEC','NARANJA',9,0);
INSERT INTO PRODUCTO VALUES (28002369,'PINTURA DE COLOR ACRILICA','08-07-2021',4,'POLITEC','ROSA',9,0);

INSERT INTO PRODUCTO VALUES (29869903,'LAPICES DE COLORES','08-07-2021',80,'PRISMACOLOR','12 COLORES',107,0);
INSERT INTO PRODUCTO VALUES (49800327,'LAPICES DE COLORES','08-07-2021',100,'PRISMACOLOR','24 COLORES',196,0);
INSERT INTO PRODUCTO VALUES (10004863,'LAPICES DE COLORES','08-07-2021',200,'PRISMACOLOR','32 COLORES',370,0);
INSERT INTO PRODUCTO VALUES (57038756,'LAPICES DE COLORES','08-07-2021',350,'PRISMACOLOR','48 COLORES',953,0);

INSERT INTO PRODUCTO VALUES (48630078,'PEGAMENTO BLANCO','08-07-2021',48,'RESISTOL','225G',52,0);

INSERT INTO PRODUCTO VALUES (47638900,'CUADERNO DE 100 HOJAS','08-07-2021',30,'SCRIBE','CUADRICULA',34, 0);
INSERT INTO PRODUCTO VALUES (57497665,'CUADERNO DE 100 HOJAS','08-07-2021',30,'SCRIBE','RAYADO',34,0);
INSERT INTO PRODUCTO VALUES (34760022,'CUADERNO DE 100 HOJAS','08-07-2021',30,'SCRIBE','BLANCO',34,0);
INSERT INTO PRODUCTO VALUES (10999741,'CUADERNO DE 200 HOJAS','08-07-2021',45,'SCRIBE','CUADRICULA',60,0);
INSERT INTO PRODUCTO VALUES (90439866,'CUADERNO DE 200 HOJAS','08-07-2021',45,'SCRIBE','RAYADO',60, 0);
INSERT INTO PRODUCTO VALUES (47630076,'CARPETA','08-07-2021',70,'SCRIBE',NULL,130, 0);
INSERT INTO PRODUCTO VALUES (83386011,'LIBRETA','08-07-2021',20,'SCRIBE',NULL,36, 0);
INSERT INTO PRODUCTO VALUES (67997663,'HOJAS BLANCAS','08-07-2021',40,'SCRIBE','100 HOJAS',150, 0);
INSERT INTO PRODUCTO VALUES (34609982,'HOJAS DE COLORES','08-07-2021',50,'SCRIBE','100 HOJAS',180, 0);

INSERT INTO PRODUCTO VALUES (74082847,'PLUMONES DE COLORES','08-07-2021',807,'STABILO','30 COLORES',900,0);
INSERT INTO PRODUCTO VALUES (10986344,'PLUMONES DE COLORES','08-07-2021',599,'STABILO','20 COLORES',650,0);
INSERT INTO PRODUCTO VALUES (17552881,'PLUMONES DE COLORES','08-07-2021',370,'STABILO','18 COLORES',430,0);
INSERT INTO PRODUCTO VALUES (37564420,'PLUMONES DE COLORES','08-07-2021',220,'STABILO','10 COLORES',270,0);

INSERT INTO PRODUCTO VALUES (12386600,'BOLIGRAFO','08-07-2021',29,'ZEBRA','NEGRO',31,0);


--PROVEEDOR
INSERT INTO PROVEEDOR VALUES (349813,'DAVID','REYES','AVILA','LOMAS','BAÑOS',70239,21,'CDMX');
INSERT INTO PROVEEDOR VALUES (499821,'SMITTY','WERBEN','MANJENSEN','RIP','CEMENTERIO',70249,2,'FONDO DE BIKINI');
INSERT INTO PROVEEDOR VALUES (347610,'PETER','PARKER','','QUEENS','FOREST HILLS',89239,3,'NEW YORK');
INSERT INTO PROVEEDOR VALUES (238654,'JESUS','SALAZAR','DOMINGUEZ','JAIBA','SINESQUINAS',70539,10,'VERACRUZ');
INSERT INTO PROVEEDOR VALUES (129476,'ROLANDO','ROSAS','HERNANDEZ','LOMAS','PANTI',70239,1,'CDMX');
INSERT INTO PROVEEDOR VALUES (575302,'MIGUEL','BAZAN','SILVA','TULUM','FRESAS',70299,55,'QUINTANA ROO');
INSERT INTO PROVEEDOR VALUES (608473,'DIN','DJARIN','','MANDALORE','GROGU',10239,6,'MANDALORE');
INSERT INTO PROVEEDOR VALUES (703873,'JORGE','MANZANARES','PEÑA','LABORIO','MEZCAL',58259,9,'OAXACA');
INSERT INTO PROVEEDOR VALUES (307463,'JOTARO','KUJO','','STAND','PLATINUM',05239,31,'TOHOKU');
INSERT INTO PROVEEDOR VALUES (407262,'ASH','KETCHUM','','RUTA 1','PALETA',07239,51,'KANTO');
INSERT INTO PROVEEDOR VALUES (900274,'BRUCE','WAYNE','','CRIME','WAYNE MANSION',81289,1,'GOTHAM');
INSERT INTO PROVEEDOR VALUES (473621,'CLINT','EASTWOOD','','OESTE','PEBBLE BEACH',76235,2,'CALIFORNIA');
INSERT INTO PROVEEDOR VALUES (893026,'EMILIO','SANTOS','CRUZ','TORRES','SANTO TOMAS',46233,24,'DURANGO');
INSERT INTO PROVEEDOR VALUES (102743,'FELIPE','CALDERON','HINOJOSA','DELINCUENCIA','LAS AGUILAS',70631,206,'CDMX');

--BRINDA
--FALTAN LOS DEMAS PRODUCTOS Y PROVEEDORES
--VER COMO HACERLE PARA QUE NO SIEMPRE TOME EL PRIMER STOCK DE INCLUYE
INSERT INTO BRINDA VALUES (349813,55363467,12);
UPDATE PRODUCTO SET STOCK = (SELECT STOCK FROM  PRODUCTO WHERE CODIGOBARRAS = 55363467) + (SELECT CANTIDADDADA FROM BRINDA WHERE CODIGOBARRAS = 55363467) WHERE CODIGOBARRAS = 55363467 AND RAZONSOCIAL = 349813;
INSERT INTO BRINDA VALUES (349813,14442988,13);
UPDATE PRODUCTO SET STOCK = (SELECT STOCK FROM  PRODUCTO WHERE CODIGOBARRAS = 14442988) + (SELECT CANTIDADDADA FROM BRINDA WHERE CODIGOBARRAS = 14442988) WHERE CODIGOBARRAS = 14442988 AND RAZONSOCIAL = 349813;
INSERT INTO BRINDA VALUES (349813,56957154,3);
UPDATE PRODUCTO SET STOCK = (SELECT STOCK FROM  PRODUCTO WHERE CODIGOBARRAS = 56957154) + (SELECT CANTIDADDADA FROM BRINDA WHERE CODIGOBARRAS = 56957154) WHERE CODIGOBARRAS = 56957154 AND RAZONSOCIAL = 349813;
INSERT INTO BRINDA VALUES (349813,60554372,2);
UPDATE PRODUCTO SET STOCK = (SELECT STOCK FROM  PRODUCTO WHERE CODIGOBARRAS = 60554372) + (SELECT CANTIDADDADA FROM BRINDA WHERE CODIGOBARRAS = 60554372) WHERE CODIGOBARRAS = 60554372 AND RAZONSOCIAL = 349813;
INSERT INTO BRINDA VALUES (349813,19027769,4);
UPDATE PRODUCTO SET STOCK = (SELECT STOCK FROM  PRODUCTO WHERE CODIGOBARRAS = 19027769) + (SELECT CANTIDADDADA FROM BRINDA WHERE CODIGOBARRAS = 19027769) WHERE CODIGOBARRAS = 19027769 AND RAZONSOCIAL = 349813;
INSERT INTO BRINDA VALUES (349813,93869183,1);
UPDATE PRODUCTO SET STOCK = (SELECT STOCK FROM  PRODUCTO WHERE CODIGOBARRAS = 93869183) + (SELECT CANTIDADDADA FROM BRINDA WHERE CODIGOBARRAS = 93869183) WHERE CODIGOBARRAS = 93869183 AND RAZONSOCIAL = 349813;

INSERT INTO BRINDA VALUES (499821,52490509,180);
UPDATE PRODUCTO SET STOCK = (SELECT STOCK FROM  PRODUCTO WHERE CODIGOBARRAS = 52490509) + (SELECT CANTIDADDADA FROM BRINDA WHERE CODIGOBARRAS = 52490509) WHERE CODIGOBARRAS = 52490509 AND RAZONSOCIAL = 499821;
INSERT INTO BRINDA VALUES (499821,41850950,100);
UPDATE PRODUCTO SET STOCK = (SELECT STOCK FROM  PRODUCTO WHERE CODIGOBARRAS = 41850950) + (SELECT CANTIDADDADA FROM BRINDA WHERE CODIGOBARRAS = 41850950) WHERE CODIGOBARRAS = 41850950 AND RAZONSOCIAL = 499821;
INSERT INTO BRINDA VALUES (499821,39439405,300);
UPDATE PRODUCTO SET STOCK = (SELECT STOCK FROM  PRODUCTO WHERE CODIGOBARRAS = 39439405) + (SELECT CANTIDADDADA FROM BRINDA WHERE CODIGOBARRAS = 39439405) WHERE CODIGOBARRAS = 39439405 AND RAZONSOCIAL = 499821;
INSERT INTO BRINDA VALUES (499821,56129923,17);
UPDATE PRODUCTO SET STOCK = (SELECT STOCK FROM  PRODUCTO WHERE CODIGOBARRAS = 56129923) + (SELECT CANTIDADDADA FROM BRINDA WHERE CODIGOBARRAS = 56129923) WHERE CODIGOBARRAS = 56129923 AND RAZONSOCIAL = 499821;
INSERT INTO BRINDA VALUES (499821,14516731,8);
UPDATE PRODUCTO SET STOCK = (SELECT STOCK FROM  PRODUCTO WHERE CODIGOBARRAS = 14516731) + (SELECT CANTIDADDADA FROM BRINDA WHERE CODIGOBARRAS = 14516731) WHERE CODIGOBARRAS = 14516731 AND RAZONSOCIAL = 499821;

INSERT INTO BRINDA VALUES (347610,91811477,100);
UPDATE PRODUCTO SET STOCK = (SELECT STOCK FROM  PRODUCTO WHERE CODIGOBARRAS = 91811477) + (SELECT CANTIDADDADA FROM BRINDA WHERE CODIGOBARRAS = 91811477) WHERE CODIGOBARRAS = 91811477 AND RAZONSOCIAL = 347610;
INSERT INTO BRINDA VALUES (347610,15678987,40);
UPDATE PRODUCTO SET STOCK = (SELECT STOCK FROM  PRODUCTO WHERE CODIGOBARRAS = 15678987) + (SELECT CANTIDADDADA FROM BRINDA WHERE CODIGOBARRAS = 15678987) WHERE CODIGOBARRAS = 15678987 AND RAZONSOCIAL = 347610;
INSERT INTO BRINDA VALUES (347610,39191356,4);
UPDATE PRODUCTO SET STOCK = (SELECT STOCK FROM  PRODUCTO WHERE CODIGOBARRAS = 39191356) + (SELECT CANTIDADDADA FROM BRINDA WHERE CODIGOBARRAS = 39191356) WHERE CODIGOBARRAS = 39191356 AND RAZONSOCIAL = 347610;
INSERT INTO BRINDA VALUES (347610,89605019,4);
UPDATE PRODUCTO SET STOCK = (SELECT STOCK FROM  PRODUCTO WHERE CODIGOBARRAS = 89605019) + (SELECT CANTIDADDADA FROM BRINDA WHERE CODIGOBARRAS = 89605019) WHERE CODIGOBARRAS = 89605019 AND RAZONSOCIAL = 347610;
INSERT INTO BRINDA VALUES (347610,68024990,30);
UPDATE PRODUCTO SET STOCK = (SELECT STOCK FROM  PRODUCTO WHERE CODIGOBARRAS = 68024990) + (SELECT CANTIDADDADA FROM BRINDA WHERE CODIGOBARRAS = 68024990) WHERE CODIGOBARRAS = 68024990 AND RAZONSOCIAL = 347610;
INSERT INTO BRINDA VALUES (347610,30273739,31);
UPDATE PRODUCTO SET STOCK = (SELECT STOCK FROM  PRODUCTO WHERE CODIGOBARRAS = 30273739) + (SELECT CANTIDADDADA FROM BRINDA WHERE CODIGOBARRAS = 30273739) WHERE CODIGOBARRAS = 30273739 AND RAZONSOCIAL = 347610;
INSERT INTO BRINDA VALUES (347610,70812364,11);
UPDATE PRODUCTO SET STOCK = (SELECT STOCK FROM  PRODUCTO WHERE CODIGOBARRAS = 70812364) + (SELECT CANTIDADDADA FROM BRINDA WHERE CODIGOBARRAS = 70812364) WHERE CODIGOBARRAS = 70812364 AND RAZONSOCIAL = 347610;
INSERT INTO BRINDA VALUES (347610,34251115,3);
UPDATE PRODUCTO SET STOCK = (SELECT STOCK FROM  PRODUCTO WHERE CODIGOBARRAS = 34251115) + (SELECT CANTIDADDADA FROM BRINDA WHERE CODIGOBARRAS = 34251115) WHERE CODIGOBARRAS = 34251115 AND RAZONSOCIAL = 347610;
INSERT INTO BRINDA VALUES (347610,20612213,1);
UPDATE PRODUCTO SET STOCK = (SELECT STOCK FROM  PRODUCTO WHERE CODIGOBARRAS = 20612213) + (SELECT CANTIDADDADA FROM BRINDA WHERE CODIGOBARRAS = 20612213) WHERE CODIGOBARRAS = 20612213 AND RAZONSOCIAL = 347610;
INSERT INTO BRINDA VALUES (347610,48960375,12);
UPDATE PRODUCTO SET STOCK = (SELECT STOCK FROM  PRODUCTO WHERE CODIGOBARRAS = 48960375) + (SELECT CANTIDADDADA FROM BRINDA WHERE CODIGOBARRAS = 48960375) WHERE CODIGOBARRAS = 48960375 AND RAZONSOCIAL = 347610;
INSERT INTO BRINDA VALUES (347610,42321768,2);
UPDATE PRODUCTO SET STOCK = (SELECT STOCK FROM  PRODUCTO WHERE CODIGOBARRAS = 42321768) + (SELECT CANTIDADDADA FROM BRINDA WHERE CODIGOBARRAS = 42321768) WHERE CODIGOBARRAS = 42321768 AND RAZONSOCIAL = 347610;
INSERT INTO BRINDA VALUES (347610,27186512,5);
UPDATE PRODUCTO SET STOCK = (SELECT STOCK FROM  PRODUCTO WHERE CODIGOBARRAS = 27186512) + (SELECT CANTIDADDADA FROM BRINDA WHERE CODIGOBARRAS = 27186512) WHERE CODIGOBARRAS = 27186512 AND RAZONSOCIAL = 347610;
INSERT INTO BRINDA VALUES (347610,55339320,15);
UPDATE PRODUCTO SET STOCK = (SELECT STOCK FROM  PRODUCTO WHERE CODIGOBARRAS = 55339320) + (SELECT CANTIDADDADA FROM BRINDA WHERE CODIGOBARRAS = 55339320) WHERE CODIGOBARRAS = 55339320 AND RAZONSOCIAL = 347610;
INSERT INTO BRINDA VALUES (347610,66203192,14);
UPDATE PRODUCTO SET STOCK = (SELECT STOCK FROM  PRODUCTO WHERE CODIGOBARRAS = 66203192) + (SELECT CANTIDADDADA FROM BRINDA WHERE CODIGOBARRAS = 66203192) WHERE CODIGOBARRAS = 66203192 AND RAZONSOCIAL = 347610;
INSERT INTO BRINDA VALUES (347610,26234672,29);
UPDATE PRODUCTO SET STOCK = (SELECT STOCK FROM  PRODUCTO WHERE CODIGOBARRAS = 26234672) + (SELECT CANTIDADDADA FROM BRINDA WHERE CODIGOBARRAS = 26234672) WHERE CODIGOBARRAS = 26234672 AND RAZONSOCIAL = 347610;
INSERT INTO BRINDA VALUES (347610,36038241,2);
UPDATE PRODUCTO SET STOCK = (SELECT STOCK FROM  PRODUCTO WHERE CODIGOBARRAS = 36038241) + (SELECT CANTIDADDADA FROM BRINDA WHERE CODIGOBARRAS = 36038241) WHERE CODIGOBARRAS = 36038241 AND RAZONSOCIAL = 347610;
INSERT INTO BRINDA VALUES (347610,38726686,8);
UPDATE PRODUCTO SET STOCK = (SELECT STOCK FROM  PRODUCTO WHERE CODIGOBARRAS = 38726686) + (SELECT CANTIDADDADA FROM BRINDA WHERE CODIGOBARRAS = 38726686) WHERE CODIGOBARRAS = 38726686 AND RAZONSOCIAL = 347610;
INSERT INTO BRINDA VALUES (347610,12715898,9);
UPDATE PRODUCTO SET STOCK = (SELECT STOCK FROM  PRODUCTO WHERE CODIGOBARRAS = 12715898) + (SELECT CANTIDADDADA FROM BRINDA WHERE CODIGOBARRAS = 12715898) WHERE CODIGOBARRAS = 12715898 AND RAZONSOCIAL = 347610;

INSERT INTO BRINDA VALUES (238654,17495317,20);
UPDATE PRODUCTO SET STOCK = (SELECT STOCK FROM  PRODUCTO WHERE CODIGOBARRAS = 17495317) + (SELECT CANTIDADDADA FROM BRINDA WHERE CODIGOBARRAS = 17495317) WHERE CODIGOBARRAS = 17495317 AND RAZONSOCIAL = 238654;
INSERT INTO BRINDA VALUES (238654,19588650,20);
UPDATE PRODUCTO SET STOCK = (SELECT STOCK FROM  PRODUCTO WHERE CODIGOBARRAS = 19588650) + (SELECT CANTIDADDADA FROM BRINDA WHERE CODIGOBARRAS = 19588650) WHERE CODIGOBARRAS = 19588650 AND RAZONSOCIAL = 238654;
INSERT INTO BRINDA VALUES (238654,32384355,20);
UPDATE PRODUCTO SET STOCK = (SELECT STOCK FROM  PRODUCTO WHERE CODIGOBARRAS = 32384355) + (SELECT CANTIDADDADA FROM BRINDA WHERE CODIGOBARRAS = 32384355) WHERE CODIGOBARRAS = 32384355 AND RAZONSOCIAL = 238654;
INSERT INTO BRINDA VALUES (238654,72718464,11);
UPDATE PRODUCTO SET STOCK = (SELECT STOCK FROM  PRODUCTO WHERE CODIGOBARRAS = 72718464) + (SELECT CANTIDADDADA FROM BRINDA WHERE CODIGOBARRAS = 72718464) WHERE CODIGOBARRAS = 72718464 AND RAZONSOCIAL = 238654;
INSERT INTO BRINDA VALUES (238654,74631980,7);
UPDATE PRODUCTO SET STOCK = (SELECT STOCK FROM  PRODUCTO WHERE CODIGOBARRAS = 74631980) + (SELECT CANTIDADDADA FROM BRINDA WHERE CODIGOBARRAS = 74631980) WHERE CODIGOBARRAS = 74631980 AND RAZONSOCIAL = 238654;

INSERT INTO BRINDA VALUES (129476,18499087,20);
UPDATE PRODUCTO SET STOCK = (SELECT STOCK FROM  PRODUCTO WHERE CODIGOBARRAS = 18499087) + (SELECT CANTIDADDADA FROM BRINDA WHERE CODIGOBARRAS = 18499087) WHERE CODIGOBARRAS = 18499087 AND RAZONSOCIAL = 129476;
INSERT INTO BRINDA VALUES (129476,16726183,20);
UPDATE PRODUCTO SET STOCK = (SELECT STOCK FROM  PRODUCTO WHERE CODIGOBARRAS = 16726183) + (SELECT CANTIDADDADA FROM BRINDA WHERE CODIGOBARRAS = 16726183) WHERE CODIGOBARRAS = 16726183 AND RAZONSOCIAL = 129476;

INSERT INTO BRINDA VALUES (575302,75137034,20);
UPDATE PRODUCTO SET STOCK = (SELECT STOCK FROM  PRODUCTO WHERE CODIGOBARRAS = 75137034) + (SELECT CANTIDADDADA FROM BRINDA WHERE CODIGOBARRAS = 75137034) WHERE CODIGOBARRAS = 75137034 AND RAZONSOCIAL = 575302;
INSERT INTO BRINDA VALUES (575302,97349465,20);
UPDATE PRODUCTO SET STOCK = (SELECT STOCK FROM  PRODUCTO WHERE CODIGOBARRAS = 97349465) + (SELECT CANTIDADDADA FROM BRINDA WHERE CODIGOBARRAS = 97349465) WHERE CODIGOBARRAS = 97349465 AND RAZONSOCIAL = 575302;
INSERT INTO BRINDA VALUES (575302,56568512,100);
UPDATE PRODUCTO SET STOCK = (SELECT STOCK FROM  PRODUCTO WHERE CODIGOBARRAS = 56568512) + (SELECT CANTIDADDADA FROM BRINDA WHERE CODIGOBARRAS = 56568512) WHERE CODIGOBARRAS = 56568512 AND RAZONSOCIAL = 575302;
INSERT INTO BRINDA VALUES (575302,53784425,20);
UPDATE PRODUCTO SET STOCK = (SELECT STOCK FROM  PRODUCTO WHERE CODIGOBARRAS = 53784425) + (SELECT CANTIDADDADA FROM BRINDA WHERE CODIGOBARRAS = 53784425) WHERE CODIGOBARRAS = 53784425 AND RAZONSOCIAL = 575302;
INSERT INTO BRINDA VALUES (575302,19979178,20);
UPDATE PRODUCTO SET STOCK = (SELECT STOCK FROM  PRODUCTO WHERE CODIGOBARRAS = 19979178) + (SELECT CANTIDADDADA FROM BRINDA WHERE CODIGOBARRAS = 19979178) WHERE CODIGOBARRAS = 19979178 AND RAZONSOCIAL = 575302;
INSERT INTO BRINDA VALUES (575302,68388259,20);
UPDATE PRODUCTO SET STOCK = (SELECT STOCK FROM  PRODUCTO WHERE CODIGOBARRAS = 68388259) + (SELECT CANTIDADDADA FROM BRINDA WHERE CODIGOBARRAS = 68388259) WHERE CODIGOBARRAS = 68388259 AND RAZONSOCIAL = 575302;
INSERT INTO BRINDA VALUES (575302,38854350,150);
UPDATE PRODUCTO SET STOCK = (SELECT STOCK FROM  PRODUCTO WHERE CODIGOBARRAS = 38854350) + (SELECT CANTIDADDADA FROM BRINDA WHERE CODIGOBARRAS = 38854350) WHERE CODIGOBARRAS = 38854350 AND RAZONSOCIAL = 575302;
INSERT INTO BRINDA VALUES (575302,45198764,20);
UPDATE PRODUCTO SET STOCK = (SELECT STOCK FROM  PRODUCTO WHERE CODIGOBARRAS = 45198764) + (SELECT CANTIDADDADA FROM BRINDA WHERE CODIGOBARRAS = 45198764) WHERE CODIGOBARRAS = 45198764 AND RAZONSOCIAL = 575302;
INSERT INTO BRINDA VALUES (575302,93306631,20);
UPDATE PRODUCTO SET STOCK = (SELECT STOCK FROM  PRODUCTO WHERE CODIGOBARRAS = 93306631) + (SELECT CANTIDADDADA FROM BRINDA WHERE CODIGOBARRAS = 93306631) WHERE CODIGOBARRAS = 93306631 AND RAZONSOCIAL = 575302;
INSERT INTO BRINDA VALUES (575302,46824840,20);
UPDATE PRODUCTO SET STOCK = (SELECT STOCK FROM  PRODUCTO WHERE CODIGOBARRAS = 46824840) + (SELECT CANTIDADDADA FROM BRINDA WHERE CODIGOBARRAS = 46824840) WHERE CODIGOBARRAS = 46824840 AND RAZONSOCIAL = 575302;
INSERT INTO BRINDA VALUES (575302,73627997,20);
UPDATE PRODUCTO SET STOCK = (SELECT STOCK FROM  PRODUCTO WHERE CODIGOBARRAS = 73627997) + (SELECT CANTIDADDADA FROM BRINDA WHERE CODIGOBARRAS = 73627997) WHERE CODIGOBARRAS = 73627997 AND RAZONSOCIAL = 575302;
INSERT INTO BRINDA VALUES (575302,84530553,20);
UPDATE PRODUCTO SET STOCK = (SELECT STOCK FROM  PRODUCTO WHERE CODIGOBARRAS = 84530553) + (SELECT CANTIDADDADA FROM BRINDA WHERE CODIGOBARRAS = 84530553) WHERE CODIGOBARRAS = 84530553 AND RAZONSOCIAL = 575302;
INSERT INTO BRINDA VALUES (575302,78036212,20);
UPDATE PRODUCTO SET STOCK = (SELECT STOCK FROM  PRODUCTO WHERE CODIGOBARRAS = 78036212) + (SELECT CANTIDADDADA FROM BRINDA WHERE CODIGOBARRAS = 78036212) WHERE CODIGOBARRAS = 78036212 AND RAZONSOCIAL = 575302;
INSERT INTO BRINDA VALUES (575302,21786894,20);
UPDATE PRODUCTO SET STOCK = (SELECT STOCK FROM  PRODUCTO WHERE CODIGOBARRAS = 21786894) + (SELECT CANTIDADDADA FROM BRINDA WHERE CODIGOBARRAS = 21786894) WHERE CODIGOBARRAS = 21786894 AND RAZONSOCIAL = 575302;
INSERT INTO BRINDA VALUES (575302,28645299,20);
UPDATE PRODUCTO SET STOCK = (SELECT STOCK FROM  PRODUCTO WHERE CODIGOBARRAS = 28645299) + (SELECT CANTIDADDADA FROM BRINDA WHERE CODIGOBARRAS = 28645299) WHERE CODIGOBARRAS = 28645299 AND RAZONSOCIAL = 575302;
INSERT INTO BRINDA VALUES (575302,20588385,20);
UPDATE PRODUCTO SET STOCK = (SELECT STOCK FROM  PRODUCTO WHERE CODIGOBARRAS = 20588385) + (SELECT CANTIDADDADA FROM BRINDA WHERE CODIGOBARRAS = 20588385) WHERE CODIGOBARRAS = 20588385 AND RAZONSOCIAL = 575302;
INSERT INTO BRINDA VALUES (575302,71661969,12);
UPDATE PRODUCTO SET STOCK = (SELECT STOCK FROM  PRODUCTO WHERE CODIGOBARRAS = 71661969) + (SELECT CANTIDADDADA FROM BRINDA WHERE CODIGOBARRAS = 71661969) WHERE CODIGOBARRAS = 71661969 AND RAZONSOCIAL = 575302;

INSERT INTO BRINDA VALUES (608473,53566319,100);
UPDATE PRODUCTO SET STOCK = (SELECT STOCK FROM  PRODUCTO WHERE CODIGOBARRAS = 53566319) + (SELECT CANTIDADDADA FROM BRINDA WHERE CODIGOBARRAS = 53566319) WHERE CODIGOBARRAS = 53566319 AND RAZONSOCIAL = 608473;
INSERT INTO BRINDA VALUES (608473,78584509,100);
UPDATE PRODUCTO SET STOCK = (SELECT STOCK FROM  PRODUCTO WHERE CODIGOBARRAS = 78584509) + (SELECT CANTIDADDADA FROM BRINDA WHERE CODIGOBARRAS = 78584509) WHERE CODIGOBARRAS = 78584509 AND RAZONSOCIAL = 608473;
INSERT INTO BRINDA VALUES (608473,87140099,100);
UPDATE PRODUCTO SET STOCK = (SELECT STOCK FROM  PRODUCTO WHERE CODIGOBARRAS = 87140099) + (SELECT CANTIDADDADA FROM BRINDA WHERE CODIGOBARRAS = 87140099) WHERE CODIGOBARRAS = 87140099 AND RAZONSOCIAL = 608473;
INSERT INTO BRINDA VALUES (608473,83013729,150);
UPDATE PRODUCTO SET STOCK = (SELECT STOCK FROM  PRODUCTO WHERE CODIGOBARRAS = 83013729) + (SELECT CANTIDADDADA FROM BRINDA WHERE CODIGOBARRAS = 83013729) WHERE CODIGOBARRAS = 83013729 AND RAZONSOCIAL = 608473;
INSERT INTO BRINDA VALUES (608473,60156671,20);
UPDATE PRODUCTO SET STOCK = (SELECT STOCK FROM  PRODUCTO WHERE CODIGOBARRAS = 60156671) + (SELECT CANTIDADDADA FROM BRINDA WHERE CODIGOBARRAS = 60156671) WHERE CODIGOBARRAS = 60156671 AND RAZONSOCIAL = 608473;
INSERT INTO BRINDA VALUES (608473,57613681,20);
UPDATE PRODUCTO SET STOCK = (SELECT STOCK FROM  PRODUCTO WHERE CODIGOBARRAS = 57613681) + (SELECT CANTIDADDADA FROM BRINDA WHERE CODIGOBARRAS = 57613681) WHERE CODIGOBARRAS = 57613681 AND RAZONSOCIAL = 608473;
INSERT INTO BRINDA VALUES (608473,18096034,150);
UPDATE PRODUCTO SET STOCK = (SELECT STOCK FROM  PRODUCTO WHERE CODIGOBARRAS = 18096034) + (SELECT CANTIDADDADA FROM BRINDA WHERE CODIGOBARRAS = 18096034) WHERE CODIGOBARRAS = 18096034 AND RAZONSOCIAL = 608473;
INSERT INTO BRINDA VALUES (608473,19584407,20);
UPDATE PRODUCTO SET STOCK = (SELECT STOCK FROM  PRODUCTO WHERE CODIGOBARRAS = 19584407) + (SELECT CANTIDADDADA FROM BRINDA WHERE CODIGOBARRAS = 19584407) WHERE CODIGOBARRAS = 19584407 AND RAZONSOCIAL = 608473;

INSERT INTO BRINDA VALUES (703873,67493765,200);
UPDATE PRODUCTO SET STOCK = (SELECT STOCK FROM  PRODUCTO WHERE CODIGOBARRAS = 67493765) + (SELECT CANTIDADDADA FROM BRINDA WHERE CODIGOBARRAS = 67493765) WHERE CODIGOBARRAS = 67493765 AND RAZONSOCIAL = 703873;
INSERT INTO BRINDA VALUES (703873,23486012,100);
UPDATE PRODUCTO SET STOCK = (SELECT STOCK FROM  PRODUCTO WHERE CODIGOBARRAS = 23486012) + (SELECT CANTIDADDADA FROM BRINDA WHERE CODIGOBARRAS = 23486012) WHERE CODIGOBARRAS = 23486012 AND RAZONSOCIAL = 703873;
INSERT INTO BRINDA VALUES (703873,48739963,250);
UPDATE PRODUCTO SET STOCK = (SELECT STOCK FROM  PRODUCTO WHERE CODIGOBARRAS = 48739963) + (SELECT CANTIDADDADA FROM BRINDA WHERE CODIGOBARRAS = 48739963) WHERE CODIGOBARRAS = 48739963 AND RAZONSOCIAL = 703873;
INSERT INTO BRINDA VALUES (703873,47211438,20);
UPDATE PRODUCTO SET STOCK = (SELECT STOCK FROM  PRODUCTO WHERE CODIGOBARRAS = 47211438) + (SELECT CANTIDADDADA FROM BRINDA WHERE CODIGOBARRAS = 47211438) WHERE CODIGOBARRAS = 47211438 AND RAZONSOCIAL = 703873;
INSERT INTO BRINDA VALUES (703873,29865773,20);
UPDATE PRODUCTO SET STOCK = (SELECT STOCK FROM  PRODUCTO WHERE CODIGOBARRAS = 29865773) + (SELECT CANTIDADDADA FROM BRINDA WHERE CODIGOBARRAS = 29865773) WHERE CODIGOBARRAS = 29865773 AND RAZONSOCIAL = 703873;
INSERT INTO BRINDA VALUES (703873,49837655,20);
UPDATE PRODUCTO SET STOCK = (SELECT STOCK FROM  PRODUCTO WHERE CODIGOBARRAS = 49837655) + (SELECT CANTIDADDADA FROM BRINDA WHERE CODIGOBARRAS = 49837655) WHERE CODIGOBARRAS = 49837655 AND RAZONSOCIAL = 703873;
INSERT INTO BRINDA VALUES (703873,73823316,150);
UPDATE PRODUCTO SET STOCK = (SELECT STOCK FROM  PRODUCTO WHERE CODIGOBARRAS = 73823316) + (SELECT CANTIDADDADA FROM BRINDA WHERE CODIGOBARRAS = 73823316) WHERE CODIGOBARRAS = 73823316 AND RAZONSOCIAL = 703873;
INSERT INTO BRINDA VALUES (703873,86735878,20);
UPDATE PRODUCTO SET STOCK = (SELECT STOCK FROM  PRODUCTO WHERE CODIGOBARRAS = 86735878) + (SELECT CANTIDADDADA FROM BRINDA WHERE CODIGOBARRAS = 86735878) WHERE CODIGOBARRAS = 86735878 AND RAZONSOCIAL = 703873;

INSERT INTO BRINDA VALUES (307463,76488392,20);
UPDATE PRODUCTO SET STOCK = (SELECT STOCK FROM  PRODUCTO WHERE CODIGOBARRAS = 76488392) + (SELECT CANTIDADDADA FROM BRINDA WHERE CODIGOBARRAS = 76488392) WHERE CODIGOBARRAS = 76488392 AND RAZONSOCIAL = 307463;
INSERT INTO BRINDA VALUES (307463,27361964,20);
UPDATE PRODUCTO SET STOCK = (SELECT STOCK FROM  PRODUCTO WHERE CODIGOBARRAS = 27361964) + (SELECT CANTIDADDADA FROM BRINDA WHERE CODIGOBARRAS = 27361964) WHERE CODIGOBARRAS = 27361964 AND RAZONSOCIAL = 307463;
INSERT INTO BRINDA VALUES (307463,80012632,100);
UPDATE PRODUCTO SET STOCK = (SELECT STOCK FROM  PRODUCTO WHERE CODIGOBARRAS = 80012632) + (SELECT CANTIDADDADA FROM BRINDA WHERE CODIGOBARRAS = 80012632) WHERE CODIGOBARRAS = 80012632 AND RAZONSOCIAL = 307463;
INSERT INTO BRINDA VALUES (307463,44263904,20);
UPDATE PRODUCTO SET STOCK = (SELECT STOCK FROM  PRODUCTO WHERE CODIGOBARRAS = 44263904) + (SELECT CANTIDADDADA FROM BRINDA WHERE CODIGOBARRAS = 44263904) WHERE CODIGOBARRAS = 44263904 AND RAZONSOCIAL = 307463;
INSERT INTO BRINDA VALUES (307463,50127078,20);
UPDATE PRODUCTO SET STOCK = (SELECT STOCK FROM  PRODUCTO WHERE CODIGOBARRAS = 50127078) + (SELECT CANTIDADDADA FROM BRINDA WHERE CODIGOBARRAS = 50127078) WHERE CODIGOBARRAS = 50127078 AND RAZONSOCIAL = 307463;
INSERT INTO BRINDA VALUES (307463,37285900,20);
UPDATE PRODUCTO SET STOCK = (SELECT STOCK FROM  PRODUCTO WHERE CODIGOBARRAS = 37285900) + (SELECT CANTIDADDADA FROM BRINDA WHERE CODIGOBARRAS = 37285900) WHERE CODIGOBARRAS = 37285900 AND RAZONSOCIAL = 307463;
INSERT INTO BRINDA VALUES (307463,33894611,150);
UPDATE PRODUCTO SET STOCK = (SELECT STOCK FROM  PRODUCTO WHERE CODIGOBARRAS = 33894611) + (SELECT CANTIDADDADA FROM BRINDA WHERE CODIGOBARRAS = 33894611) WHERE CODIGOBARRAS = 33894611 AND RAZONSOCIAL = 307463;
INSERT INTO BRINDA VALUES (307463,44156980,20);
UPDATE PRODUCTO SET STOCK = (SELECT STOCK FROM  PRODUCTO WHERE CODIGOBARRAS = 44156980) + (SELECT CANTIDADDADA FROM BRINDA WHERE CODIGOBARRAS = 44156980) WHERE CODIGOBARRAS = 44156980 AND RAZONSOCIAL = 307463;
INSERT INTO BRINDA VALUES (307463,28002369,20);
UPDATE PRODUCTO SET STOCK = (SELECT STOCK FROM  PRODUCTO WHERE CODIGOBARRAS = 28002369) + (SELECT CANTIDADDADA FROM BRINDA WHERE CODIGOBARRAS = 28002369) WHERE CODIGOBARRAS = 28002369 AND RAZONSOCIAL = 307463;

INSERT INTO BRINDA VALUES (407262,29869903,20);
UPDATE PRODUCTO SET STOCK = (SELECT STOCK FROM  PRODUCTO WHERE CODIGOBARRAS = 29869903) + (SELECT CANTIDADDADA FROM BRINDA WHERE CODIGOBARRAS = 29869903) WHERE CODIGOBARRAS = 29869903 AND RAZONSOCIAL = 407262;
INSERT INTO BRINDA VALUES (407262,49800327,20);
UPDATE PRODUCTO SET STOCK = (SELECT STOCK FROM  PRODUCTO WHERE CODIGOBARRAS = 49800327) + (SELECT CANTIDADDADA FROM BRINDA WHERE CODIGOBARRAS = 49800327) WHERE CODIGOBARRAS = 49800327 AND RAZONSOCIAL = 407262;
INSERT INTO BRINDA VALUES (407262,10004863,5);
UPDATE PRODUCTO SET STOCK = (SELECT STOCK FROM  PRODUCTO WHERE CODIGOBARRAS = 10004863) + (SELECT CANTIDADDADA FROM BRINDA WHERE CODIGOBARRAS = 10004863) WHERE CODIGOBARRAS = 10004863 AND RAZONSOCIAL = 407262;
INSERT INTO BRINDA VALUES (407262,57038756,10);
UPDATE PRODUCTO SET STOCK = (SELECT STOCK FROM  PRODUCTO WHERE CODIGOBARRAS = 57038756) + (SELECT CANTIDADDADA FROM BRINDA WHERE CODIGOBARRAS = 57038756) WHERE CODIGOBARRAS = 57038756 AND RAZONSOCIAL = 407262;

INSERT INTO BRINDA VALUES (900274,48630078,70);
UPDATE PRODUCTO SET STOCK = (SELECT STOCK FROM  PRODUCTO WHERE CODIGOBARRAS = 48630078) + (SELECT CANTIDADDADA FROM BRINDA WHERE CODIGOBARRAS = 48630078) WHERE CODIGOBARRAS = 48630078 AND RAZONSOCIAL = 900274;

INSERT INTO BRINDA VALUES (473621,47638900,100);
UPDATE PRODUCTO SET STOCK = (SELECT STOCK FROM  PRODUCTO WHERE CODIGOBARRAS = 47638900) + (SELECT CANTIDADDADA FROM BRINDA WHERE CODIGOBARRAS = 47638900) WHERE CODIGOBARRAS = 47638900 AND RAZONSOCIAL = 473621;
INSERT INTO BRINDA VALUES (473621,57497665,100);
UPDATE PRODUCTO SET STOCK = (SELECT STOCK FROM  PRODUCTO WHERE CODIGOBARRAS = 57497665) + (SELECT CANTIDADDADA FROM BRINDA WHERE CODIGOBARRAS = 57497665) WHERE CODIGOBARRAS = 57497665 AND RAZONSOCIAL = 473621;
INSERT INTO BRINDA VALUES (473621,34760022,100);
UPDATE PRODUCTO SET STOCK = (SELECT STOCK FROM  PRODUCTO WHERE CODIGOBARRAS = 34760022) + (SELECT CANTIDADDADA FROM BRINDA WHERE CODIGOBARRAS = 34760022) WHERE CODIGOBARRAS = 34760022 AND RAZONSOCIAL = 473621;
INSERT INTO BRINDA VALUES (473621,10999741,100);
UPDATE PRODUCTO SET STOCK = (SELECT STOCK FROM  PRODUCTO WHERE CODIGOBARRAS = 10999741) + (SELECT CANTIDADDADA FROM BRINDA WHERE CODIGOBARRAS = 10999741) WHERE CODIGOBARRAS = 10999741 AND RAZONSOCIAL = 473621;
INSERT INTO BRINDA VALUES (473621,90439866,100);
UPDATE PRODUCTO SET STOCK = (SELECT STOCK FROM  PRODUCTO WHERE CODIGOBARRAS = 90439866) + (SELECT CANTIDADDADA FROM BRINDA WHERE CODIGOBARRAS = 90439866) WHERE CODIGOBARRAS = 90439866 AND RAZONSOCIAL = 473621;
INSERT INTO BRINDA VALUES (473621,47630076,60);
UPDATE PRODUCTO SET STOCK = (SELECT STOCK FROM  PRODUCTO WHERE CODIGOBARRAS = 47630076) + (SELECT CANTIDADDADA FROM BRINDA WHERE CODIGOBARRAS = 47630076) WHERE CODIGOBARRAS = 47630076 AND RAZONSOCIAL = 473621;
INSERT INTO BRINDA VALUES (473621,83386011,20);
UPDATE PRODUCTO SET STOCK = (SELECT STOCK FROM  PRODUCTO WHERE CODIGOBARRAS = 83386011) + (SELECT CANTIDADDADA FROM BRINDA WHERE CODIGOBARRAS = 83386011) WHERE CODIGOBARRAS = 83386011 AND RAZONSOCIAL = 473621;
INSERT INTO BRINDA VALUES (473621,67997663,60);
UPDATE PRODUCTO SET STOCK = (SELECT STOCK FROM  PRODUCTO WHERE CODIGOBARRAS = 67997663) + (SELECT CANTIDADDADA FROM BRINDA WHERE CODIGOBARRAS = 67997663) WHERE CODIGOBARRAS = 67997663 AND RAZONSOCIAL = 473621;
INSERT INTO BRINDA VALUES (473621,34609982,60);
UPDATE PRODUCTO SET STOCK = (SELECT STOCK FROM  PRODUCTO WHERE CODIGOBARRAS = 34609982) + (SELECT CANTIDADDADA FROM BRINDA WHERE CODIGOBARRAS = 34609982) WHERE CODIGOBARRAS = 34609982 AND RAZONSOCIAL = 473621;

INSERT INTO BRINDA VALUES (893026,74082847,100);
UPDATE PRODUCTO SET STOCK = (SELECT STOCK FROM  PRODUCTO WHERE CODIGOBARRAS = 74082847) + (SELECT CANTIDADDADA FROM BRINDA WHERE CODIGOBARRAS = 74082847) WHERE CODIGOBARRAS = 74082847 AND RAZONSOCIAL = 893026;
INSERT INTO BRINDA VALUES (893026,10986344,100);
UPDATE PRODUCTO SET STOCK = (SELECT STOCK FROM  PRODUCTO WHERE CODIGOBARRAS = 10986344) + (SELECT CANTIDADDADA FROM BRINDA WHERE CODIGOBARRAS = 10986344) WHERE CODIGOBARRAS = 10986344 AND RAZONSOCIAL = 893026;
INSERT INTO BRINDA VALUES (893026,17552881,100);
UPDATE PRODUCTO SET STOCK = (SELECT STOCK FROM  PRODUCTO WHERE CODIGOBARRAS = 17552881) + (SELECT CANTIDADDADA FROM BRINDA WHERE CODIGOBARRAS = 17552881) WHERE CODIGOBARRAS = 17552881 AND RAZONSOCIAL = 893026;
INSERT INTO BRINDA VALUES (893026,37564420,100);
UPDATE PRODUCTO SET STOCK = (SELECT STOCK FROM  PRODUCTO WHERE CODIGOBARRAS = 37564420) + (SELECT CANTIDADDADA FROM BRINDA WHERE CODIGOBARRAS = 37564420) WHERE CODIGOBARRAS = 37564420 AND RAZONSOCIAL = 893026;

INSERT INTO BRINDA VALUES (102743,12386600,12);
UPDATE PRODUCTO SET STOCK = (SELECT STOCK FROM  PRODUCTO WHERE CODIGOBARRAS = 12386600) + (SELECT CANTIDADDADA FROM BRINDA WHERE CODIGOBARRAS = 12386600) WHERE CODIGOBARRAS = 12386600 AND RAZONSOCIAL = 102743;



--TELEFONOS
INSERT INTO TELEFONO VALUES (5538765427,349813);
INSERT INTO TELEFONO VALUES (5534223454,349813);
INSERT INTO TELEFONO VALUES (8441419556,499821);
INSERT INTO TELEFONO VALUES (8959843624,499821);
INSERT INTO TELEFONO VALUES (6840947404,499821);
INSERT INTO TELEFONO VALUES (7925481394,347610);
INSERT INTO TELEFONO VALUES (6695614317,347610);
INSERT INTO TELEFONO VALUES (8697292844,347610);
INSERT INTO TELEFONO VALUES (8820746032,347610);
INSERT INTO TELEFONO VALUES (8978370118,238654);
INSERT INTO TELEFONO VALUES (8422695070,129476);
INSERT INTO TELEFONO VALUES (6592935875,129476);
INSERT INTO TELEFONO VALUES (7397412122,575302);
INSERT INTO TELEFONO VALUES (7644802618,608473);
INSERT INTO TELEFONO VALUES (6406490710,703873);
INSERT INTO TELEFONO VALUES (7544958125,703873);
INSERT INTO TELEFONO VALUES (8242882885,307463);
INSERT INTO TELEFONO VALUES (8874925642,307463);
INSERT INTO TELEFONO VALUES (7574063470,407262);
INSERT INTO TELEFONO VALUES (7364511632,407262);
INSERT INTO TELEFONO VALUES (8859067832,900274);
INSERT INTO TELEFONO VALUES (8343884401,900274);
INSERT INTO TELEFONO VALUES (6224414682,900274);
INSERT INTO TELEFONO VALUES (8505642977,473621);
INSERT INTO TELEFONO VALUES (7369243933,893026);
INSERT INTO TELEFONO VALUES (7646464419,893026);
INSERT INTO TELEFONO VALUES (8697694897,102743);
INSERT INTO TELEFONO VALUES (5561419556,102743);

--CLIENTE
INSERT INTO CLIENTE VALUES('BABJ2107077B2','JOANNY','BARRON','BALMASEDA','DELINCUENCIA','LAS AGUILAS',70631,31,'CDMX');
INSERT INTO CLIENTE VALUES('SDF343347D7S7','EMILIANO','BEJAR','MOLINUEVO','LOMAS','BAÑOS',70239,21,'CDMX');
INSERT INTO CLIENTE VALUES('BH1KI23232JN2','KAY','RICOY','AUJEA','PIZZA','PESTO',07784,2,'BERNOULLI');
INSERT INTO CLIENTE VALUES('BKO1234H12333','GEORGINA','MECA','VILLABEL','VENUSTIANO','CARRANZA',12246,8,'PUEBLA');
INSERT INTO CLIENTE VALUES('K4HIUI235V54C','CARIDAD','ALDAZABAL','GALDIA','VILLAS','MAIREN',17668,2,'DURANGO');
INSERT INTO CLIENTE VALUES('JVY27266BHUY2','LUANA','SIERRO','BORREGO','CAMINOS','LOMAS',10047,13,'PUEBLA');
INSERT INTO CLIENTE VALUES('BHKJ272625N26','LEGOLAS','RUSOTO','MANCEBO','TORRES','PANCARDO',30841,100,'VERACRUZ');
INSERT INTO CLIENTE VALUES('OPOI3247373OH','JERRY','ALFONSO','LANTARON','SILLAS','PANCHO VILLA',51819,45,'GUERRERO');
INSERT INTO CLIENTE VALUES('SHFOW7F886FG8','XOCHIQUETZAE','VIVAS','ERASO','SOLISTAS','UNAM',13505,2,'CHIAPAS');
INSERT INTO CLIENTE VALUES('PODBG35H3636H','DANIEL','SALINAS','ROMERO','ALMENDROS','EL GUAYACAN',23731,14,'NUEVO LEON');
INSERT INTO CLIENTE VALUES('ISDJ348374NJI','RAUL','PUENTE','MANCILLA','CUCHAREAR','PLATICAS',41974,13,'MEXICO');
INSERT INTO CLIENTE VALUES('SNC837492NI23','SERGIO','NOBLE','CAMARGO','RISK','ANTI-CHÉ',24565,91,'COLIMA');

--EMAIL
INSERT INTO EMAIL VALUES('beiprouttunnuxi-2829@gmail.com','BABJ2107077B2');
INSERT INTO EMAIL VALUES('diraujoquauvo-3404@hotmail.com','BABJ2107077B2');
INSERT INTO EMAIL VALUES('zavoutraceiyau-6934@yopmail.com','SDF343347D7S7');
INSERT INTO EMAIL VALUES('seifemmeppeixau-9726@gmail.com','BH1KI23232JN2');
INSERT INTO EMAIL VALUES('praquauvigeimi-8321@yopmail.com','BKO1234H12333');
INSERT INTO EMAIL VALUES('prufrituraura-2824@hotmail.com','K4HIUI235V54C');
INSERT INTO EMAIL VALUES('hisiffautanne-2975@gmail.com','JVY27266BHUY2');
INSERT INTO EMAIL VALUES('gapimmijoutro-4723@hotmail.com','BHKJ272625N26');
INSERT INTO EMAIL VALUES('grayozaqueici-4818@gmail.com','OPOI3247373OH');
INSERT INTO EMAIL VALUES('yeufokeppihi-7714@yopmail.com','OPOI3247373OH');
INSERT INTO EMAIL VALUES('neyeixonnena-5132@gmail.com','SHFOW7F886FG8');
INSERT INTO EMAIL VALUES('xawuquoufrequoi-3082@hotmail.com','SHFOW7F886FG8');
INSERT INTO EMAIL VALUES('labeprikauffa-7525@yopmail.com','SHFOW7F886FG8');
INSERT INTO EMAIL VALUES('quissegudufre-3740@hotmail.com','PODBG35H3636H');
INSERT INTO EMAIL VALUES('huveivezawi-8467@gmail.com','PODBG35H3636H');
INSERT INTO EMAIL VALUES('kehaullaunnijei-3944@hotmail.com','ISDJ348374NJI');
INSERT INTO EMAIL VALUES('crallellunuri-8752@yopmail.com','ISDJ348374NJI');
INSERT INTO EMAIL VALUES('jurecausedo-7783@gmail.com','SNC837492NI23');
INSERT INTO EMAIL VALUES('yevoivizeyoi-3327@hotmail.com','SNC837492NI23');
INSERT INTO EMAIL VALUES('hitabrikequa-5723@yopmail.com','SNC837492NI23');
INSERT INTO EMAIL VALUES('craufraunouproppau-2450@hotmail.com','JVY27266BHUY2');
INSERT INTO EMAIL VALUES('xisaremoubu-4853@gmail.com','BHKJ272625N26');


-- CREACION DE SECUENCIA PARA VENTA
CREATE SEQUENCE SQ_VENTA
START WITH 1
INCREMENT BY 1;

DROP SEQUENCE SQ_VENTA;

--VENTA, INCLUYE
--INCLUYE: CANTIDADP DEBE SER IGUAL AL # PORQUE SE MULTIPLICA EL PRECIOV
--SOLO FALTA RESTAR LO COMPRADO EN STOCK DE PRODUCTO
INSERT INTO VENTA VALUES(CONCAT('VENT-',nextval('SQ_VENTA')),'01-06-2021',NULL,'BABJ2107077B2');
INSERT INTO INCLUYE VALUES (12386600,CONCAT('VENT-',(SELECT last_value from SQ_VENTA)),1,(SELECT PRECIOV FROM PRODUCTO WHERE CODIGOBARRAS = 12386600)*1);
UPDATE PRODUCTO SET STOCK = ((SELECT STOCK FROM PRODUCTO WHERE  CODIGOBARRAS = 12386600) - (SELECT CANTIDADPROD FROM INCLUYE WHERE NOVENTA = CONCAT('VENT-',(SELECT last_value from SQ_VENTA)) AND CODIGOBARRAS = 12386600)) WHERE CODIGOBARRAS = 12386600;
INSERT INTO INCLUYE VALUES (67493765,CONCAT('VENT-',(SELECT last_value from SQ_VENTA)),5,(SELECT PRECIOV FROM PRODUCTO WHERE CODIGOBARRAS = 67493765)*5);
UPDATE PRODUCTO SET STOCK = ((SELECT STOCK FROM PRODUCTO WHERE  CODIGOBARRAS = 67493765) - (SELECT CANTIDADPROD FROM INCLUYE WHERE NOVENTA = CONCAT('VENT-',(SELECT last_value from SQ_VENTA)) AND CODIGOBARRAS = 67493765)) WHERE CODIGOBARRAS = 67493765;
INSERT INTO INCLUYE VALUES (17495317,CONCAT('VENT-',(SELECT last_value from SQ_VENTA)),3,(SELECT PRECIOV FROM PRODUCTO WHERE CODIGOBARRAS = 17495317)*3);
UPDATE PRODUCTO SET STOCK = ((SELECT STOCK FROM PRODUCTO WHERE  CODIGOBARRAS = 17495317) - (SELECT CANTIDADPROD FROM INCLUYE WHERE NOVENTA = CONCAT('VENT-',(SELECT last_value from SQ_VENTA)) AND CODIGOBARRAS = 17495317)) WHERE CODIGOBARRAS = 17495317;
UPDATE VENTA  SET TOTALV = (SELECT SUM(TOTALP) FROM INCLUYE WHERE NOVENTA = CONCAT('VENT-',(SELECT last_value from SQ_VENTA))) WHERE NOVENTA = CONCAT('VENT-',(SELECT last_value from SQ_VENTA));

INSERT INTO VENTA VALUES(CONCAT('VENT-',nextval('SQ_VENTA')),'01-06-2021',NULL,'SDF343347D7S7');
INSERT INTO INCLUYE VALUES (55363467,CONCAT('VENT-',(SELECT last_value from SQ_VENTA)),3,(SELECT PRECIOV FROM PRODUCTO WHERE CODIGOBARRAS = 55363467)*3);
UPDATE PRODUCTO SET STOCK = ((SELECT STOCK FROM PRODUCTO WHERE  CODIGOBARRAS = 55363467) - (SELECT CANTIDADPROD FROM INCLUYE WHERE NOVENTA = CONCAT('VENT-',(SELECT last_value from SQ_VENTA)) AND CODIGOBARRAS = 55363467)) WHERE CODIGOBARRAS = 55363467;
INSERT INTO INCLUYE VALUES (14442988,CONCAT('VENT-',(SELECT last_value from SQ_VENTA)),2,(SELECT PRECIOV FROM PRODUCTO WHERE CODIGOBARRAS = 14442988)*2);
UPDATE PRODUCTO SET STOCK = ((SELECT STOCK FROM PRODUCTO WHERE  CODIGOBARRAS = 14442988) - (SELECT CANTIDADPROD FROM INCLUYE WHERE NOVENTA = CONCAT('VENT-',(SELECT last_value from SQ_VENTA)) AND CODIGOBARRAS = 14442988)) WHERE CODIGOBARRAS = 14442988;
INSERT INTO INCLUYE VALUES (56957154,CONCAT('VENT-',(SELECT last_value from SQ_VENTA)),1,(SELECT PRECIOV FROM PRODUCTO WHERE CODIGOBARRAS = 56957154)*1);
UPDATE PRODUCTO SET STOCK = ((SELECT STOCK FROM PRODUCTO WHERE  CODIGOBARRAS = 56957154) - (SELECT CANTIDADPROD FROM INCLUYE WHERE NOVENTA = CONCAT('VENT-',(SELECT last_value from SQ_VENTA)) AND CODIGOBARRAS = 56957154)) WHERE CODIGOBARRAS = 56957154;
INSERT INTO INCLUYE VALUES (93869183,CONCAT('VENT-',(SELECT last_value from SQ_VENTA)),1,(SELECT PRECIOV FROM PRODUCTO WHERE CODIGOBARRAS = 93869183)*1);
UPDATE PRODUCTO SET STOCK = ((SELECT STOCK FROM PRODUCTO WHERE  CODIGOBARRAS = 93869183) - (SELECT CANTIDADPROD FROM INCLUYE WHERE NOVENTA = CONCAT('VENT-',(SELECT last_value from SQ_VENTA)) AND CODIGOBARRAS = 93869183)) WHERE CODIGOBARRAS = 93869183;
UPDATE VENTA  SET TOTALV = (SELECT SUM(TOTALP) FROM INCLUYE WHERE NOVENTA = CONCAT('VENT-',(SELECT last_value from SQ_VENTA))) WHERE NOVENTA = CONCAT('VENT-',(SELECT last_value from SQ_VENTA));

INSERT INTO VENTA VALUES(CONCAT('VENT-',nextval('SQ_VENTA')),'01-06-2021',NULL,'BH1KI23232JN2');
INSERT INTO INCLUYE VALUES (39191356,CONCAT('VENT-',(SELECT last_value from SQ_VENTA)),1,(SELECT PRECIOV FROM PRODUCTO WHERE CODIGOBARRAS = 39191356)*1);
UPDATE PRODUCTO SET STOCK = ((SELECT STOCK FROM PRODUCTO WHERE  CODIGOBARRAS = 39191356) - (SELECT CANTIDADPROD FROM INCLUYE WHERE NOVENTA = CONCAT('VENT-',(SELECT last_value from SQ_VENTA)) AND CODIGOBARRAS = 39191356)) WHERE CODIGOBARRAS = 39191356;
INSERT INTO INCLUYE VALUES (21786894,CONCAT('VENT-',(SELECT last_value from SQ_VENTA)),1,(SELECT PRECIOV FROM PRODUCTO WHERE CODIGOBARRAS = 21786894)*1);
UPDATE PRODUCTO SET STOCK = ((SELECT STOCK FROM PRODUCTO WHERE  CODIGOBARRAS = 21786894) - (SELECT CANTIDADPROD FROM INCLUYE WHERE NOVENTA = CONCAT('VENT-',(SELECT last_value from SQ_VENTA)) AND CODIGOBARRAS = 21786894)) WHERE CODIGOBARRAS = 21786894;
UPDATE VENTA  SET TOTALV = (SELECT SUM(TOTALP) FROM INCLUYE WHERE NOVENTA = CONCAT('VENT-',(SELECT last_value from SQ_VENTA))) WHERE NOVENTA = CONCAT('VENT-',(SELECT last_value from SQ_VENTA));

INSERT INTO VENTA VALUES(CONCAT('VENT-',nextval('SQ_VENTA')),'03-06-2021',NULL,'BABJ2107077B2');
INSERT INTO INCLUYE VALUES (53566319,CONCAT('VENT-',(SELECT last_value from SQ_VENTA)),1,(SELECT PRECIOV FROM PRODUCTO WHERE CODIGOBARRAS = 53566319)*1);
UPDATE PRODUCTO SET STOCK = ((SELECT STOCK FROM PRODUCTO WHERE  CODIGOBARRAS = 53566319) - (SELECT CANTIDADPROD FROM INCLUYE WHERE NOVENTA = CONCAT('VENT-',(SELECT last_value from SQ_VENTA)) AND CODIGOBARRAS = 53566319)) WHERE CODIGOBARRAS = 53566319;
UPDATE VENTA  SET TOTALV = (SELECT SUM(TOTALP) FROM INCLUYE WHERE NOVENTA = CONCAT('VENT-',(SELECT last_value from SQ_VENTA))) WHERE NOVENTA = CONCAT('VENT-',(SELECT last_value from SQ_VENTA));

INSERT INTO VENTA VALUES(CONCAT('VENT-',nextval('SQ_VENTA')),'03-06-2021',NULL,'K4HIUI235V54C');
INSERT INTO INCLUYE VALUES (67493765,CONCAT('VENT-',(SELECT last_value from SQ_VENTA)),3,(SELECT PRECIOV FROM PRODUCTO WHERE CODIGOBARRAS = 67493765)*3);
UPDATE PRODUCTO SET STOCK = ((SELECT STOCK FROM PRODUCTO WHERE  CODIGOBARRAS = 67493765) - (SELECT CANTIDADPROD FROM INCLUYE WHERE NOVENTA = CONCAT('VENT-',(SELECT last_value from SQ_VENTA)) AND CODIGOBARRAS = 67493765)) WHERE CODIGOBARRAS = 67493765;
INSERT INTO INCLUYE VALUES (29869903,CONCAT('VENT-',(SELECT last_value from SQ_VENTA)),1,(SELECT PRECIOV FROM PRODUCTO WHERE CODIGOBARRAS = 29869903)*1);
UPDATE PRODUCTO SET STOCK = ((SELECT STOCK FROM PRODUCTO WHERE  CODIGOBARRAS = 29869903) - (SELECT CANTIDADPROD FROM INCLUYE WHERE NOVENTA = CONCAT('VENT-',(SELECT last_value from SQ_VENTA)) AND CODIGOBARRAS = 29869903)) WHERE CODIGOBARRAS = 29869903;
INSERT INTO INCLUYE VALUES (34760022,CONCAT('VENT-',(SELECT last_value from SQ_VENTA)),2,(SELECT PRECIOV FROM PRODUCTO WHERE CODIGOBARRAS = 34760022)*2);
UPDATE PRODUCTO SET STOCK = ((SELECT STOCK FROM PRODUCTO WHERE  CODIGOBARRAS = 34760022) - (SELECT CANTIDADPROD FROM INCLUYE WHERE NOVENTA = CONCAT('VENT-',(SELECT last_value from SQ_VENTA)) AND CODIGOBARRAS = 34760022)) WHERE CODIGOBARRAS = 34760022;
INSERT INTO INCLUYE VALUES (48739963,CONCAT('VENT-',(SELECT last_value from SQ_VENTA)),5,(SELECT PRECIOV FROM PRODUCTO WHERE CODIGOBARRAS = 48739963)*5);
UPDATE PRODUCTO SET STOCK = ((SELECT STOCK FROM PRODUCTO WHERE  CODIGOBARRAS = 48739963) - (SELECT CANTIDADPROD FROM INCLUYE WHERE NOVENTA = CONCAT('VENT-',(SELECT last_value from SQ_VENTA)) AND CODIGOBARRAS = 48739963)) WHERE CODIGOBARRAS = 48739963;
UPDATE VENTA  SET TOTALV = (SELECT SUM(TOTALP) FROM INCLUYE WHERE NOVENTA = CONCAT('VENT-',(SELECT last_value from SQ_VENTA))) WHERE NOVENTA = CONCAT('VENT-',(SELECT last_value from SQ_VENTA));

INSERT INTO VENTA VALUES(CONCAT('VENT-',nextval('SQ_VENTA')),'04-06-2021',NULL,'K4HIUI235V54C');
INSERT INTO INCLUYE VALUES (57038756,CONCAT('VENT-',(SELECT last_value from SQ_VENTA)),1,(SELECT PRECIOV FROM PRODUCTO WHERE CODIGOBARRAS = 57038756)*1);
UPDATE PRODUCTO SET STOCK = ((SELECT STOCK FROM PRODUCTO WHERE  CODIGOBARRAS = 57038756) - (SELECT CANTIDADPROD FROM INCLUYE WHERE NOVENTA = CONCAT('VENT-',(SELECT last_value from SQ_VENTA)) AND CODIGOBARRAS = 57038756)) WHERE CODIGOBARRAS = 57038756;
UPDATE VENTA  SET TOTALV = (SELECT SUM(TOTALP) FROM INCLUYE WHERE NOVENTA = CONCAT('VENT-',(SELECT last_value from SQ_VENTA))) WHERE NOVENTA = CONCAT('VENT-',(SELECT last_value from SQ_VENTA));

INSERT INTO VENTA VALUES(CONCAT('VENT-',nextval('SQ_VENTA')),'09-06-2021',NULL,'JVY27266BHUY2');
INSERT INTO INCLUYE VALUES (76488392,CONCAT('VENT-',(SELECT last_value from SQ_VENTA)),4,(SELECT PRECIOV FROM PRODUCTO WHERE CODIGOBARRAS = 76488392)*4);
UPDATE PRODUCTO SET STOCK = ((SELECT STOCK FROM PRODUCTO WHERE  CODIGOBARRAS = 76488392) - (SELECT CANTIDADPROD FROM INCLUYE WHERE NOVENTA = CONCAT('VENT-',(SELECT last_value from SQ_VENTA)) AND CODIGOBARRAS = 76488392)) WHERE CODIGOBARRAS = 76488392;
INSERT INTO INCLUYE VALUES (83386011,CONCAT('VENT-',(SELECT last_value from SQ_VENTA)),1,(SELECT PRECIOV FROM PRODUCTO WHERE CODIGOBARRAS = 83386011)*1);
UPDATE PRODUCTO SET STOCK = ((SELECT STOCK FROM PRODUCTO WHERE  CODIGOBARRAS = 83386011) - (SELECT CANTIDADPROD FROM INCLUYE WHERE NOVENTA = CONCAT('VENT-',(SELECT last_value from SQ_VENTA)) AND CODIGOBARRAS = 83386011)) WHERE CODIGOBARRAS = 83386011;
UPDATE VENTA  SET TOTALV = (SELECT SUM(TOTALP) FROM INCLUYE WHERE NOVENTA = CONCAT('VENT-',(SELECT last_value from SQ_VENTA))) WHERE NOVENTA = CONCAT('VENT-',(SELECT last_value from SQ_VENTA));

INSERT INTO VENTA VALUES(CONCAT('VENT-',nextval('SQ_VENTA')),'09-06-2021',NULL,'ISDJ348374NJI');
INSERT INTO INCLUYE VALUES (74082847,CONCAT('VENT-',(SELECT last_value from SQ_VENTA)),2,(SELECT PRECIOV FROM PRODUCTO WHERE CODIGOBARRAS = 74082847)*2);
UPDATE PRODUCTO SET STOCK = ((SELECT STOCK FROM PRODUCTO WHERE  CODIGOBARRAS = 74082847) - (SELECT CANTIDADPROD FROM INCLUYE WHERE NOVENTA = CONCAT('VENT-',(SELECT last_value from SQ_VENTA)) AND CODIGOBARRAS = 74082847)) WHERE CODIGOBARRAS = 74082847;
INSERT INTO INCLUYE VALUES (67997663,CONCAT('VENT-',(SELECT last_value from SQ_VENTA)),1,(SELECT PRECIOV FROM PRODUCTO WHERE CODIGOBARRAS = 67997663)*1);
UPDATE PRODUCTO SET STOCK = ((SELECT STOCK FROM PRODUCTO WHERE  CODIGOBARRAS = 67997663) - (SELECT CANTIDADPROD FROM INCLUYE WHERE NOVENTA = CONCAT('VENT-',(SELECT last_value from SQ_VENTA)) AND CODIGOBARRAS = 67997663)) WHERE CODIGOBARRAS = 67997663;
INSERT INTO INCLUYE VALUES (34609982,CONCAT('VENT-',(SELECT last_value from SQ_VENTA)),5,(SELECT PRECIOV FROM PRODUCTO WHERE CODIGOBARRAS = 34609982)*5);
UPDATE PRODUCTO SET STOCK = ((SELECT STOCK FROM PRODUCTO WHERE  CODIGOBARRAS = 34609982) - (SELECT CANTIDADPROD FROM INCLUYE WHERE NOVENTA = CONCAT('VENT-',(SELECT last_value from SQ_VENTA)) AND CODIGOBARRAS = 34609982)) WHERE CODIGOBARRAS = 34609982;
INSERT INTO INCLUYE VALUES (23486012,CONCAT('VENT-',(SELECT last_value from SQ_VENTA)),1,(SELECT PRECIOV FROM PRODUCTO WHERE CODIGOBARRAS = 23486012)*1);
UPDATE PRODUCTO SET STOCK = ((SELECT STOCK FROM PRODUCTO WHERE  CODIGOBARRAS = 23486012) - (SELECT CANTIDADPROD FROM INCLUYE WHERE NOVENTA = CONCAT('VENT-',(SELECT last_value from SQ_VENTA)) AND CODIGOBARRAS = 23486012)) WHERE CODIGOBARRAS = 23486012;
INSERT INTO INCLUYE VALUES (48630078,CONCAT('VENT-',(SELECT last_value from SQ_VENTA)),7,(SELECT PRECIOV FROM PRODUCTO WHERE CODIGOBARRAS = 48630078)*7);
UPDATE PRODUCTO SET STOCK = ((SELECT STOCK FROM PRODUCTO WHERE  CODIGOBARRAS = 48630078) - (SELECT CANTIDADPROD FROM INCLUYE WHERE NOVENTA = CONCAT('VENT-',(SELECT last_value from SQ_VENTA)) AND CODIGOBARRAS = 48630078)) WHERE CODIGOBARRAS = 48630078;
UPDATE VENTA  SET TOTALV = (SELECT SUM(TOTALP) FROM INCLUYE WHERE NOVENTA = CONCAT('VENT-',(SELECT last_value from SQ_VENTA))) WHERE NOVENTA = CONCAT('VENT-',(SELECT last_value from SQ_VENTA));

INSERT INTO VENTA VALUES(CONCAT('VENT-',nextval('SQ_VENTA')),'10-06-2021',NULL,'OPOI3247373OH');
INSERT INTO INCLUYE VALUES (49837655,CONCAT('VENT-',(SELECT last_value from SQ_VENTA)),1,(SELECT PRECIOV FROM PRODUCTO WHERE CODIGOBARRAS = 49837655)*1);
UPDATE PRODUCTO SET STOCK = ((SELECT STOCK FROM PRODUCTO WHERE  CODIGOBARRAS = 49837655) - (SELECT CANTIDADPROD FROM INCLUYE WHERE NOVENTA = CONCAT('VENT-',(SELECT last_value from SQ_VENTA)) AND CODIGOBARRAS = 49837655)) WHERE CODIGOBARRAS = 49837655;
UPDATE VENTA  SET TOTALV = (SELECT SUM(TOTALP) FROM INCLUYE WHERE NOVENTA = CONCAT('VENT-',(SELECT last_value from SQ_VENTA))) WHERE NOVENTA = CONCAT('VENT-',(SELECT last_value from SQ_VENTA));

INSERT INTO VENTA VALUES(CONCAT('VENT-',nextval('SQ_VENTA')),'10-06-2021',NULL,'BHKJ272625N26');
INSERT INTO INCLUYE VALUES (50127078,CONCAT('VENT-',(SELECT last_value from SQ_VENTA)),5,(SELECT PRECIOV FROM PRODUCTO WHERE CODIGOBARRAS = 50127078)*5);
UPDATE PRODUCTO SET STOCK = ((SELECT STOCK FROM PRODUCTO WHERE  CODIGOBARRAS = 50127078) - (SELECT CANTIDADPROD FROM INCLUYE WHERE NOVENTA = CONCAT('VENT-',(SELECT last_value from SQ_VENTA)) AND CODIGOBARRAS = 50127078)) WHERE CODIGOBARRAS = 50127078;
INSERT INTO INCLUYE VALUES (33894611,CONCAT('VENT-',(SELECT last_value from SQ_VENTA)),5,(SELECT PRECIOV FROM PRODUCTO WHERE CODIGOBARRAS = 33894611)*5);
UPDATE PRODUCTO SET STOCK = ((SELECT STOCK FROM PRODUCTO WHERE  CODIGOBARRAS = 33894611) - (SELECT CANTIDADPROD FROM INCLUYE WHERE NOVENTA = CONCAT('VENT-',(SELECT last_value from SQ_VENTA)) AND CODIGOBARRAS = 33894611)) WHERE CODIGOBARRAS = 33894611;
UPDATE VENTA  SET TOTALV = (SELECT SUM(TOTALP) FROM INCLUYE WHERE NOVENTA = CONCAT('VENT-',(SELECT last_value from SQ_VENTA))) WHERE NOVENTA = CONCAT('VENT-',(SELECT last_value from SQ_VENTA));

INSERT INTO VENTA VALUES(CONCAT('VENT-',nextval('SQ_VENTA')),'11-06-2021',NULL,'BHKJ272625N26');
INSERT INTO INCLUYE VALUES (41850950,CONCAT('VENT-',(SELECT last_value from SQ_VENTA)),3,(SELECT PRECIOV FROM PRODUCTO WHERE CODIGOBARRAS = 41850950)*3);
UPDATE PRODUCTO SET STOCK = ((SELECT STOCK FROM PRODUCTO WHERE  CODIGOBARRAS = 41850950) - (SELECT CANTIDADPROD FROM INCLUYE WHERE NOVENTA = CONCAT('VENT-',(SELECT last_value from SQ_VENTA)) AND CODIGOBARRAS = 41850950)) WHERE CODIGOBARRAS = 41850950;
INSERT INTO INCLUYE VALUES (56957154,CONCAT('VENT-',(SELECT last_value from SQ_VENTA)),40,(SELECT PRECIOV FROM PRODUCTO WHERE CODIGOBARRAS = 56957154)*40);
UPDATE PRODUCTO SET STOCK = ((SELECT STOCK FROM PRODUCTO WHERE  CODIGOBARRAS = 56957154) - (SELECT CANTIDADPROD FROM INCLUYE WHERE NOVENTA = CONCAT('VENT-',(SELECT last_value from SQ_VENTA)) AND CODIGOBARRAS = 56957154)) WHERE CODIGOBARRAS = 56957154;
UPDATE VENTA  SET TOTALV = (SELECT SUM(TOTALP) FROM INCLUYE WHERE NOVENTA = CONCAT('VENT-',(SELECT last_value from SQ_VENTA))) WHERE NOVENTA = CONCAT('VENT-',(SELECT last_value from SQ_VENTA));

INSERT INTO VENTA VALUES(CONCAT('VENT-',nextval('SQ_VENTA')),'11-06-2021',NULL,'PODBG35H3636H');
INSERT INTO INCLUYE VALUES (39439405,CONCAT('VENT-',(SELECT last_value from SQ_VENTA)),20,(SELECT PRECIOV FROM PRODUCTO WHERE CODIGOBARRAS = 39439405)*20);
UPDATE PRODUCTO SET STOCK = ((SELECT STOCK FROM PRODUCTO WHERE  CODIGOBARRAS = 39439405) - (SELECT CANTIDADPROD FROM INCLUYE WHERE NOVENTA = CONCAT('VENT-',(SELECT last_value from SQ_VENTA)) AND CODIGOBARRAS = 39439405)) WHERE CODIGOBARRAS = 39439405;
INSERT INTO INCLUYE VALUES (89605019,CONCAT('VENT-',(SELECT last_value from SQ_VENTA)),1,(SELECT PRECIOV FROM PRODUCTO WHERE CODIGOBARRAS = 89605019)*1);
UPDATE PRODUCTO SET STOCK = ((SELECT STOCK FROM PRODUCTO WHERE  CODIGOBARRAS = 89605019) - (SELECT CANTIDADPROD FROM INCLUYE WHERE NOVENTA = CONCAT('VENT-',(SELECT last_value from SQ_VENTA)) AND CODIGOBARRAS = 89605019)) WHERE CODIGOBARRAS = 89605019;
INSERT INTO INCLUYE VALUES (60156671,CONCAT('VENT-',(SELECT last_value from SQ_VENTA)),3,(SELECT PRECIOV FROM PRODUCTO WHERE CODIGOBARRAS = 60156671)*3);
UPDATE PRODUCTO SET STOCK = ((SELECT STOCK FROM PRODUCTO WHERE  CODIGOBARRAS = 60156671) - (SELECT CANTIDADPROD FROM INCLUYE WHERE NOVENTA = CONCAT('VENT-',(SELECT last_value from SQ_VENTA)) AND CODIGOBARRAS = 60156671)) WHERE CODIGOBARRAS = 60156671;
UPDATE VENTA  SET TOTALV = (SELECT SUM(TOTALP) FROM INCLUYE WHERE NOVENTA = CONCAT('VENT-',(SELECT last_value from SQ_VENTA))) WHERE NOVENTA = CONCAT('VENT-',(SELECT last_value from SQ_VENTA));

INSERT INTO VENTA VALUES(CONCAT('VENT-',nextval('SQ_VENTA')),'13-06-2021',NULL,'BABJ2107077B2');
INSERT INTO INCLUYE VALUES (10986344,CONCAT('VENT-',(SELECT last_value from SQ_VENTA)),2,(SELECT PRECIOV FROM PRODUCTO WHERE CODIGOBARRAS = 10986344)*2);
UPDATE PRODUCTO SET STOCK = ((SELECT STOCK FROM PRODUCTO WHERE  CODIGOBARRAS = 10986344) - (SELECT CANTIDADPROD FROM INCLUYE WHERE NOVENTA = CONCAT('VENT-',(SELECT last_value from SQ_VENTA)) AND  CODIGOBARRAS = 10986344)) WHERE CODIGOBARRAS = 10986344;
UPDATE VENTA  SET TOTALV = (SELECT SUM(TOTALP) FROM INCLUYE WHERE NOVENTA = CONCAT('VENT-',(SELECT last_value from SQ_VENTA))) WHERE NOVENTA = CONCAT('VENT-',(SELECT last_value from SQ_VENTA));

INSERT INTO VENTA VALUES(CONCAT('VENT-',nextval('SQ_VENTA')),'13-06-2021',NULL,'JVY27266BHUY2');
INSERT INTO INCLUYE VALUES (12386600,CONCAT('VENT-',(SELECT last_value from SQ_VENTA)),10,(SELECT PRECIOV FROM PRODUCTO WHERE CODIGOBARRAS = 12386600)*10);
UPDATE PRODUCTO SET STOCK = ((SELECT STOCK FROM PRODUCTO WHERE  CODIGOBARRAS = 12386600) - (SELECT CANTIDADPROD FROM INCLUYE WHERE NOVENTA = CONCAT('VENT-',(SELECT last_value from SQ_VENTA)) AND CODIGOBARRAS = 12386600)) WHERE CODIGOBARRAS = 12386600;
UPDATE VENTA  SET TOTALV = (SELECT SUM(TOTALP) FROM INCLUYE WHERE NOVENTA = CONCAT('VENT-',(SELECT last_value from SQ_VENTA))) WHERE NOVENTA = CONCAT('VENT-',(SELECT last_value from SQ_VENTA));

INSERT INTO VENTA VALUES(CONCAT('VENT-',nextval('SQ_VENTA')),'14-06-2021',NULL,'SHFOW7F886FG8');
INSERT INTO INCLUYE VALUES (78584509,CONCAT('VENT-',(SELECT last_value from SQ_VENTA)),14,(SELECT PRECIOV FROM PRODUCTO WHERE CODIGOBARRAS = 78584509)*14);
UPDATE PRODUCTO SET STOCK = ((SELECT STOCK FROM PRODUCTO WHERE  CODIGOBARRAS = 78584509) - (SELECT CANTIDADPROD FROM INCLUYE WHERE NOVENTA = CONCAT('VENT-',(SELECT last_value from SQ_VENTA)) AND CODIGOBARRAS = 78584509)) WHERE CODIGOBARRAS = 78584509;
INSERT INTO INCLUYE VALUES (18499087,CONCAT('VENT-',(SELECT last_value from SQ_VENTA)),14,(SELECT PRECIOV FROM PRODUCTO WHERE CODIGOBARRAS = 18499087)*14);
UPDATE PRODUCTO SET STOCK = ((SELECT STOCK FROM PRODUCTO WHERE  CODIGOBARRAS = 18499087) - (SELECT CANTIDADPROD FROM INCLUYE WHERE NOVENTA = CONCAT('VENT-',(SELECT last_value from SQ_VENTA)) AND CODIGOBARRAS = 18499087)) WHERE CODIGOBARRAS = 18499087;
UPDATE VENTA  SET TOTALV = (SELECT SUM(TOTALP) FROM INCLUYE WHERE NOVENTA = CONCAT('VENT-',(SELECT last_value from SQ_VENTA))) WHERE NOVENTA = CONCAT('VENT-',(SELECT last_value from SQ_VENTA));

INSERT INTO VENTA VALUES(CONCAT('VENT-',nextval('SQ_VENTA')),'14-06-2021',NULL,'BABJ2107077B2');
INSERT INTO INCLUYE VALUES (97349465,CONCAT('VENT-',(SELECT last_value from SQ_VENTA)),10,(SELECT PRECIOV FROM PRODUCTO WHERE CODIGOBARRAS = 97349465)*10);
UPDATE PRODUCTO SET STOCK = ((SELECT STOCK FROM PRODUCTO WHERE  CODIGOBARRAS = 97349465) - (SELECT CANTIDADPROD FROM INCLUYE WHERE NOVENTA = CONCAT('VENT-',(SELECT last_value from SQ_VENTA)) AND CODIGOBARRAS = 97349465)) WHERE CODIGOBARRAS = 97349465;
UPDATE VENTA  SET TOTALV = (SELECT SUM(TOTALP) FROM INCLUYE WHERE NOVENTA = CONCAT('VENT-',(SELECT last_value from SQ_VENTA))) WHERE NOVENTA = CONCAT('VENT-',(SELECT last_value from SQ_VENTA));

INSERT INTO VENTA VALUES(CONCAT('VENT-',nextval('SQ_VENTA')),'14-06-2021',NULL,'SDF343347D7S7');
INSERT INTO INCLUYE VALUES (93306631,CONCAT('VENT-',(SELECT last_value from SQ_VENTA)),2,(SELECT PRECIOV FROM PRODUCTO WHERE CODIGOBARRAS = 93306631)*2);
UPDATE PRODUCTO SET STOCK = ((SELECT STOCK FROM PRODUCTO WHERE  CODIGOBARRAS = 93306631) - (SELECT CANTIDADPROD FROM INCLUYE WHERE NOVENTA = CONCAT('VENT-',(SELECT last_value from SQ_VENTA)) AND CODIGOBARRAS = 93306631)) WHERE CODIGOBARRAS = 93306631;
INSERT INTO INCLUYE VALUES (73627997,CONCAT('VENT-',(SELECT last_value from SQ_VENTA)),1,(SELECT PRECIOV FROM PRODUCTO WHERE CODIGOBARRAS = 73627997)*1);
UPDATE PRODUCTO SET STOCK = ((SELECT STOCK FROM PRODUCTO WHERE  CODIGOBARRAS = 73627997) - (SELECT CANTIDADPROD FROM INCLUYE WHERE NOVENTA = CONCAT('VENT-',(SELECT last_value from SQ_VENTA)) AND CODIGOBARRAS = 73627997)) WHERE CODIGOBARRAS = 73627997;
INSERT INTO INCLUYE VALUES (53566319,CONCAT('VENT-',(SELECT last_value from SQ_VENTA)),1,(SELECT PRECIOV FROM PRODUCTO WHERE CODIGOBARRAS = 53566319)*1);
UPDATE PRODUCTO SET STOCK = ((SELECT STOCK FROM PRODUCTO WHERE  CODIGOBARRAS = 53566319) - (SELECT CANTIDADPROD FROM INCLUYE WHERE NOVENTA = CONCAT('VENT-',(SELECT last_value from SQ_VENTA)) AND CODIGOBARRAS = 53566319)) WHERE CODIGOBARRAS = 53566319;
INSERT INTO INCLUYE VALUES (18096034,CONCAT('VENT-',(SELECT last_value from SQ_VENTA)),2,(SELECT PRECIOV FROM PRODUCTO WHERE CODIGOBARRAS = 18096034)*2);
UPDATE PRODUCTO SET STOCK = ((SELECT STOCK FROM PRODUCTO WHERE  CODIGOBARRAS = 18096034) - (SELECT CANTIDADPROD FROM INCLUYE WHERE NOVENTA = CONCAT('VENT-',(SELECT last_value from SQ_VENTA)) AND CODIGOBARRAS = 18096034)) WHERE CODIGOBARRAS = 18096034;
UPDATE VENTA  SET TOTALV = (SELECT SUM(TOTALP) FROM INCLUYE WHERE NOVENTA = CONCAT('VENT-',(SELECT last_value from SQ_VENTA))) WHERE NOVENTA = CONCAT('VENT-',(SELECT last_value from SQ_VENTA));

INSERT INTO VENTA VALUES(CONCAT('VENT-',nextval('SQ_VENTA')),'14-06-2021',NULL,'BH1KI23232JN2');
INSERT INTO INCLUYE VALUES (29865773,CONCAT('VENT-',(SELECT last_value from SQ_VENTA)),1,(SELECT PRECIOV FROM PRODUCTO WHERE CODIGOBARRAS = 29865773)*1);
UPDATE PRODUCTO SET STOCK = ((SELECT STOCK FROM PRODUCTO WHERE  CODIGOBARRAS = 29865773) - (SELECT CANTIDADPROD FROM INCLUYE WHERE NOVENTA = CONCAT('VENT-',(SELECT last_value from SQ_VENTA)) AND CODIGOBARRAS = 29865773)) WHERE CODIGOBARRAS = 29865773;
INSERT INTO INCLUYE VALUES (10999741,CONCAT('VENT-',(SELECT last_value from SQ_VENTA)),1,(SELECT PRECIOV FROM PRODUCTO WHERE CODIGOBARRAS = 10999741)*1);
UPDATE PRODUCTO SET STOCK = ((SELECT STOCK FROM PRODUCTO WHERE  CODIGOBARRAS = 10999741) - (SELECT CANTIDADPROD FROM INCLUYE WHERE NOVENTA = CONCAT('VENT-',(SELECT last_value from SQ_VENTA)) AND CODIGOBARRAS = 10999741)) WHERE CODIGOBARRAS = 10999741;
INSERT INTO INCLUYE VALUES (12386600,CONCAT('VENT-',(SELECT last_value from SQ_VENTA)),1,(SELECT PRECIOV FROM PRODUCTO WHERE CODIGOBARRAS = 12386600)*1);
UPDATE PRODUCTO SET STOCK = ((SELECT STOCK FROM PRODUCTO WHERE  CODIGOBARRAS = 12386600) - (SELECT CANTIDADPROD FROM INCLUYE WHERE NOVENTA = CONCAT('VENT-',(SELECT last_value from SQ_VENTA)) AND CODIGOBARRAS = 12386600)) WHERE CODIGOBARRAS = 12386600;
INSERT INTO INCLUYE VALUES (73823316,CONCAT('VENT-',(SELECT last_value from SQ_VENTA)),1,(SELECT PRECIOV FROM PRODUCTO WHERE CODIGOBARRAS = 73823316)*1);
UPDATE PRODUCTO SET STOCK = ((SELECT STOCK FROM PRODUCTO WHERE  CODIGOBARRAS = 73823316) - (SELECT CANTIDADPROD FROM INCLUYE WHERE NOVENTA = CONCAT('VENT-',(SELECT last_value from SQ_VENTA)) AND CODIGOBARRAS = 73823316)) WHERE CODIGOBARRAS = 73823316;
UPDATE VENTA  SET TOTALV = (SELECT SUM(TOTALP) FROM INCLUYE WHERE NOVENTA = CONCAT('VENT-',(SELECT last_value from SQ_VENTA))) WHERE NOVENTA = CONCAT('VENT-',(SELECT last_value from SQ_VENTA));

INSERT INTO VENTA VALUES(CONCAT('VENT-',nextval('SQ_VENTA')),'15-06-2021',NULL,'PODBG35H3636H');
INSERT INTO INCLUYE VALUES (83013729,CONCAT('VENT-',(SELECT last_value from SQ_VENTA)),20,(SELECT PRECIOV FROM PRODUCTO WHERE CODIGOBARRAS = 83013729)*20);
UPDATE PRODUCTO SET STOCK = ((SELECT STOCK FROM PRODUCTO WHERE  CODIGOBARRAS = 83013729) - (SELECT CANTIDADPROD FROM INCLUYE WHERE NOVENTA = CONCAT('VENT-',(SELECT last_value from SQ_VENTA)) AND CODIGOBARRAS = 83013729)) WHERE CODIGOBARRAS = 83013729;
INSERT INTO INCLUYE VALUES (53784425,CONCAT('VENT-',(SELECT last_value from SQ_VENTA)),15,(SELECT PRECIOV FROM PRODUCTO WHERE CODIGOBARRAS = 53784425)*15);
UPDATE PRODUCTO SET STOCK = ((SELECT STOCK FROM PRODUCTO WHERE  CODIGOBARRAS = 53784425) - (SELECT CANTIDADPROD FROM INCLUYE WHERE NOVENTA = CONCAT('VENT-',(SELECT last_value from SQ_VENTA)) AND CODIGOBARRAS = 53784425)) WHERE CODIGOBARRAS = 53784425;
UPDATE VENTA  SET TOTALV = (SELECT SUM(TOTALP) FROM INCLUYE WHERE NOVENTA = CONCAT('VENT-',(SELECT last_value from SQ_VENTA))) WHERE NOVENTA = CONCAT('VENT-',(SELECT last_value from SQ_VENTA));

INSERT INTO VENTA VALUES(CONCAT('VENT-',nextval('SQ_VENTA')),'17-06-2021',NULL,'ISDJ348374NJI');
INSERT INTO INCLUYE VALUES (15678987,CONCAT('VENT-',(SELECT last_value from SQ_VENTA)),1,(SELECT PRECIOV FROM PRODUCTO WHERE CODIGOBARRAS = 15678987)*1);
UPDATE PRODUCTO SET STOCK = ((SELECT STOCK FROM PRODUCTO WHERE  CODIGOBARRAS = 15678987) - (SELECT CANTIDADPROD FROM INCLUYE WHERE NOVENTA = CONCAT('VENT-',(SELECT last_value from SQ_VENTA)) AND CODIGOBARRAS = 15678987)) WHERE CODIGOBARRAS = 15678987;
INSERT INTO INCLUYE VALUES (60156671,CONCAT('VENT-',(SELECT last_value from SQ_VENTA)),1,(SELECT PRECIOV FROM PRODUCTO WHERE CODIGOBARRAS = 60156671)*1);
UPDATE PRODUCTO SET STOCK = ((SELECT STOCK FROM PRODUCTO WHERE  CODIGOBARRAS = 60156671) - (SELECT CANTIDADPROD FROM INCLUYE WHERE NOVENTA = CONCAT('VENT-',(SELECT last_value from SQ_VENTA)) AND CODIGOBARRAS = 60156671)) WHERE CODIGOBARRAS = 60156671;
UPDATE VENTA  SET TOTALV = (SELECT SUM(TOTALP) FROM INCLUYE WHERE NOVENTA = CONCAT('VENT-',(SELECT last_value from SQ_VENTA))) WHERE NOVENTA = CONCAT('VENT-',(SELECT last_value from SQ_VENTA));

INSERT INTO VENTA VALUES(CONCAT('VENT-',nextval('SQ_VENTA')),'17-06-2021',NULL,'JVY27266BHUY2');
INSERT INTO INCLUYE VALUES (86735878,CONCAT('VENT-',(SELECT last_value from SQ_VENTA)),3,(SELECT PRECIOV FROM PRODUCTO WHERE CODIGOBARRAS = 86735878)*3);
UPDATE PRODUCTO SET STOCK = ((SELECT STOCK FROM PRODUCTO WHERE  CODIGOBARRAS = 86735878) - (SELECT CANTIDADPROD FROM INCLUYE WHERE NOVENTA = CONCAT('VENT-',(SELECT last_value from SQ_VENTA)) AND CODIGOBARRAS = 86735878)) WHERE CODIGOBARRAS = 86735878;
UPDATE VENTA  SET TOTALV = (SELECT SUM(TOTALP) FROM INCLUYE WHERE NOVENTA = CONCAT('VENT-',(SELECT last_value from SQ_VENTA))) WHERE NOVENTA = CONCAT('VENT-',(SELECT last_value from SQ_VENTA));

INSERT INTO VENTA VALUES(CONCAT('VENT-',nextval('SQ_VENTA')),'17-06-2021',NULL,'BHKJ272625N26');
INSERT INTO INCLUYE VALUES (47630076,CONCAT('VENT-',(SELECT last_value from SQ_VENTA)),1,(SELECT PRECIOV FROM PRODUCTO WHERE CODIGOBARRAS = 47630076)*1);
UPDATE PRODUCTO SET STOCK = ((SELECT STOCK FROM PRODUCTO WHERE  CODIGOBARRAS = 47630076) - (SELECT CANTIDADPROD FROM INCLUYE WHERE NOVENTA = CONCAT('VENT-',(SELECT last_value from SQ_VENTA)) AND CODIGOBARRAS = 47630076)) WHERE CODIGOBARRAS = 47630076;
INSERT INTO INCLUYE VALUES (67997663,CONCAT('VENT-',(SELECT last_value from SQ_VENTA)),2,(SELECT PRECIOV FROM PRODUCTO WHERE CODIGOBARRAS = 67997663)*2);
UPDATE PRODUCTO SET STOCK = ((SELECT STOCK FROM PRODUCTO WHERE  CODIGOBARRAS = 67997663) - (SELECT CANTIDADPROD FROM INCLUYE WHERE NOVENTA = CONCAT('VENT-',(SELECT last_value from SQ_VENTA)) AND CODIGOBARRAS = 67997663)) WHERE CODIGOBARRAS = 67997663;
UPDATE VENTA  SET TOTALV = (SELECT SUM(TOTALP) FROM INCLUYE WHERE NOVENTA = CONCAT('VENT-',(SELECT last_value from SQ_VENTA))) WHERE NOVENTA = CONCAT('VENT-',(SELECT last_value from SQ_VENTA));

INSERT INTO VENTA VALUES(CONCAT('VENT-',nextval('SQ_VENTA')),'22-06-2021',NULL,'SNC837492NI23');
INSERT INTO INCLUYE VALUES (48960375,CONCAT('VENT-',(SELECT last_value from SQ_VENTA)),5,(SELECT PRECIOV FROM PRODUCTO WHERE CODIGOBARRAS = 48960375)*5);
UPDATE PRODUCTO SET STOCK = ((SELECT STOCK FROM PRODUCTO WHERE  CODIGOBARRAS = 48960375) - (SELECT CANTIDADPROD FROM INCLUYE WHERE NOVENTA = CONCAT('VENT-',(SELECT last_value from SQ_VENTA)) AND CODIGOBARRAS = 48960375)) WHERE CODIGOBARRAS = 48960375;
INSERT INTO INCLUYE VALUES (27186512,CONCAT('VENT-',(SELECT last_value from SQ_VENTA)),2,(SELECT PRECIOV FROM PRODUCTO WHERE CODIGOBARRAS = 27186512)*2);
UPDATE PRODUCTO SET STOCK = ((SELECT STOCK FROM PRODUCTO WHERE  CODIGOBARRAS = 27186512) - (SELECT CANTIDADPROD FROM INCLUYE WHERE NOVENTA = CONCAT('VENT-',(SELECT last_value from SQ_VENTA)) AND CODIGOBARRAS = 27186512)) WHERE CODIGOBARRAS = 27186512;
INSERT INTO INCLUYE VALUES (38726686,CONCAT('VENT-',(SELECT last_value from SQ_VENTA)),1,(SELECT PRECIOV FROM PRODUCTO WHERE CODIGOBARRAS = 38726686)*1);
UPDATE PRODUCTO SET STOCK = ((SELECT STOCK FROM PRODUCTO WHERE  CODIGOBARRAS = 38726686) - (SELECT CANTIDADPROD FROM INCLUYE WHERE NOVENTA = CONCAT('VENT-',(SELECT last_value from SQ_VENTA)) AND CODIGOBARRAS = 38726686)) WHERE CODIGOBARRAS = 38726686;
UPDATE VENTA  SET TOTALV = (SELECT SUM(TOTALP) FROM INCLUYE WHERE NOVENTA = CONCAT('VENT-',(SELECT last_value from SQ_VENTA))) WHERE NOVENTA = CONCAT('VENT-',(SELECT last_value from SQ_VENTA));

INSERT INTO VENTA VALUES(CONCAT('VENT-',nextval('SQ_VENTA')),'23-06-2021',NULL,'SNC837492NI23');
INSERT INTO INCLUYE VALUES (60554372,CONCAT('VENT-',(SELECT last_value from SQ_VENTA)),1,(SELECT PRECIOV FROM PRODUCTO WHERE CODIGOBARRAS = 60554372)*1);
UPDATE PRODUCTO SET STOCK = ((SELECT STOCK FROM PRODUCTO WHERE  CODIGOBARRAS = 60554372) - (SELECT CANTIDADPROD FROM INCLUYE WHERE NOVENTA = CONCAT('VENT-',(SELECT last_value from SQ_VENTA)) AND CODIGOBARRAS = 60554372)) WHERE CODIGOBARRAS = 60554372;
UPDATE VENTA  SET TOTALV = (SELECT SUM(TOTALP) FROM INCLUYE WHERE NOVENTA = CONCAT('VENT-',(SELECT last_value from SQ_VENTA))) WHERE NOVENTA = CONCAT('VENT-',(SELECT last_value from SQ_VENTA));

INSERT INTO VENTA VALUES(CONCAT('VENT-',nextval('SQ_VENTA')),'23-06-2021',NULL,'OPOI3247373OH');
INSERT INTO INCLUYE VALUES (19979178,CONCAT('VENT-',(SELECT last_value from SQ_VENTA)),2,(SELECT PRECIOV FROM PRODUCTO WHERE CODIGOBARRAS = 19979178)*2);
UPDATE PRODUCTO SET STOCK = ((SELECT STOCK FROM PRODUCTO WHERE  CODIGOBARRAS = 19979178) - (SELECT CANTIDADPROD FROM INCLUYE WHERE NOVENTA = CONCAT('VENT-',(SELECT last_value from SQ_VENTA)) AND CODIGOBARRAS = 19979178)) WHERE CODIGOBARRAS = 19979178;
UPDATE VENTA  SET TOTALV = (SELECT SUM(TOTALP) FROM INCLUYE WHERE NOVENTA = CONCAT('VENT-',(SELECT last_value from SQ_VENTA))) WHERE NOVENTA = CONCAT('VENT-',(SELECT last_value from SQ_VENTA));

INSERT INTO VENTA VALUES(CONCAT('VENT-',nextval('SQ_VENTA')),'23-06-2021',NULL,'SHFOW7F886FG8');
INSERT INTO INCLUYE VALUES (71661969,CONCAT('VENT-',(SELECT last_value from SQ_VENTA)),1,(SELECT PRECIOV FROM PRODUCTO WHERE CODIGOBARRAS = 71661969)*1);
UPDATE PRODUCTO SET STOCK = ((SELECT STOCK FROM PRODUCTO WHERE  CODIGOBARRAS = 71661969) - (SELECT CANTIDADPROD FROM INCLUYE WHERE NOVENTA = CONCAT('VENT-',(SELECT last_value from SQ_VENTA)) AND CODIGOBARRAS = 71661969)) WHERE CODIGOBARRAS = 71661969;
UPDATE VENTA  SET TOTALV = (SELECT SUM(TOTALP) FROM INCLUYE WHERE NOVENTA = CONCAT('VENT-',(SELECT last_value from SQ_VENTA))) WHERE NOVENTA = CONCAT('VENT-',(SELECT last_value from SQ_VENTA));

INSERT INTO VENTA VALUES(CONCAT('VENT-',nextval('SQ_VENTA')),'23-06-2021',NULL,'PODBG35H3636H');
INSERT INTO INCLUYE VALUES (87140099,CONCAT('VENT-',(SELECT last_value from SQ_VENTA)),4,(SELECT PRECIOV FROM PRODUCTO WHERE CODIGOBARRAS = 87140099)*4);
UPDATE PRODUCTO SET STOCK = ((SELECT STOCK FROM PRODUCTO WHERE  CODIGOBARRAS = 87140099) - (SELECT CANTIDADPROD FROM INCLUYE WHERE NOVENTA = CONCAT('VENT-',(SELECT last_value from SQ_VENTA)) AND CODIGOBARRAS = 87140099)) WHERE CODIGOBARRAS = 87140099;
UPDATE VENTA  SET TOTALV = (SELECT SUM(TOTALP) FROM INCLUYE WHERE NOVENTA = CONCAT('VENT-',(SELECT last_value from SQ_VENTA))) WHERE NOVENTA = CONCAT('VENT-',(SELECT last_value from SQ_VENTA));

INSERT INTO VENTA VALUES(CONCAT('VENT-',nextval('SQ_VENTA')),'01-07-2021',NULL,'BABJ2107077B2');
INSERT INTO INCLUYE VALUES (49837655,CONCAT('VENT-',(SELECT last_value from SQ_VENTA)),1,(SELECT PRECIOV FROM PRODUCTO WHERE CODIGOBARRAS = 49837655)*1);
UPDATE PRODUCTO SET STOCK = ((SELECT STOCK FROM PRODUCTO WHERE  CODIGOBARRAS = 49837655) - (SELECT CANTIDADPROD FROM INCLUYE WHERE NOVENTA = CONCAT('VENT-',(SELECT last_value from SQ_VENTA)) AND CODIGOBARRAS = 49837655)) WHERE CODIGOBARRAS = 49837655;
INSERT INTO INCLUYE VALUES (39439405,CONCAT('VENT-',(SELECT last_value from SQ_VENTA)),3,(SELECT PRECIOV FROM PRODUCTO WHERE CODIGOBARRAS = 39439405)*3);
UPDATE PRODUCTO SET STOCK = ((SELECT STOCK FROM PRODUCTO WHERE  CODIGOBARRAS = 39439405) - (SELECT CANTIDADPROD FROM INCLUYE WHERE NOVENTA = CONCAT('VENT-',(SELECT last_value from SQ_VENTA)) AND CODIGOBARRAS = 39439405)) WHERE CODIGOBARRAS = 39439405;
INSERT INTO INCLUYE VALUES (34251115,CONCAT('VENT-',(SELECT last_value from SQ_VENTA)),1,(SELECT PRECIOV FROM PRODUCTO WHERE CODIGOBARRAS = 34251115)*1);
UPDATE PRODUCTO SET STOCK = ((SELECT STOCK FROM PRODUCTO WHERE  CODIGOBARRAS = 34251115) - (SELECT CANTIDADPROD FROM INCLUYE WHERE NOVENTA = CONCAT('VENT-',(SELECT last_value from SQ_VENTA)) AND CODIGOBARRAS = 34251115)) WHERE CODIGOBARRAS = 34251115;
UPDATE VENTA  SET TOTALV = (SELECT SUM(TOTALP) FROM INCLUYE WHERE NOVENTA = CONCAT('VENT-',(SELECT last_value from SQ_VENTA))) WHERE NOVENTA = CONCAT('VENT-',(SELECT last_value from SQ_VENTA));

INSERT INTO VENTA VALUES(CONCAT('VENT-',nextval('SQ_VENTA')),'07-07-2021',NULL,'BABJ2107077B2');
INSERT INTO INCLUYE VALUES (17495317,CONCAT('VENT-',(SELECT last_value from SQ_VENTA)),1,(SELECT PRECIOV FROM PRODUCTO WHERE CODIGOBARRAS = 17495317)*1);
UPDATE PRODUCTO SET STOCK = ((SELECT STOCK FROM PRODUCTO WHERE  CODIGOBARRAS = 17495317) - (SELECT CANTIDADPROD FROM INCLUYE WHERE NOVENTA = CONCAT('VENT-',(SELECT last_value from SQ_VENTA)) AND CODIGOBARRAS = 17495317)) WHERE CODIGOBARRAS = 17495317;
INSERT INTO INCLUYE VALUES (67997663,CONCAT('VENT-',(SELECT last_value from SQ_VENTA)),1,(SELECT PRECIOV FROM PRODUCTO WHERE CODIGOBARRAS = 67997663)*1);
UPDATE PRODUCTO SET STOCK = ((SELECT STOCK FROM PRODUCTO WHERE  CODIGOBARRAS = 67997663) - (SELECT CANTIDADPROD FROM INCLUYE WHERE NOVENTA = CONCAT('VENT-',(SELECT last_value from SQ_VENTA)) AND CODIGOBARRAS = 67997663)) WHERE CODIGOBARRAS = 67997663;
UPDATE VENTA  SET TOTALV = (SELECT SUM(TOTALP) FROM INCLUYE WHERE NOVENTA = CONCAT('VENT-',(SELECT last_value from SQ_VENTA))) WHERE NOVENTA = CONCAT('VENT-',(SELECT last_value from SQ_VENTA));

INSERT INTO VENTA VALUES(CONCAT('VENT-',nextval('SQ_VENTA')),'07-07-2021',NULL,'BABJ2107077B2');
INSERT INTO INCLUYE VALUES (17552881,CONCAT('VENT-',(SELECT last_value from SQ_VENTA)),1,(SELECT PRECIOV FROM PRODUCTO WHERE CODIGOBARRAS = 17552881)*1);
UPDATE PRODUCTO SET STOCK = ((SELECT STOCK FROM PRODUCTO WHERE  CODIGOBARRAS = 17552881) - (SELECT CANTIDADPROD FROM INCLUYE WHERE NOVENTA = CONCAT('VENT-',(SELECT last_value from SQ_VENTA)) AND CODIGOBARRAS = 17552881)) WHERE CODIGOBARRAS = 17552881;
INSERT INTO INCLUYE VALUES (10004863,CONCAT('VENT-',(SELECT last_value from SQ_VENTA)),1,(SELECT PRECIOV FROM PRODUCTO WHERE CODIGOBARRAS = 10004863)*1);
UPDATE PRODUCTO SET STOCK = ((SELECT STOCK FROM PRODUCTO WHERE  CODIGOBARRAS = 10004863) - (SELECT CANTIDADPROD FROM INCLUYE WHERE NOVENTA = CONCAT('VENT-',(SELECT last_value from SQ_VENTA)) AND CODIGOBARRAS = 10004863)) WHERE CODIGOBARRAS = 10004863;
INSERT INTO INCLUYE VALUES (50127078,CONCAT('VENT-',(SELECT last_value from SQ_VENTA)),2,(SELECT PRECIOV FROM PRODUCTO WHERE CODIGOBARRAS = 50127078)*2);
UPDATE PRODUCTO SET STOCK = ((SELECT STOCK FROM PRODUCTO WHERE  CODIGOBARRAS = 50127078) - (SELECT CANTIDADPROD FROM INCLUYE WHERE NOVENTA = CONCAT('VENT-',(SELECT last_value from SQ_VENTA)) AND CODIGOBARRAS = 50127078)) WHERE CODIGOBARRAS = 50127078;
INSERT INTO INCLUYE VALUES (47638900,CONCAT('VENT-',(SELECT last_value from SQ_VENTA)),1,(SELECT PRECIOV FROM PRODUCTO WHERE CODIGOBARRAS = 47638900)*1);
UPDATE PRODUCTO SET STOCK = ((SELECT STOCK FROM PRODUCTO WHERE  CODIGOBARRAS = 47638900) - (SELECT CANTIDADPROD FROM INCLUYE WHERE NOVENTA = CONCAT('VENT-',(SELECT last_value from SQ_VENTA)) AND CODIGOBARRAS = 47638900)) WHERE CODIGOBARRAS = 47638900;
UPDATE VENTA  SET TOTALV = (SELECT SUM(TOTALP) FROM INCLUYE WHERE NOVENTA = CONCAT('VENT-',(SELECT last_value from SQ_VENTA))) WHERE NOVENTA = CONCAT('VENT-',(SELECT last_value from SQ_VENTA));

INSERT INTO VENTA VALUES(CONCAT('VENT-',nextval('SQ_VENTA')),'08-07-2021',NULL,'BH1KI23232JN2');
INSERT INTO INCLUYE VALUES (56129923,CONCAT('VENT-',(SELECT last_value from SQ_VENTA)),1,(SELECT PRECIOV FROM PRODUCTO WHERE CODIGOBARRAS = 56129923)*1);
UPDATE PRODUCTO SET STOCK = ((SELECT STOCK FROM PRODUCTO WHERE  CODIGOBARRAS = 56129923) - (SELECT CANTIDADPROD FROM INCLUYE WHERE NOVENTA = CONCAT('VENT-',(SELECT last_value from SQ_VENTA)) AND CODIGOBARRAS = 56129923)) WHERE CODIGOBARRAS = 56129923;
INSERT INTO INCLUYE VALUES (48630078,CONCAT('VENT-',(SELECT last_value from SQ_VENTA)),2,(SELECT PRECIOV FROM PRODUCTO WHERE CODIGOBARRAS = 486300782)*2);
UPDATE PRODUCTO SET STOCK = ((SELECT STOCK FROM PRODUCTO WHERE  CODIGOBARRAS = 48630078) - (SELECT CANTIDADPROD FROM INCLUYE WHERE NOVENTA = CONCAT('VENT-',(SELECT last_value from SQ_VENTA)) AND CODIGOBARRAS = 48630078)) WHERE CODIGOBARRAS = 48630078;
UPDATE VENTA  SET TOTALV = (SELECT SUM(TOTALP) FROM INCLUYE WHERE NOVENTA = CONCAT('VENT-',(SELECT last_value from SQ_VENTA))) WHERE NOVENTA = CONCAT('VENT-',(SELECT last_value from SQ_VENTA));

INSERT INTO VENTA VALUES(CONCAT('VENT-',nextval('SQ_VENTA')),'23-07-2021',NULL,'ISDJ348374NJI');
INSERT INTO INCLUYE VALUES (83013729,CONCAT('VENT-',(SELECT last_value from SQ_VENTA)),10,(SELECT PRECIOV FROM PRODUCTO WHERE CODIGOBARRAS =83013729)*10);
UPDATE PRODUCTO SET STOCK = ((SELECT STOCK FROM PRODUCTO WHERE  CODIGOBARRAS = 83013729) - (SELECT CANTIDADPROD FROM INCLUYE WHERE NOVENTA = CONCAT('VENT-',(SELECT last_value from SQ_VENTA)) AND CODIGOBARRAS = 83013729)) WHERE CODIGOBARRAS = 83013729;
INSERT INTO INCLUYE VALUES (48739963,CONCAT('VENT-',(SELECT last_value from SQ_VENTA)),1,(SELECT PRECIOV FROM PRODUCTO WHERE CODIGOBARRAS = 48739963)*1);
UPDATE PRODUCTO SET STOCK = ((SELECT STOCK FROM PRODUCTO WHERE  CODIGOBARRAS = 48739963) - (SELECT CANTIDADPROD FROM INCLUYE WHERE NOVENTA = CONCAT('VENT-',(SELECT last_value from SQ_VENTA)) AND CODIGOBARRAS = 48739963)) WHERE CODIGOBARRAS = 48739963;
INSERT INTO INCLUYE VALUES (53784425,CONCAT('VENT-',(SELECT last_value from SQ_VENTA)),2,(SELECT PRECIOV FROM PRODUCTO WHERE CODIGOBARRAS = 53784425)*2);
UPDATE PRODUCTO SET STOCK = ((SELECT STOCK FROM PRODUCTO WHERE  CODIGOBARRAS = 53784425) - (SELECT CANTIDADPROD FROM INCLUYE WHERE NOVENTA = CONCAT('VENT-',(SELECT last_value from SQ_VENTA)) AND CODIGOBARRAS = 53784425)) WHERE CODIGOBARRAS = 53784425;
UPDATE VENTA  SET TOTALV = (SELECT SUM(TOTALP) FROM INCLUYE WHERE NOVENTA = CONCAT('VENT-',(SELECT last_value from SQ_VENTA))) WHERE NOVENTA = CONCAT('VENT-',(SELECT last_value from SQ_VENTA));

INSERT INTO VENTA VALUES(CONCAT('VENT-',nextval('SQ_VENTA')),'24-07-2021',NULL,'BABJ2107077B2');
INSERT INTO INCLUYE VALUES (16726183,CONCAT('VENT-',(SELECT last_value from SQ_VENTA)),2,(SELECT PRECIOV FROM PRODUCTO WHERE CODIGOBARRAS = 16726183)*2);
UPDATE PRODUCTO SET STOCK = ((SELECT STOCK FROM PRODUCTO WHERE  CODIGOBARRAS = 16726183) - (SELECT CANTIDADPROD FROM INCLUYE WHERE NOVENTA = CONCAT('VENT-',(SELECT last_value from SQ_VENTA)) AND CODIGOBARRAS = 16726183)) WHERE CODIGOBARRAS = 16726183;
UPDATE VENTA  SET TOTALV = (SELECT SUM(TOTALP) FROM INCLUYE WHERE NOVENTA = CONCAT('VENT-',(SELECT last_value from SQ_VENTA))) WHERE NOVENTA = CONCAT('VENT-',(SELECT last_value from SQ_VENTA));

INSERT INTO VENTA VALUES(CONCAT('VENT-',nextval('SQ_VENTA')),'24-07-2021',NULL,'SDF343347D7S7');
INSERT INTO INCLUYE VALUES (45198764,CONCAT('VENT-',(SELECT last_value from SQ_VENTA)),1,(SELECT PRECIOV FROM PRODUCTO WHERE CODIGOBARRAS = 45198764)*1);
UPDATE PRODUCTO SET STOCK = ((SELECT STOCK FROM PRODUCTO WHERE  CODIGOBARRAS = 45198764) - (SELECT CANTIDADPROD FROM INCLUYE WHERE NOVENTA = CONCAT('VENT-',(SELECT last_value from SQ_VENTA)) AND CODIGOBARRAS = 45198764)) WHERE CODIGOBARRAS = 45198764;
UPDATE VENTA  SET TOTALV = (SELECT SUM(TOTALP) FROM INCLUYE WHERE NOVENTA = CONCAT('VENT-',(SELECT last_value from SQ_VENTA))) WHERE NOVENTA = CONCAT('VENT-',(SELECT last_value from SQ_VENTA));

INSERT INTO VENTA VALUES(CONCAT('VENT-',nextval('SQ_VENTA')),'27-07-2021',NULL,'BABJ2107077B2');
INSERT INTO INCLUYE VALUES (87140099,CONCAT('VENT-',(SELECT last_value from SQ_VENTA)),1,(SELECT PRECIOV FROM PRODUCTO WHERE CODIGOBARRAS = 87140099)*1);
UPDATE PRODUCTO SET STOCK = ((SELECT STOCK FROM PRODUCTO WHERE  CODIGOBARRAS = 87140099) - (SELECT CANTIDADPROD FROM INCLUYE WHERE NOVENTA = CONCAT('VENT-',(SELECT last_value from SQ_VENTA)) AND CODIGOBARRAS = 87140099)) WHERE CODIGOBARRAS = 87140099;
INSERT INTO INCLUYE VALUES (78584509,CONCAT('VENT-',(SELECT last_value from SQ_VENTA)),2,(SELECT PRECIOV FROM PRODUCTO WHERE CODIGOBARRAS = 78584509)*2);
UPDATE PRODUCTO SET STOCK = ((SELECT STOCK FROM PRODUCTO WHERE  CODIGOBARRAS = 78584509) - (SELECT CANTIDADPROD FROM INCLUYE WHERE NOVENTA = CONCAT('VENT-',(SELECT last_value from SQ_VENTA)) AND CODIGOBARRAS = 78584509)) WHERE CODIGOBARRAS = 78584509;
UPDATE VENTA  SET TOTALV = (SELECT SUM(TOTALP) FROM INCLUYE WHERE NOVENTA = CONCAT('VENT-',(SELECT last_value from SQ_VENTA))) WHERE NOVENTA = CONCAT('VENT-',(SELECT last_value from SQ_VENTA));

INSERT INTO VENTA VALUES(CONCAT('VENT-',nextval('SQ_VENTA')),'07-08-2021',NULL,'K4HIUI235V54C');
INSERT INTO INCLUYE VALUES (37285900,CONCAT('VENT-',(SELECT last_value from SQ_VENTA)),1,(SELECT PRECIOV FROM PRODUCTO WHERE CODIGOBARRAS = 37285900)*1);
UPDATE PRODUCTO SET STOCK = ((SELECT STOCK FROM PRODUCTO WHERE  CODIGOBARRAS = 37285900) - (SELECT CANTIDADPROD FROM INCLUYE WHERE NOVENTA = CONCAT('VENT-',(SELECT last_value from SQ_VENTA)) AND CODIGOBARRAS = 37285900)) WHERE CODIGOBARRAS = 37285900;
INSERT INTO INCLUYE VALUES (48630078,CONCAT('VENT-',(SELECT last_value from SQ_VENTA)),1,(SELECT PRECIOV FROM PRODUCTO WHERE CODIGOBARRAS = 48630078)*1);
UPDATE PRODUCTO SET STOCK = ((SELECT STOCK FROM PRODUCTO WHERE  CODIGOBARRAS = 48630078) - (SELECT CANTIDADPROD FROM INCLUYE WHERE NOVENTA = CONCAT('VENT-',(SELECT last_value from SQ_VENTA)) AND CODIGOBARRAS = 48630078)) WHERE CODIGOBARRAS = 48630078;
INSERT INTO INCLUYE VALUES (34609982,CONCAT('VENT-',(SELECT last_value from SQ_VENTA)),1,(SELECT PRECIOV FROM PRODUCTO WHERE CODIGOBARRAS = 34609982)*1);
UPDATE PRODUCTO SET STOCK = ((SELECT STOCK FROM PRODUCTO WHERE  CODIGOBARRAS = 34609982) - (SELECT CANTIDADPROD FROM INCLUYE WHERE NOVENTA = CONCAT('VENT-',(SELECT last_value from SQ_VENTA)) AND CODIGOBARRAS = 34609982)) WHERE CODIGOBARRAS = 34609982;
UPDATE VENTA  SET TOTALV = (SELECT SUM(TOTALP) FROM INCLUYE WHERE NOVENTA = CONCAT('VENT-',(SELECT last_value from SQ_VENTA))) WHERE NOVENTA = CONCAT('VENT-',(SELECT last_value from SQ_VENTA));

INSERT INTO VENTA VALUES(CONCAT('VENT-',nextval('SQ_VENTA')),'07-08-2021',NULL,'BABJ2107077B2');
INSERT INTO INCLUYE VALUES (38854350,CONCAT('VENT-',(SELECT last_value from SQ_VENTA)),1,(SELECT PRECIOV FROM PRODUCTO WHERE CODIGOBARRAS = 38854350)*1);
UPDATE PRODUCTO SET STOCK = ((SELECT STOCK FROM PRODUCTO WHERE  CODIGOBARRAS = 38854350) - (SELECT CANTIDADPROD FROM INCLUYE WHERE NOVENTA = CONCAT('VENT-',(SELECT last_value from SQ_VENTA)) AND CODIGOBARRAS = 38854350)) WHERE CODIGOBARRAS = 38854350;
UPDATE VENTA  SET TOTALV = (SELECT SUM(TOTALP) FROM INCLUYE WHERE NOVENTA = CONCAT('VENT-',(SELECT last_value from SQ_VENTA))) WHERE NOVENTA = CONCAT('VENT-',(SELECT last_value from SQ_VENTA));

INSERT INTO VENTA VALUES(CONCAT('VENT-',nextval('SQ_VENTA')),'09-08-2021',NULL,'OPOI3247373OH');
INSERT INTO INCLUYE VALUES (89605019,CONCAT('VENT-',(SELECT last_value from SQ_VENTA)),1,(SELECT PRECIOV FROM PRODUCTO WHERE CODIGOBARRAS = 89605019)*1);
UPDATE PRODUCTO SET STOCK = ((SELECT STOCK FROM PRODUCTO WHERE  CODIGOBARRAS = 89605019) - (SELECT CANTIDADPROD FROM INCLUYE WHERE NOVENTA = CONCAT('VENT-',(SELECT last_value from SQ_VENTA)) AND CODIGOBARRAS = 89605019)) WHERE CODIGOBARRAS = 89605019;
INSERT INTO INCLUYE VALUES (39191356,CONCAT('VENT-',(SELECT last_value from SQ_VENTA)),1,(SELECT PRECIOV FROM PRODUCTO WHERE CODIGOBARRAS = 39191356)*1);
UPDATE PRODUCTO SET STOCK = ((SELECT STOCK FROM PRODUCTO WHERE  CODIGOBARRAS = 39191356) - (SELECT CANTIDADPROD FROM INCLUYE WHERE NOVENTA = CONCAT('VENT-',(SELECT last_value from SQ_VENTA)) AND CODIGOBARRAS = 39191356)) WHERE CODIGOBARRAS = 39191356;
INSERT INTO INCLUYE VALUES (14516731,CONCAT('VENT-',(SELECT last_value from SQ_VENTA)),4,(SELECT PRECIOV FROM PRODUCTO WHERE CODIGOBARRAS = 14516731)*4);
UPDATE PRODUCTO SET STOCK = ((SELECT STOCK FROM PRODUCTO WHERE  CODIGOBARRAS = 14516731) - (SELECT CANTIDADPROD FROM INCLUYE WHERE NOVENTA = CONCAT('VENT-',(SELECT last_value from SQ_VENTA)) AND CODIGOBARRAS = 14516731)) WHERE CODIGOBARRAS = 14516731;
UPDATE VENTA  SET TOTALV = (SELECT SUM(TOTALP) FROM INCLUYE WHERE NOVENTA = CONCAT('VENT-',(SELECT last_value from SQ_VENTA))) WHERE NOVENTA = CONCAT('VENT-',(SELECT last_value from SQ_VENTA));

INSERT INTO VENTA VALUES(CONCAT('VENT-',nextval('SQ_VENTA')),'12-08-2021',NULL,'SHFOW7F886FG8');
INSERT INTO INCLUYE VALUES (74631980,CONCAT('VENT-',(SELECT last_value from SQ_VENTA)),1,(SELECT PRECIOV FROM PRODUCTO WHERE CODIGOBARRAS = 74631980)*1);
UPDATE PRODUCTO SET STOCK = ((SELECT STOCK FROM PRODUCTO WHERE  CODIGOBARRAS = 74631980) - (SELECT CANTIDADPROD FROM INCLUYE WHERE NOVENTA = CONCAT('VENT-',(SELECT last_value from SQ_VENTA)) AND CODIGOBARRAS = 74631980)) WHERE CODIGOBARRAS = 74631980;
INSERT INTO INCLUYE VALUES (53784425,CONCAT('VENT-',(SELECT last_value from SQ_VENTA)),10,(SELECT PRECIOV FROM PRODUCTO WHERE CODIGOBARRAS = 53784425)*10);
UPDATE PRODUCTO SET STOCK = ((SELECT STOCK FROM PRODUCTO WHERE  CODIGOBARRAS = 53784425) - (SELECT CANTIDADPROD FROM INCLUYE WHERE NOVENTA = CONCAT('VENT-',(SELECT last_value from SQ_VENTA)) AND CODIGOBARRAS = 53784425)) WHERE CODIGOBARRAS = 53784425;
UPDATE VENTA  SET TOTALV = (SELECT SUM(TOTALP) FROM INCLUYE WHERE NOVENTA = CONCAT('VENT-',(SELECT last_value from SQ_VENTA))) WHERE NOVENTA = CONCAT('VENT-',(SELECT last_value from SQ_VENTA));

INSERT INTO VENTA VALUES(CONCAT('VENT-',nextval('SQ_VENTA')),'21-08-2021',NULL,'SNC837492NI23');
INSERT INTO INCLUYE VALUES (46824840,CONCAT('VENT-',(SELECT last_value from SQ_VENTA)),3,(SELECT PRECIOV FROM PRODUCTO WHERE CODIGOBARRAS = 46824840)*3);
UPDATE PRODUCTO SET STOCK = ((SELECT STOCK FROM PRODUCTO WHERE  CODIGOBARRAS = 46824840) - (SELECT CANTIDADPROD FROM INCLUYE WHERE NOVENTA = CONCAT('VENT-',(SELECT last_value from SQ_VENTA)) AND CODIGOBARRAS = 46824840)) WHERE CODIGOBARRAS = 46824840;
INSERT INTO INCLUYE VALUES (53566319,CONCAT('VENT-',(SELECT last_value from SQ_VENTA)),1,(SELECT PRECIOV FROM PRODUCTO WHERE CODIGOBARRAS = 53566319)*1);
UPDATE PRODUCTO SET STOCK = ((SELECT STOCK FROM PRODUCTO WHERE  CODIGOBARRAS = 53566319) - (SELECT CANTIDADPROD FROM INCLUYE WHERE NOVENTA = CONCAT('VENT-',(SELECT last_value from SQ_VENTA)) AND CODIGOBARRAS = 53566319)) WHERE CODIGOBARRAS = 53566319;
UPDATE VENTA  SET TOTALV = (SELECT SUM(TOTALP) FROM INCLUYE WHERE NOVENTA = CONCAT('VENT-',(SELECT last_value from SQ_VENTA))) WHERE NOVENTA = CONCAT('VENT-',(SELECT last_value from SQ_VENTA));

INSERT INTO VENTA VALUES(CONCAT('VENT-',nextval('SQ_VENTA')),'29-08-2021',NULL,'SHFOW7F886FG8');
INSERT INTO INCLUYE VALUES (10004863,CONCAT('VENT-',(SELECT last_value from SQ_VENTA)),1,(SELECT PRECIOV FROM PRODUCTO WHERE CODIGOBARRAS = 10004863)*1);
UPDATE PRODUCTO SET STOCK = ((SELECT STOCK FROM PRODUCTO WHERE  CODIGOBARRAS = 10004863) - (SELECT CANTIDADPROD FROM INCLUYE WHERE NOVENTA = CONCAT('VENT-',(SELECT last_value from SQ_VENTA)) AND CODIGOBARRAS = 10004863)) WHERE CODIGOBARRAS = 10004863;
UPDATE VENTA  SET TOTALV = (SELECT SUM(TOTALP) FROM INCLUYE WHERE NOVENTA = CONCAT('VENT-',(SELECT last_value from SQ_VENTA))) WHERE NOVENTA = CONCAT('VENT-',(SELECT last_value from SQ_VENTA));
