INSERT INTO PROVEEDOR VALUES ('ID86420', 'Vazquez y compañía', 'Provedores Vazquez', 'Avenida Alvaro Obregon','567','Juarez','01588','CDMX');
INSERT INTO PROVEEDOR VALUES ('ID82020', 'S. en C.S.', 'Provedores Historia', 'Eje 3 Norte','40','Polanco','45588','CDMX');
INSERT INTO PROVEEDOR VALUES ('ID74120', 'S.A.', 'Obrera Iii', 'Río de la Piedad','40','Compositores Mexicanos','45588','Monterrey');
INSERT INTO PROVEEDOR VALUES ('ID33020', 'S.A.', 'Parres El Guarda', 'Avenida Presidente Masaryk','987','El Prado','45588','Guadalajara');
INSERT INTO PROVEEDOR VALUES ('ID01020', 'S. en C. por A.', 'Tlatelolco Familia', 'Avenida Tláhuac','22','Angel Zimbron','45588','CDMX');
INSERT INTO PROVEEDOR VALUES ('ID56027', 'Carmen y compañía', 'Carmen Empremas', 'Calzada de los Misterios','678','Los Pastores','45588','Monterrey');
INSERT INTO PROVEEDOR VALUES ('ID35034', 'S. en C.S.', 'Provedores Rinconada', 'Eje 2 sur','220','Barrio Norte','45588','Puebla');

INSERT INTO TELEFONO VALUES (5515846399, 'ID86420');
INSERT INTO TELEFONO VALUES (5548963281, 'ID82020');
INSERT INTO TELEFONO VALUES (5511462937, 'ID74120');
INSERT INTO TELEFONO VALUES (5551585958, 'ID33020');
INSERT INTO TELEFONO VALUES (5588692569, 'ID01020');
INSERT INTO TELEFONO VALUES (5572025326, 'ID56027');
INSERT INTO TELEFONO VALUES (5508142635, 'ID56027');
INSERT INTO TELEFONO VALUES (5590603618, 'ID35034');
INSERT INTO TELEFONO VALUES (5517283956, 'ID35034');


INSERT INTO INVENTARIO VALUES('3456765','3-5-2019',3,324);
INSERT INTO INVENTARIO VALUES('2345467','1-5-2019',6,54);
INSERT INTO INVENTARIO VALUES('1239543','3-5-2019',4,326);
INSERT INTO INVENTARIO VALUES('9876542','1-5-2019',8,574);
INSERT INTO INVENTARIO VALUES('4354435','3-5-2019',5,455);
INSERT INTO INVENTARIO VALUES('2435674','6-2-2021',10,2400);
INSERT INTO INVENTARIO VALUES('3546766','9-7-2018',5,246);
INSERT INTO INVENTARIO VALUES('8765431','8-12-2020',9,35);
INSERT INTO INVENTARIO VALUES('4567838','8-12-2020',5,2);

INSERT INTO PROVEER VALUES('ID86420','3456765');
INSERT INTO PROVEER VALUES('ID82020','2345467');
INSERT INTO PROVEER VALUES('ID74120','1239543');
INSERT INTO PROVEER VALUES('ID33020','9876542');
INSERT INTO PROVEER VALUES('ID01020','4354435');
INSERT INTO PROVEER VALUES('ID56027','2435674');
INSERT INTO PROVEER VALUES('ID35034','3546766');
INSERT INTO PROVEER VALUES('ID35034','8765431');

INSERT INTO CLIENTE VALUES('IDC24354','ERTR6453','Ernesto','Fernandez','Castrejon','Avenida Alvaro Obregon','567','Juarez','01588','CDMX');
INSERT INTO CLIENTE VALUES('IDC32434','FGHJ5769','Hugo','Gomez','Flores','Eje 3 Norte','40','Polanco','45588','CDMX');
INSERT INTO CLIENTE VALUES('IDC76890','OIH35535','Martín','Lopez','Castrejon','Río de la Piedad','40','Compositores Mexicanos','45588','Monterrey');
INSERT INTO CLIENTE VALUES('IDC98763','KJHG3443','Pablo','Fernandez','María','Avenida Presidente Masaryk','987','El Prado','45588','Guadalajara');
INSERT INTO CLIENTE VALUES('IDCi9876','OIUYU900','Ximena','Reyes','Castrejon','Avenida Tláhuac','22','Angel Zimbron','45588','CDMX');
INSERT INTO CLIENTE VALUES('IDC89786','6578HJHJ','Jessica','Hernandez','Ribera','Calzada de los Misterios','678','Los Pastores','45588','Monterrey');
INSERT INTO CLIENTE VALUES('ID098768','KJHG3325','Ernesto','Rico','Valente','Eje 2 sur','220','Barrio Norte','45588','Puebla');

INSERT INTO MAIL VALUES('ernesto@gmial.com','IDC24354');
INSERT INTO MAIL VALUES('hugo@gmial.com','IDC32434');
INSERT INTO MAIL VALUES('martin@gmial.com','IDC76890');
INSERT INTO MAIL VALUES('pablo@gmial.com','IDC98763');
INSERT INTO MAIL VALUES('ximena@gmial.com','IDCi9876');
INSERT INTO MAIL VALUES('Jessica@gmial.com','IDC89786');
INSERT INTO MAIL VALUES('ernesto1@gmial.com','ID098768');
INSERT INTO MAIL VALUES('ximena234@gmial.com','IDCi9876');
INSERT INTO MAIL VALUES('Jessica333@gmial.com','IDC89786');
INSERT INTO MAIL VALUES('ernesto1789@gmial.com','ID098768');

INSERT INTO PRODUCTO VALUES(1,'BIC',10,'PLUMA','3456765');
INSERT INTO PRODUCTO VALUES(2,'LAPICITO',14,'LAPIZ','2345467');
INSERT INTO PRODUCTO VALUES(3,'FACTIS',50,'GOMA','1239543');
INSERT INTO PRODUCTO VALUES(4,'BARRILITO',90,'TIJERAS','9876542');
INSERT INTO PRODUCTO VALUES(5,'SCRIBE',20,'CUADERNO','4354435');
INSERT INTO PRODUCTO VALUES(6,'FABER-CASTELL',80,'COLORES','2435674');
INSERT INTO PRODUCTO VALUES(7,'MAPED',90,'SACAPUNTAS','3546766');
INSERT INTO PRODUCTO VALUES(8,'NORMA',30,'LIBRETA','8765431');
INSERT INTO PRODUCTO VALUES(9,'NORMA',34,'PLUMON','4567838');


INSERT INTO VENTA VALUES ('VENT-001','8-8-2019',50,'IDC24354');
INSERT INTO VENTA VALUES ('VENT-002','18-12-2019',18,'ID098768');
INSERT INTO VENTA VALUES ('VENT-003','10-7-2018',12,'IDC89786');
INSERT INTO VENTA VALUES ('VENT-004','31-1-2020',24,'ID098768');
INSERT INTO VENTA VALUES ('VENT-005','8-12-2020',80,'IDC76890');
INSERT INTO VENTA VALUES ('VENT-006','5-1-2021',130,'IDCi9876');
INSERT INTO VENTA VALUES ('VENT-007','14-2-2020',138,'IDC98763');
INSERT INTO VENTA VALUES ('VENT-008','9-10-2019',4,'IDC24354');


INSERT INTO HABER VALUES(1,'VENT-001',100,6);
INSERT INTO HABER VALUES(5,'VENT-001',10,6);
INSERT INTO HABER VALUES(2,'VENT-002',50,5);
INSERT INTO HABER VALUES(3,'VENT-003',3,8);
INSERT INTO HABER VALUES(1,'VENT-004',5,7);
INSERT INTO HABER VALUES(3,'VENT-005',80,8);
INSERT INTO HABER VALUES(4,'VENT-006',90,12);
INSERT INTO HABER VALUES(5,'VENT-006',110,25);
INSERT INTO HABER VALUES(6,'VENT-007',130,100);
INSERT INTO HABER VALUES(7,'VENT-008',70,12);
INSERT INTO HABER VALUES(8,'VENT-008',40,35);
