--insertando datos en la tabla Cliente
INSERT INTO CLIENTE (rfc, nombre, apellidoP, apellidoM, colonia, calle, estado, numero, codigoPostal) VALUES
('GARC980324XYZ', 'Luis', 'García', 'Hernández', 'Chapultepec', 'Insurgentes Sur', 'CDMX', 500, 11000);
('RODR920101ABC', 'Pedro', 'Rodríguez', 'López', 'Roma Norte', 'Álvaro Obregón', 'CDMX', 101, 67000),
('HERN880202DEF', 'María', 'Hernández', 'González', 'Narvarte', 'Xola', 'CDMX', 202, 31000),
('LOPE950303GHI', 'Javier', 'López', 'Martínez', 'Polanco', 'Homero', 'CDMX', 303, 11560),
('GOME770404JKL', 'Ana', 'Gómez', 'Ramírez', 'Santa Fe', 'Vasco de Quiroga', 'CDMX', 404, 12345),
('PERE990505MNO', 'Luis', 'Pérez', 'Hernández', 'La Condesa', 'Insurgentes Sur', 'CDMX', 505, 67890),
('SALG850606PQR', 'Sofía', 'Salgado', 'Morales', 'Del Valle', 'Gabriel Mancera', 'CDMX', 606, 32000),
('RAMI920707STU', 'Fernando', 'Ramírez', 'Rojas', 'Coyoacán', 'Miguel Ángel de Quevedo', 'CDMX', 707, 43000),
('TORR750808VWX', 'Laura', 'Torres', 'García', 'Tlalpan', 'Viaducto Tlalpan', 'CDMX', 808, 54000),
('CRUZ850909YZA', 'Alejandro', 'Cruz', 'Delgado', 'Iztapalapa', 'Eje 6 Sur', 'CDMX', 909, 12345),
('LUNA890101BCD', 'Andrea', 'Luna', 'Hernández', 'Nezahualcóyotl', 'Adolfo López Mateos', 'Estado de México', 101, 57000),
('SANT900202EFG', 'Rosa', 'Santiago', 'Ramos', 'Ecatepec', 'Vía Morelos', 'Estado de México', 202, 55000),
('GARC800303HIJ', 'Miguel', 'García', 'Cruz', 'Texcoco', 'Juárez', 'Estado de México', 303, 56100),
('DOMI970404KLM', 'Lucía', 'Domínguez', 'Rojas', 'Cuautitlán Izcalli', 'Huehuetoca', 'Estado de México', 404, 54700),
('SORI950505NOP', 'Carlos', 'Soriano', 'Gómez', 'San Mateo', 'Hidalgo', 'Estado de México', 505, 54680),
('VALD980606QRS', 'Daniela', 'Valdés', 'Fernández', 'Toluca', 'Venustiano Carranza', 'Estado de México', 606, 50000),
('RIVC920707TUV', 'Guillermo', 'Rivera', 'Castro', 'Metepec', 'Pino Suárez', 'Estado de México', 707, 52172),
('AGUI750808VWX', 'Adriana', 'Aguilar', 'Medina', 'Naucalpan', 'Periférico Norte', 'Estado de México', 808, 53100),
('ALVA850909YZA', 'Emilio', 'Álvarez', 'Carrillo', 'Atizapán', 'Adolfo Ruiz Cortines', 'Estado de México', 909, 52900),
('MORA890101BCD', 'Paola', 'Morales', 'Serrano', 'Tultitlán', 'Benito Juárez', 'Estado de México', 101, 54900);
('PUEB901010AAA', 'José', 'Gómez', 'Hernández', 'Centro Histórico', '16 de Septiembre', 'Puebla', 150, 72000),
('CHOL880101BBB', 'Martha', 'Ramírez', 'López', 'San Pedro', 'Av. Hidalgo', 'Puebla', 220, 72760),
('PACH770707CCC', 'Raúl', 'Martínez', 'Torres', 'Las Palmitas', 'Felipe Ángeles', 'Hidalgo', 340, 42000),
('HIDA860505DDD', 'Lucía', 'García', 'Castro', 'Centro', 'Madero', 'Hidalgo', 85, 42010),
('CUER951010EEE', 'Andrea', 'Ramírez', 'Gómez', 'Acapantzingo', 'Plan de Ayala', 'Morelos', 120, 62000);

--insertando datos en la tabla Email
INSERT INTO EMAIL (email, rfc) VALUES
('luis.garcia@gmail.com', 'GARC980324XYZ'),
('luis.garcia2@comunidad.unam.mx', 'GARC980324XYZ'),
('pedro.rodriguez@hotmail.com', 'RODR920101ABC'),
('pedro.work@gmail.com', 'RODR920101ABC'),
('maria.hernandez@comunidad.unam.mx', 'HERN880202DEF'),
('maria.home@hotmail.com', 'HERN880202DEF'),
('javier.lopez@gmail.com', 'LOPE950303GHI'),
('javier.contact@hotmail.com', 'LOPE950303GHI'),
('ana.gomez@comunidad.unam.mx', 'GOME770404JKL'),
('ana.info@gmail.com', 'GOME770404JKL'),
('luis.garcia3@hotmail.com', 'GARC980324XYZ'),
('pedro.family@comunidad.unam.mx', 'RODR920101ABC'),
('maria.office@gmail.com', 'HERN880202DEF'),
('javier.team@hotmail.com', 'LOPE950303GHI'),
('ana.project@comunidad.unam.mx', 'GOME770404JKL'),
('luis.personal@gmail.com', 'GARC980324XYZ'),
('pedro.extra@hotmail.com', 'RODR920101ABC'),
('maria.extra@comunidad.unam.mx', 'HERN880202DEF'),
('javier.extra@gmail.com', 'LOPE950303GHI'),
('ana.extra@hotmail.com', 'GOME770404JKL'),
('luis.unique@comunidad.unam.mx', 'GARC980324XYZ'),
('pedro.office@gmail.com', 'RODR920101ABC'),
('maria.contact@hotmail.com', 'HERN880202DEF'),
('javier.private@comunidad.unam.mx', 'LOPE950303GHI'),
('ana.special@gmail.com', 'GOME770404JKL'),
('luis.final@hotmail.com', 'GARC980324XYZ');


-- Insertar datos en la tabla EMPLEADO
INSERT INTO EMPLEADO (clave, nombre, apellidoP, apellidoM, fechaNac, fechaIng, calle, estado, colonia, numero, codigoPostal) VALUES
('EMP001', 'Carlos', 'Martínez', 'López', '1985-05-15', '2010-03-01', 'Reforma', 'CDMX', 'Juárez', 100, 66000),
('EMP002', 'Ana', 'Hernández', 'Pérez', '1990-08-20', '2012-05-15', 'Insurgentes', 'CDMX', 'Roma Norte', 101, 67000),
('EMP003', 'Pedro', 'García', 'Gómez', '1982-01-10', '2008-01-12', 'Xola', 'CDMX', 'Narvarte', 202, 31000),
('EMP004', 'Luis', 'Ramírez', 'Flores', '1978-09-25', '2005-10-05', 'Homero', 'CDMX', 'Polanco', 303, 11560),
('EMP005', 'María', 'López', 'Hernández', '1995-11-12', '2018-07-01', 'Vasco de Quiroga', 'CDMX', 'Santa Fe', 404, 12345),
('EMP006', 'Juan', 'Fernández', 'Mendoza', '1987-04-18', '2011-02-10', 'Tlalpan', 'CDMX', 'San Ángel', 105, 68000),
('EMP007', 'Sofía', 'Ríos', 'Torres', '1992-07-14', '2015-08-20', 'Patriotismo', 'CDMX', 'Mixcoac', 210, 32000),
('EMP008', 'Jorge', 'Paredes', 'Cruz', '1980-03-22', '2007-06-15', 'Chapultepec', 'CDMX', 'La Condesa', 307, 45000),
('EMP009', 'Laura', 'Delgado', 'Morales', '1985-12-05', '2009-09-30', 'Viaducto', 'CDMX', 'Narvarte', 123, 55000),
('EMP010', 'Roberto', 'Ortiz', 'Jiménez', '1991-01-17', '2013-03-15', 'Universidad', 'CDMX', 'Coyoacán', 321, 90000),
('EMP011', 'Gloria', 'Navarro', 'Quintana', '1983-06-25', '2010-12-01', 'Eje Central', 'CDMX', 'Doctores', 405, 77000),
('EMP012', 'Hugo', 'Vargas', 'Álvarez', '1989-02-28', '2014-11-11', 'Miguel Ángel', 'CDMX', 'Nápoles', 501, 63000),
('EMP013', 'Andrea', 'Sánchez', 'Guzmán', '1986-10-03', '2012-01-20', 'Bolívar', 'CDMX', 'Centro', 600, 42000),
('EMP014', 'David', 'Silva', 'Ortiz', '1979-11-08', '2006-07-05', 'Alameda', 'CDMX', 'Juárez', 310, 68000),
('EMP015', 'Elena', 'Moreno', 'Paredes', '1994-04-14', '2017-05-19', 'Madero', 'CDMX', 'Centro', 200, 22000),
('EMP016', 'Gabriel', 'Pérez', 'Luna', '1988-12-29', '2013-02-07', 'Toluca', 'CDMX', 'San Rafael', 101, 98000),
('EMP017', 'Diana', 'Carrillo', 'Fernández', '1982-08-19', '2009-03-21', 'Puebla', 'CDMX', 'Roma Sur', 150, 65000),
('EMP018', 'Ricardo', 'Hernández', 'Ramírez', '1990-05-07', '2012-09-30', 'Zaragoza', 'CDMX', 'Iztacalco', 250, 78000),
('EMP019', 'Valeria', 'Rodríguez', 'Velasco', '1984-09-11', '2011-06-22', 'Periférico', 'CDMX', 'Del Valle', 360, 34000),
('EMP020', 'Carmen', 'Muñoz', 'González', '1977-01-01', '2004-01-01', 'Constituyentes', 'CDMX', 'Lomas', 110, 98000),
('EMP021', 'Pablo', 'Cruz', 'Martínez', '1981-03-16', '2007-10-15', 'Montevideo', 'CDMX', 'Lindavista', 120, 67000),
('EMP022', 'Teresa', 'Álvarez', 'Rojas', '1993-06-18', '2016-04-03', 'Coyoacán', 'CDMX', 'Pedregal', 230, 67000),
('EMP023', 'Francisco', 'Torres', 'Gutiérrez', '1986-11-22', '2011-12-10', 'Santa Úrsula', 'CDMX', 'San Jerónimo', 101, 89000),
('EMP024', 'Fernanda', 'Castro', 'Mejía', '1991-10-25', '2015-03-18', 'Lázaro Cárdenas', 'CDMX', 'Nueva Anzures', 240, 72000),
('EMP025', 'Ismael', 'Chávez', 'Pérez', '1983-09-30', '2008-07-25', 'Anillo Periférico', 'CDMX', 'La Roma', 310, 11000),
('EMP026', 'Rosa', 'Salinas', 'Méndez', '1989-12-10', '2014-10-12', 'Zapata', 'CDMX', 'Portales', 410, 62000);

--insertando datos en la tabla VENTA
INSERT INTO VENTA (numero, fecha, clave, rfc) VALUES
('VENT-001', '2024-01-01', 'EMP001', 'GARC980324XYZ'),
('VENT-002', '2024-01-02', 'EMP002', 'RODR920101ABC'),
('VENT-003', '2024-01-03', 'EMP003', 'HERN880202DEF'),
('VENT-004', '2024-01-04', 'EMP004', 'LOPE950303GHI'),
('VENT-005', '2024-01-05', 'EMP005', 'GOME770404JKL'),
('VENT-006', '2024-01-06', 'EMP006', 'GARC980324XYZ'),
('VENT-007', '2024-01-07', 'EMP007', 'RODR920101ABC'),
('VENT-008', '2024-01-08', 'EMP008', 'HERN880202DEF'),
('VENT-009', '2024-01-09', 'EMP009', 'LOPE950303GHI'),
('VENT-010', '2024-01-10', 'EMP010', 'GOME770404JKL'),
('VENT-011', '2024-01-11', 'EMP011', 'GARC980324XYZ'),
('VENT-012', '2024-01-12', 'EMP012', 'RODR920101ABC'),
('VENT-013', '2024-01-13', 'EMP013', 'HERN880202DEF'),
('VENT-014', '2024-01-14', 'EMP014', 'LOPE950303GHI'),
('VENT-015', '2024-01-15', 'EMP015', 'GOME770404JKL'),
('VENT-016', '2024-01-16', 'EMP016', 'GARC980324XYZ'),
('VENT-017', '2024-01-17', 'EMP017', 'RODR920101ABC'),
('VENT-018', '2024-01-18', 'EMP018', 'HERN880202DEF'),
('VENT-019', '2024-01-19', 'EMP019', 'LOPE950303GHI'),
('VENT-020', '2024-01-20', 'EMP020', 'GOME770404JKL'),
('VENT-021', '2024-01-21', 'EMP021', 'GARC980324XYZ'),
('VENT-022', '2024-01-22', 'EMP022', 'RODR920101ABC'),
('VENT-023', '2024-01-23', 'EMP023', 'HERN880202DEF'),
('VENT-024', '2024-01-24', 'EMP024', 'LOPE950303GHI'),
('VENT-025', '2024-01-25', 'EMP025', 'GOME770404JKL'),
('VENT-026', '2024-01-26', 'EMP026', 'GARC980324XYZ'),
('VENT-027', '2024-01-26', 'EMP001', 'GARC980324XYZ')
('VENT-028', '2024-01-26', 'EMP001', 'GARC980324XYZ');
('VENT-029', '2024-01-26', 'EMP001', 'GARC980324XYZ')


-- insertando datos en la tabla proveedor
INSERT INTO PROVEEDOR (RS, nombre, apellidoP, apellidoM, calle, colonia, numero, codigoPostal) VALUES
('Office Depot de México, S.A. de C.V.', 'Carlos', 'Hernández', 'López', 'Reforma', 'Juárez', 100, 66000),
('Papelerías Lumen, S.A. de C.V.', 'Ana', 'Martínez', 'Pérez', 'Insurgentes', 'Roma Norte', 101, 67000),
('Office Max de México, S.A. de C.V.', 'Pedro', 'García', 'Gómez', 'Xola', 'Narvarte', 202, 31000),
('Staples México, S.A. de C.V.', 'Luis', 'Ramírez', 'Flores', 'Homero', 'Polanco', 303, 11560),
('Distribuidora Papelera Dimasa, S.A. de C.V.', 'María', 'López', 'Hernández', 'Vasco de Quiroga', 'Santa Fe', 404, 12345),
('Papelera Maldonado, S.A. de C.V.', 'Juan', 'Fernández', 'Mendoza', 'Tlalpan', 'San Ángel', 105, 68000),
('Papelería El Partenón, S.A. de C.V.', 'Sofía', 'Ríos', 'Torres', 'Patriotismo', 'Mixcoac', 210, 32000),
('Papelería La Ideal, S.A. de C.V.', 'Jorge', 'Paredes', 'Cruz', 'Chapultepec', 'La Condesa', 307, 45000),
('Papelería Tony, S.A. de C.V.', 'Laura', 'Delgado', 'Morales', 'Viaducto', 'Narvarte', 123, 55000),
('Papelería Dabo, S.A. de C.V.', 'Roberto', 'Ortiz', 'Jiménez', 'Universidad', 'Coyoacán', 321, 90000),
('Papelería La Moderna, S.A. de C.V.', 'Gloria', 'Navarro', 'Quintana', 'Eje Central', 'Doctores', 405, 77000),
('Papelería La Estrella, S.A. de C.V.', 'Hugo', 'Vargas', 'Álvarez', 'Miguel Ángel', 'Nápoles', 501, 63000),
('Papelería El Mundo, S.A. de C.V.', 'Andrea', 'Sánchez', 'Guzmán', 'Bolívar', 'Centro', 600, 42000),
('Papelería El Sol, S.A. de C.V.', 'David', 'Silva', 'Ortiz', 'Alameda', 'Juárez', 310, 68000),
('Papelería El Globo, S.A. de C.V.', 'Elena', 'Moreno', 'Paredes', 'Madero', 'Centro', 200, 22000),
('Papelería El Faro, S.A. de C.V.', 'Gabriel', 'Pérez', 'Luna', 'Toluca', 'San Rafael', 101, 98000),
('Papelería El Águila, S.A. de C.V.', 'Diana', 'Carrillo', 'Fernández', 'Puebla', 'Roma Sur', 150, 65000),
('Papelería El Castillo, S.A. de C.V.', 'Ricardo', 'Hernández', 'Ramírez', 'Zaragoza', 'Iztacalco', 250, 78000),
('Papelería El Palacio, S.A. de C.V.', 'Valeria', 'Rodríguez', 'Velasco', 'Periférico', 'Del Valle', 360, 34000),
('Papelería El Rey, S.A. de C.V.', 'Carmen', 'Muñoz', 'González', 'Constituyentes', 'Lomas', 110, 98000),
('Papelería El Príncipe, S.A. de C.V.', 'Pablo', 'Cruz', 'Martínez', 'Montevideo', 'Lindavista', 120, 67000),
('Papelería El Duque, S.A. de C.V.', 'Teresa', 'Álvarez', 'Rojas', 'Coyoacán', 'Pedregal', 230, 67000),
('Papelería El Conde, S.A. de C.V.', 'Francisco', 'Torres', 'Gutiérrez', 'Santa Úrsula', 'San Jerónimo', 101, 89000),
('Papelería El Marqués, S.A. de C.V.', 'Fernanda', 'Castro', 'Mejía', 'Lázaro Cárdenas', 'Nueva Anzures', 240, 72000),
('Papelería El Barón, S.A. de C.V.', 'Ismael', 'Chávez', 'Pérez', 'Anillo Periférico', 'La Roma', 310, 11000),
('Papelería El Caballero, S.A. de C.V.', 'Rosa', 'Salinas', 'Méndez', 'Zapata', 'Portales', 410, 62000);

-- insertando datos en la tabla telefono
INSERT INTO TELEFONO (telefono, RS) VALUES
(5567812345, 'Office Depot de México, S.A. de C.V.'),
(5567823456, 'Papelerías Lumen, S.A. de C.V.'),
(5567834567, 'Office Max de México, S.A. de C.V.'),
(5567845678, 'Staples México, S.A. de C.V.'),
(5567856789, 'Distribuidora Papelera Dimasa, S.A. de C.V.'),
(5567867890, 'Papelera Maldonado, S.A. de C.V.'),
(5567878901, 'Papelería El Partenón, S.A. de C.V.'),
(5567889012, 'Papelería La Ideal, S.A. de C.V.'),
(5567890123, 'Papelería Tony, S.A. de C.V.'),
(5567901234, 'Papelería Dabo, S.A. de C.V.'),
(5567912345, 'Papelería La Moderna, S.A. de C.V.'),
(5567923456, 'Papelería La Estrella, S.A. de C.V.'),
(5567934567, 'Papelería El Mundo, S.A. de C.V.'),
(5567945678, 'Papelería El Sol, S.A. de C.V.'),
(5567956789, 'Papelería El Globo, S.A. de C.V.'),
(5567967890, 'Papelería El Faro, S.A. de C.V.'),
(5567978901, 'Papelería El Águila, S.A. de C.V.'),
(5567989012, 'Papelería El Castillo, S.A. de C.V.'),
(5567990123, 'Papelería El Palacio, S.A. de C.V.'),
(5568001234, 'Papelería El Rey, S.A. de C.V.'),
(5568012345, 'Papelería El Príncipe, S.A. de C.V.'),
(5568023456, 'Papelería El Duque, S.A. de C.V.'),
(5568034567, 'Papelería El Conde, S.A. de C.V.'),
(5568045678, 'Papelería El Marqués, S.A. de C.V.'),
(5568056789, 'Papelería El Barón, S.A. de C.V.'),
(5568067890, 'Papelería El Caballero, S.A. de C.V.');

-- insertando los datos en la tabla producto
--El valor de precio en esta tabla es el precio de compra de un solo prodcuto
INSERT INTO PRODUCTO (codBarras, precio, fechaCompra, stock, RS) VALUES
('7501001234567', 15.50, '2024-01-01', 150, 'Office Depot de México, S.A. de C.V.'),
('7501001234568', 10.00, '2024-01-02', 200, 'Papelerías Lumen, S.A. de C.V.'),
('7501001234569', 25.75, '2024-01-03', 50, 'Office Max de México, S.A. de C.V.'),
('7501001234570', 5.30, '2024-01-04', 300, 'Staples México, S.A. de C.V.'),
('7501001234571', 18.00, '2024-01-05', 100, 'Distribuidora Papelera Dimasa, S.A. de C.V.'),
('7501001234572', 8.00, '2024-01-06', 500, 'Papelera Maldonado, S.A. de C.V.'),
('7501001234573', 20.40, '2024-01-07', 80, 'Papelería El Partenón, S.A. de C.V.'),
('7501001234574', 3.50, '2024-01-08', 1000, 'Papelería La Ideal, S.A. de C.V.'),
('7501001234575', 2.00, '2024-01-09', 2000, 'Papelería Tony, S.A. de C.V.'),
('7501001234576', 10.20, '2024-01-10', 150, 'Papelería Dabo, S.A. de C.V.'),
('7501001234577', 50.00, '2024-01-11', 20, 'Papelería La Moderna, S.A. de C.V.'),
('7501001234578', 4.75, '2024-01-12', 1200, 'Papelería La Estrella, S.A. de C.V.'),
('7501001234579', 35.99, '2024-01-13', 10, 'Papelería El Mundo, S.A. de C.V.'),
('7501001234580', 15.60, '2024-01-14', 75, 'Papelería El Sol, S.A. de C.V.'),
('7501001234581', 6.00, '2024-01-15', 900, 'Papelería El Globo, S.A. de C.V.'),
('7501001234582', 20.00, '2024-01-16', 120, 'Papelería El Faro, S.A. de C.V.'),
('7501001234583', 25.30, '2024-01-17', 40, 'Papelería El Águila, S.A. de C.V.'),
('7501001234584', 7.99, '2024-01-18', 600, 'Papelería El Castillo, S.A. de C.V.'),
('7501001234585', 15.50, '2024-01-19', 90, 'Papelería El Palacio, S.A. de C.V.'),
('7501001234586', 10.75, '2024-01-20', 180, 'Papelería El Rey, S.A. de C.V.'),
('7501001234587', 25.00, '2024-01-21', 50, 'Papelería El Príncipe, S.A. de C.V.'),
('7501001234588', 9.99, '2024-01-22', 700, 'Papelería El Duque, S.A. de C.V.'),
('7501001234589', 12.30, '2024-01-23', 350, 'Papelería El Conde, S.A. de C.V.'),
('7501001234590', 25.00, '2024-01-24', 60, 'Papelería El Marqués, S.A. de C.V.'),
('7501001234591', 2.99, '2024-01-25', 2500, 'Papelería El Barón, S.A. de C.V.'),
('7501001234592', 12.00, '2024-01-26', 300, 'Papelería El Caballero, S.A. de C.V.');

--insertando datos en la tabla contiene 
INSERT INTO CONTIENE_PRODUCTO_VENTA (codBarras, numero, cantArticulo) VALUES
('7501001234567', 'VENT-001', 3),
('7501001234568', 'VENT-001', 2),
('7501001234569', 'VENT-002', 1),
('7501001234570', 'VENT-002', 5),
('7501001234571', 'VENT-003', 4),
('7501001234572', 'VENT-003', 6),
('7501001234573', 'VENT-004', 2),
('7501001234574', 'VENT-004', 10),
('7501001234575', 'VENT-005', 20),
('7501001234576', 'VENT-005', 3),
('7501001234577', 'VENT-006', 1),
('7501001234578', 'VENT-006', 15),
('7501001234579', 'VENT-007', 1),
('7501001234580', 'VENT-007', 2),
('7501001234581', 'VENT-008', 8),
('7501001234582', 'VENT-008', 2),
('7501001234583', 'VENT-009', 1),
('7501001234584', 'VENT-009', 5),
('7501001234585', 'VENT-010', 3),
('7501001234586', 'VENT-010', 4),
('7501001234587', 'VENT-011', 2),
('7501001234588', 'VENT-011', 6),
('7501001234589', 'VENT-012', 3),
('7501001234590', 'VENT-012', 1),
('7501001234591', 'VENT-013', 25),
('7501001234592', 'VENT-013', 3);

--insertando datos en la tabla Categoria
INSERT INTO CATEGORIA VALUES
('CAT-001', '7501001234567', 'Impresión'),
('CAT-002', '7501001234568', 'Articulo_papeleria'),
('CAT-003', '7501001234569', 'Regalo', 'Parker', 'Bolígrafo de lujo para ocasiones especiales'),
('CAT-004', '7501001234570', 'Articulo_papeleria'),
('CAT-005', '7501001234571', 'Impresión'),
('CAT-006', '7501001234572', 'Recarga'),
('CAT-007', '7501001234573', 'Regalo', 'Montblanc', 'Cuaderno de cuero premium con diseño elegante'),
('CAT-008', '7501001234574', 'Articulo_papeleria'),
('CAT-009', '7501001234575', 'Recarga'),
('CAT-010', '7501001234576', 'Impresión'),
('CAT-011', '7501001234577', 'Articulo_papeleria'),
('CAT-012', '7501001234578', 'Regalo', 'Faber-Castell', 'Estuche de colores premium con 48 tonos'),
('CAT-013', '7501001234579', 'Articulo_papeleria'),
('CAT-014', '7501001234580', 'Recarga'),
('CAT-015', '7501001234581', 'Impresión'),
('CAT-016', '7501001234582', 'Articulo_papeleria'),
('CAT-017', '7501001234583', 'Regalo', 'BIC', 'Paquete de plumas con diseño especial de colección'),
('CAT-018', '7501001234584', 'Articulo_papeleria'),
('CAT-019', '7501001234585', 'Recarga'),
('CAT-020', '7501001234586', 'Impresión'),
('CAT-021', '7501001234587', 'Articulo_papeleria'),
('CAT-022', '7501001234588', 'Regalo', 'Stabilo', 'Set de marcadores para decoración creativa'),
('CAT-023', '7501001234589', 'Articulo_papeleria'),
('CAT-024', '7501001234590', 'Recarga'),
('CAT-025', '7501001234591', 'Impresión'),
('CAT-026', '7501001234592', 'Articulo_papeleria');



