INSERT INTO Proveedor VALUES ('NFF','Koyanskaya','6th Le Fae',314,11621, 'Avalon','Cosmos');
INSERT INTO Proveedor VALUES ('BunnyR','Altria Pendragon','4th Summer',265,10721, 'Las Vegas', 'Singularity');
INSERT INTO Proveedor VALUES ('Red Rose','Nero Claudius','2nd Arc',995,15015, 'Septem', 'Singularity');
INSERT INTO Proveedor VALUES ('Csejte','Bathory','1st H.ween',961,21115, 'Csejte', 'Singularity');
INSERT INTO Proveedor VALUES ('Tsar Bunker','Anastasia Nikolaevna Romanova','1st Permafrost',201,4418, 'Russia', 'Cosmos');
INSERT INTO Proveedor VALUES ('Nitoryu','Miyamoto Musashi','1st Anny',153,14107, 'Shimosa', 'EF Rmmnt');
INSERT INTO Proveedor VALUES ('Sun(ta)','Altera','3rd Xmas',197,5217, 'Meikai', 'EF Rmmnt');
INSERT INTO Proveedor VALUES ('Hokusai','Katsushika Oui','3rd NY',198,10118, 'Edo', 'EF Rmmnt');
INSERT INTO Proveedor VALUES ('BARUHARA','Valkyrie','2nd Gotterdammerung',214,18618, 'Scandinavia', 'Cosmos');

INSERT INTO Telefono VALUES (5515846399, 'NFF');
INSERT INTO Telefono VALUES (5548963281, 'BunnyR');
INSERT INTO Telefono VALUES (5511462937, 'Red Rose');
INSERT INTO Telefono VALUES (5551585958, 'Csejte');
INSERT INTO Telefono VALUES (5588692569, 'Tsar Bunker');
INSERT INTO Telefono VALUES (5572025326, 'Nitoryu');
INSERT INTO Telefono VALUES (5508142635, 'Sun(ta)');
INSERT INTO Telefono VALUES (5590603618, 'Hokusai');
INSERT INTO Telefono VALUES (5517283956, 'BARUHARA');


INSERT INTO Suministra VALUES ('NFF',1584513654, '2021-01-19',125);
INSERT INTO Suministra VALUES ('BunnyR',4859673148,'2021-01-22',89);


INSERT INTO Suministra VALUES ('Red Rose',6958316485,'2021-01-25',64);
INSERT INTO Suministra VALUES ('Csejte',2695383614,'2021-01-28',250);
INSERT INTO Suministra VALUES ('Tsar Bunker',1585813654,'2021-01-31',1568);
INSERT INTO Suministra VALUES ('Nitoryu',4858484148,'2021-02-03',480);
INSERT INTO Suministra VALUES ('Sun(ta)',6931513385,'2021-02-06',55);
INSERT INTO Suministra VALUES ('Hokusai',2695948756,'2021-02-09',120);
INSERT INTO Suministra VALUES ('BARUHARA',7899468756,'2021-02-12',750);
INSERT INTO Suministra VALUES ('NFF',5198165654,'2021-02-15',245);
INSERT INTO Suministra VALUES ('BunnyR',1654516541,'2021-02-18',95);
INSERT INTO Suministra VALUES ('Red Rose',1584714653,'2021-02-21',4899);
INSERT INTO Suministra VALUES ('Csejte',2694691369,'2021-02-24',5100);
INSERT INTO Suministra VALUES ('Tsar Bunker',3064612506,'2021-02-27',85);
INSERT INTO Suministra VALUES ('Nitoryu',3206561084,'2021-03-02',85);
INSERT INTO Suministra VALUES ('Sun(ta)',6061764786,'2021-03-05',210);
INSERT INTO Suministra VALUES ('Hokusai',9590612845,'2021-03-08',250);
INSERT INTO Suministra VALUES ('BARUHARA',6164067512,'2021-03-11',840);
INSERT INTO Suministra VALUES ('NFF',6504841166,'2021-03-14',90);
INSERT INTO Suministra VALUES ('BunnyR',846544712,'2021-03-17',170);
INSERT INTO Suministra VALUES ('Red Rose',794094707,'2021-03-20',360);
INSERT INTO Suministra VALUES ('Csejte',4879182060,'2021-03-23',440);
INSERT INTO Suministra VALUES ('Tsar Bunker',9562845136,'2021-03-26',945);
INSERT INTO Suministra VALUES ('Nitoryu',3694517810,'2021-03-29',580);
INSERT INTO Suministra VALUES ('Sun(ta)',5178947941,'2021-04-01',1110);
INSERT INTO Suministra VALUES ('Hokusai',1781654751,'2021-04-04',2320);
INSERT INTO Suministra VALUES ('BARUHARA',1684751615,'2021-04-07',379);
INSERT INTO Suministra VALUES ('NFF',1549845384,'2021-04-10',1548);
INSERT INTO Suministra VALUES ('BunnyR',4846751168,'2021-04-13',2150);
INSERT INTO Suministra VALUES ('Red Rose',9908970144,'2021-04-16',140);
INSERT INTO Suministra VALUES ('Csejte',1497914799,'2021-04-19',225);
INSERT INTO Suministra VALUES ('Tsar Bunker',9971461894,'2021-04-22',310);
INSERT INTO Suministra VALUES ('Nitoryu',6497134814,'2021-04-25',360);
INSERT INTO Suministra VALUES ('Sun(ta)',4515751846,'2021-04-28',495);
INSERT INTO Suministra VALUES ('Hokusai',2154876113,'2021-05-01',50);
INSERT INTO Suministra VALUES ('BARUHARA',1576108450,'2021-05-04',80);


INSERT INTO Inventario VALUES ('1584513654',24,'Bone',175,'Caja lapiz Medio');
INSERT INTO Inventario VALUES ('4859673148',10,'Dragon',120,'Caja corrector');
INSERT INTO Inventario VALUES ('6958316485',50,'Stake',75,'Caja de Puntillas');
INSERT INTO Inventario VALUES ('2695383614',10,'Stimulus',280,'Lapiceros');
INSERT INTO Inventario VALUES ('1585813654',2,'Stinger',1610,'Caja Calculadora Tipo Basic');
INSERT INTO Inventario VALUES ('4858484148',15,'Tiny Bell',500,'Caja Boligrafo Colores');
INSERT INTO Inventario VALUES ('6931513385',40,'Fluid',100,'Caja Boligrafo Negro');
INSERT INTO Inventario VALUES ('2695948756',25,'Lantern',140,'Caja Goma de Borrar');
INSERT INTO Inventario VALUES ('7899468756',12,'Yggdrasil',800,'Caja Marcadores Colores');
INSERT INTO Inventario VALUES ('5198165654',8,'Octuplet',300,'Caja Baterias AA');
INSERT INTO Inventario VALUES ('1654516541',8,'PlumeP',110,'Tintura Colores');
INSERT INTO Inventario VALUES ('1584714653',5,'Page',5400,'Pluma Fuente Italic');
INSERT INTO Inventario VALUES ('2694691369',4,'Gear',5200,'Paquete Engrapadoras');
INSERT INTO Inventario VALUES ('3064612506',16,'Seashell',100,'Paquete Pegatinas');
INSERT INTO Inventario VALUES ('3206561084',20,'Magatama',95,'Paquete Tijeras');
INSERT INTO Inventario VALUES ('6061764786',24,'Ice Crystal',230,'Paquete Reglas');
INSERT INTO Inventario VALUES ('9590612845',15,'Ring',320,'Paquete Lapices HB');
INSERT INTO Inventario VALUES ('6164067512',20,'Aurora',880,'Caja lapices colores');
INSERT INTO Inventario VALUES ('6504841166',4,'Tranquility',4200,'Rollo hule');
INSERT INTO Inventario VALUES ('846544712',24,'Arrowhead',220,'Caja Marcador Negro');
INSERT INTO Inventario VALUES ('794094707',10,'Silver',450,'Caja Grapas');
INSERT INTO Inventario VALUES ('4879182060',5,'Vein',460,'Caja Quitagrapas');
INSERT INTO Inventario VALUES ('9562845136',3,'Scales',1000,'Caja Estilografo');
INSERT INTO Inventario VALUES ('3694517810',4,'Talon',1750,'Caja Paquete Cartulinas');
INSERT INTO Inventario VALUES ('5178947941',12,'Bloodstone',1200,'Caja Hojas Blancas');
INSERT INTO Inventario VALUES ('1781654751',2,'Tallow',2500,'Caja Calculadora Tipo Pro');
INSERT INTO Inventario VALUES ('1684751615',8,'Bycorn',460,'Caja Paquete Post-it S');
INSERT INTO Inventario VALUES ('1549845384',3,'Scarab',1700,'Caja Paquete Post-it G');
INSERT INTO Inventario VALUES ('4846751168',2,'Lanugo',3210,'Caja Libreta Pequeña');
INSERT INTO Inventario VALUES ('9908970144',3,'Bizarre',250,'Caja Cutter S');
INSERT INTO Inventario VALUES ('1497914799',3,'Reactor',250,'Caja Cutter G');
INSERT INTO Inventario VALUES ('9971461894',5,'Tsukumo',360,'Paquete Pastilina');
INSERT INTO Inventario VALUES ('6497134814',8,'Comet',420,'Caja Baterias AAA');
INSERT INTO Inventario VALUES ('4515751846',2,'Fruit',530,'Caja Boligrafos Aroma');
INSERT INTO Inventario VALUES ('2154876113',220,'Hozuki',35,'Cinta Adhesiva');
INSERT INTO Inventario VALUES ('1576108450',6,'Eternal',100,'Caja Lapiceras');

INSERT INTO Pertenece VALUES (1584513654,10,2,350);
INSERT INTO Pertenece VALUES (4859673148,11,3,360);
INSERT INTO Pertenece VALUES (6958316485,12,1,75);
INSERT INTO Pertenece VALUES (2695383614,10,1,280);
INSERT INTO Pertenece VALUES (1585813654,11,1,1610);
INSERT INTO Pertenece VALUES (4858484148,11,5,2500);
INSERT INTO Pertenece VALUES (6931513385,12,10,1000);
INSERT INTO Pertenece VALUES (2695948756,13,6,840);
INSERT INTO Pertenece VALUES (7899468756,13,3,2400);
INSERT INTO Pertenece VALUES (5198165654,13,8,2400);
INSERT INTO Pertenece VALUES (1654516541,14,2,220);
INSERT INTO Pertenece VALUES (1584714653,10,1,5400);
INSERT INTO Pertenece VALUES (2694691369,10,1,5200);
INSERT INTO Pertenece VALUES (3064612506,10,5,500);
INSERT INTO Pertenece VALUES (3206561084,10,3,285);
INSERT INTO Pertenece VALUES (6061764786,12,5,1150);
INSERT INTO Pertenece VALUES (9590612845,12,8,2560);
INSERT INTO Pertenece VALUES (6164067512,13,12,10560);
INSERT INTO Pertenece VALUES (6504841166,15,3,12600);
INSERT INTO Pertenece VALUES (846544712,15,20,4400);
INSERT INTO Pertenece VALUES (794094707,16,2,900);
INSERT INTO Pertenece VALUES (4879182060,11,1,460);
INSERT INTO Pertenece VALUES (9562845136,12,10,10000);
INSERT INTO Pertenece VALUES (3694517810,14,10,17500);
INSERT INTO Pertenece VALUES (5178947941,17,24,28800);
INSERT INTO Pertenece VALUES (1781654751,17,1,2500);
INSERT INTO Pertenece VALUES (1684751615,18,4,1840);
INSERT INTO Pertenece VALUES (1549845384,19,2,3400);
INSERT INTO Pertenece VALUES (4846751168,15,2,6420);
INSERT INTO Pertenece VALUES (9908970144,19,1,250);
INSERT INTO Pertenece VALUES (1497914799,20,1,250);
INSERT INTO Pertenece VALUES (9971461894,20,1,360);
INSERT INTO Pertenece VALUES (6497134814,20,4,1680);
INSERT INTO Pertenece VALUES (4515751846,20,1,530);
INSERT INTO Pertenece VALUES (2154876113,20,200,7000);
INSERT INTO Pertenece VALUES (1576108450,21,2,200);

INSERT INTO Venta VALUES (id_VENT(),'2021-06-01',12015,'CLP155');
INSERT INTO Venta VALUES (id_VENT(),'2021-06-05',4930,'SEN345');
INSERT INTO Venta VALUES (id_VENT(),'2021-06-09',14785,'SES876');
INSERT INTO Venta VALUES (id_VENT(),'2021-06-13',16200,'YEH751');
INSERT INTO Venta VALUES (id_VENT(),'2021-06-17',17720,'CCC001');
INSERT INTO Venta VALUES (id_VENT(),'2021-06-21',23420,'SES876');
INSERT INTO Venta VALUES (id_VENT(),'2021-06-25',900,'SEN345');
INSERT INTO Venta VALUES (id_VENT(),'2021-06-29',31300,'CCC001');
INSERT INTO Venta VALUES (id_VENT(),'2021-07-03',1840,'CLP155');
INSERT INTO Venta VALUES (id_VENT(),'2021-07-07',3650,'CLP155');
INSERT INTO Venta VALUES (id_VENT(),'2021-07-11',9820,'CCC001');
INSERT INTO Venta VALUES (id_VENT(),'2021-07-15',200,'CCC001');

INSERT INTO Cliente VALUES ('CLP155','Ivan the Terrible','TEIT14525','1st Permafrost',205,40418,'Russia','Cosmos','kingisme@yaga.com');
INSERT INTO Cliente VALUES ('SEN345','Ereshkigal','VRIE11326','3rd Xmas',196,51217,'Meikai','EF Rmmnt','undercold@lonely.com');
INSERT INTO Cliente VALUES ('SES876','Mysterious Heroine XX','HXMY9456','3rd Summer',222,90718,'Luluhawa','Singularity','iwantoquit@fpolice.com');
INSERT INTO Cliente VALUES ('YEH751','Hijikata Toshizo','TOHI13228','2nd Honnouji',161,19417,'Meiji','Singularity','shinsengumi@DAAAA.com');
INSERT INTO Cliente VALUES ('CCC001','BB','CCC99999','CCC Ballet',166,10517,'SERAPH','Deep Sea of Imaginary Numbers','superusuario@admin.com');
