
INSERT INTO tipoproducto (TipoProducto) VALUES ('Regalo');
INSERT INTO tipoproducto (TipoProducto) VALUES ('Articulo de papeleria');

INSERT INTO impresion (TamañoHoja,TipoImpresion,PrecioServ,DescripcionServ) VALUES ('A0','Blanco/Negro',1,'Impresion A0 Blanco y Negro');
INSERT INTO impresion (TamañoHoja,TipoImpresion,PrecioServ,DescripcionServ) VALUES ('A0','Color',2,'Impresion A0 a Color');
INSERT INTO impresion (TamañoHoja,TipoImpresion,PrecioServ,DescripcionServ) VALUES ('A1','Blanco/Negro',2,'Impresion A1 Blanco y Negro');
INSERT INTO impresion (TamañoHoja,TipoImpresion,PrecioServ,DescripcionServ) VALUES ('A1','Color',3,'Impresion A1 a Color');
INSERT INTO impresion (TamañoHoja,TipoImpresion,PrecioServ,DescripcionServ) VALUES ('A2','Blanco/Negro',3,'Impresion A2 Blanco y Negro');
INSERT INTO impresion (TamañoHoja,TipoImpresion,PrecioServ,DescripcionServ) VALUES ('A2','Color',4,'Impresion A2 a Color');
INSERT INTO impresion (TamañoHoja,TipoImpresion,PrecioServ,DescripcionServ) VALUES ('A3','Blanco/Negro',4,'Impresion A3 Blanco y Negro');
INSERT INTO impresion (TamañoHoja,TipoImpresion,PrecioServ,DescripcionServ) VALUES ('A3','Color',5,'Impresion A3 a Color');

INSERT INTO recarga (Compañia,PrecioRecarga,DescripcionServ) VALUES ('Movistar',10,'Recarga Movistar de 10 pesos');
INSERT INTO recarga (Compañia,PrecioRecarga,DescripcionServ) VALUES ('Movistar',20,'Recarga Movistar de 20 pesos');
INSERT INTO recarga (Compañia,PrecioRecarga,DescripcionServ) VALUES ('Movistar',30,'Recarga Movistar de 30 pesos');
INSERT INTO recarga (Compañia,PrecioRecarga,DescripcionServ) VALUES ('Movistar',50,'Recarga Movistar de 50 pesos');
INSERT INTO recarga (Compañia,PrecioRecarga,DescripcionServ) VALUES ('Movistar',100,'Recarga Movistar de 100 pesos');
INSERT INTO recarga (Compañia,PrecioRecarga,DescripcionServ) VALUES ('Movistar',200,'Recarga Movistar de 200 pesos');
INSERT INTO recarga (Compañia,PrecioRecarga,DescripcionServ) VALUES ('Movistar',500,'Recarga Movistar de 500 pesos');

INSERT INTO recarga (Compañia,PrecioRecarga,DescripcionServ) VALUES ('Telcel',10,'Recarga Telcel de 10 pesos');
INSERT INTO recarga (Compañia,PrecioRecarga,DescripcionServ) VALUES ('Telcel',20,'Recarga Telcel de 20 pesos');
INSERT INTO recarga (Compañia,PrecioRecarga,DescripcionServ) VALUES ('Telcel',30,'Recarga Telcel de 30 pesos');
INSERT INTO recarga (Compañia,PrecioRecarga,DescripcionServ) VALUES ('Telcel',50,'Recarga Telcel de 50 pesos');
INSERT INTO recarga (Compañia,PrecioRecarga,DescripcionServ) VALUES ('Telcel',100,'Recarga Telcel de 100 pesos');
INSERT INTO recarga (Compañia,PrecioRecarga,DescripcionServ) VALUES ('Telcel',200,'Recarga Telcel de 200 pesos');
INSERT INTO recarga (Compañia,PrecioRecarga,DescripcionServ) VALUES ('Telcel',500,'Recarga Telcel de 500 pesos');

INSERT INTO recarga (Compañia,PrecioRecarga,DescripcionServ) VALUES ('UNEFON',10,'Recarga UNEFON de 10 pesos');
INSERT INTO recarga (Compañia,PrecioRecarga,DescripcionServ) VALUES ('UNEFON',20,'Recarga UNEFON de 20 pesos');
INSERT INTO recarga (Compañia,PrecioRecarga,DescripcionServ) VALUES ('UNEFON',30,'Recarga UNEFON de 30 pesos');
INSERT INTO recarga (Compañia,PrecioRecarga,DescripcionServ) VALUES ('UNEFON',50,'Recarga UNEFON de 50 pesos');
INSERT INTO recarga (Compañia,PrecioRecarga,DescripcionServ) VALUES ('UNEFON',100,'Recarga UNEFON de 100 pesos');
INSERT INTO recarga (Compañia,PrecioRecarga,DescripcionServ) VALUES ('UNEFON',200,'Recarga UNEFON de 200 pesos');
INSERT INTO recarga (Compañia,PrecioRecarga,DescripcionServ) VALUES ('UNEFON',500,'Recarga UNEFON de 500 pesos');

INSERT INTO recarga (Compañia,PrecioRecarga,DescripcionServ) VALUES ('AT&T',10,'Recarga AT&T de 10 pesos');
INSERT INTO recarga (Compañia,PrecioRecarga,DescripcionServ) VALUES ('AT&T',20,'Recarga AT&T de 20 pesos');
INSERT INTO recarga (Compañia,PrecioRecarga,DescripcionServ) VALUES ('AT&T',30,'Recarga AT&T de 30 pesos');
INSERT INTO recarga (Compañia,PrecioRecarga,DescripcionServ) VALUES ('AT&T',50,'Recarga AT&T de 50 pesos');
INSERT INTO recarga (Compañia,PrecioRecarga,DescripcionServ) VALUES ('AT&T',100,'Recarga AT&T de 100 pesos');
INSERT INTO recarga (Compañia,PrecioRecarga,DescripcionServ) VALUES ('AT&T',200,'Recarga AT&T de 200 pesos');
INSERT INTO recarga (Compañia,PrecioRecarga,DescripcionServ) VALUES ('AT&T',500,'Recarga AT&T de 500 pesos');

INSERT INTO inventario VALUES (123456789012,1,'29-05-2001',120);
INSERT INTO inventario VALUES (131313131313,5,'01-07-2001',180);
INSERT INTO inventario VALUES (210987654321,2,'15-11-2002',80);
INSERT INTO inventario VALUES (321654789021,7,'12-03-2008',50);

INSERT INTO producto VALUES (123456789012,3,'Pelikan','Borrador Blanco',2);
INSERT INTO producto VALUES (131313131313,10,'Apica','Pluma de gel',2);
INSERT INTO producto VALUES (210987654321,5,'Bic','Pluma negra punto fino',2);
INSERT INTO producto VALUES (321654789021,12,'Dixon','Pegamento en Barra',2);

INSERT INTO proveedor VALUES ('Mateo Benitez Juan','Mateo Benitez','Oaxaca','Col.Ex-Normal Tuxtepex','Calle Agustin Lara',68370,69);
INSERT INTO proveedor VALUES ('Super Bodega de Cordoba','Bodega de Cordoba','Oaxaca','Centro de Tuxtepex','Av. Independencia',68300,545);
INSERT INTO proveedor VALUES ('Bodega Papeleria Gasio','Bodegas Gasio','Michoacan','Central de Abastos','Calle Naranja',58218,17);
INSERT INTO proveedor VALUES ('Grupo Lozano HNOS','Grupo Lozano','Ciudad de Mexico','Cuauhtemoc','Jose Maria Izazaga',06080,39);

INSERT INTO telefono VALUES (9128752781,'Mateo Benitez Juan');
INSERT INTO telefono VALUES (8717473800,'Mateo Benitez Juan');
INSERT INTO telefono VALUES (9128751579,'Super Bodega de Cordoba');
INSERT INTO telefono VALUES (4433232889,'Bodega Papeleria Gasio');
INSERT INTO telefono VALUES (5555787511,'Grupo Lozano HNOS');

INSERT INTO cliente VALUES ('45ASD56DSA123','Miramar','San Luis Potosi','Colonia Centro','Julian de los Reyes',78000,310);
INSERT INTO cliente VALUES ('78FFE89AAD235','Diardi','Michoacan','Uruapan','Alvaro Obregon',37000,106);
INSERT INTO cliente VALUES ('48AEC52AQD485','Frida','Queretaro','Niños Heroes','Pino Suarez',76010,271);

INSERT INTO email VALUES ('papeleria.miramar@gmail.com','45ASD56DSA123');
INSERT INTO email VALUES ('diardi.papes@hotmail.com','78FFE89AAD235');
INSERT INTO email VALUES ('arte.y.material.frida@yahoo.com','48AEC52AQD485');

INSERT INTO consumo(FechaVenta,CantidadArticulo,PrecioArticulo,CodigoBarras) VALUES ('29-05-2019',12,10,'131313131313');
INSERT INTO consumo(FechaVenta,CantidadArticulo,PrecioArticulo,idRecarga) VALUES ('30-07-2019',1,500,7);
INSERT INTO consumo(FechaVenta,CantidadArticulo,PrecioArticulo,idImpresion) VALUES ('17-01-2021',2,5,8);
INSERT INTO consumo(FechaVenta,CantidadArticulo,PrecioArticulo,idImpresion) VALUES ('06-02-2021',8,1,1);
INSERT INTO consumo(FechaVenta,CantidadArticulo,PrecioArticulo,idImpresion) VALUES ('01-04-2021',8,1,1);
INSERT INTO consumo(FechaVenta,CantidadArticulo,PrecioArticulo,CodigoBarras) VALUES ('13-06-2021',24,3,'123456789012');
INSERT INTO consumo(FechaVenta,CantidadArticulo,PrecioArticulo,CodigoBarras) VALUES ('29-08-2021',5,12,'321654789021');
INSERT INTO consumo(FechaVenta,CantidadArticulo,PrecioArticulo,idRecarga) VALUES ('29-11-2021',3,10,8);


