

INSERT INTO CLIENTE VALUES('Armando', 'Patriotismo', 'Ciudad de Mexico');
INSERT INTO CLIENTE VALUES('Isaac', 'Cancún', 'Ciudad de Mexico');
INSERT INTO CLIENTE VALUES('Ricardo', 'Cocheras', 'Guanajuato');
INSERT INTO CLIENTE VALUES('Kevin', 'Romulo Figueroa', 'Chilpancingo');
INSERT INTO CLIENTE VALUES('Cristobal', 'Las Palmas', 'Guanajuato');
INSERT INTO CLIENTE VALUES('Alberto', 'Los pastos', 'Guanajuato');
INSERT INTO CLIENTE VALUES('Jairo', 'Alma marcela', 'Zacatecas');
INSERT INTO CLIENTE VALUES('Eduardo', 'Moneda', 'Estado de Mexico');
INSERT INTO CLIENTE VALUES('Abraham', 'Calle 13', 'Oaxaca');
INSERT INTO CLIENTE VALUES('Gustavo', 'Celaya', 'Guanajuato');

INSERT INTO CUENTA VALUES(1200, 'Copilco', 2800);
INSERT INTO CUENTA VALUES(1402, 'Aimep3', 7500);
INSERT INTO CUENTA VALUES(1503, 'La avispa', 50000);
INSERT INTO CUENTA VALUES(1604, 'Forza Horizon 5', 10000);
INSERT INTO CUENTA VALUES(1705, 'Forza Horizon 5', 1500);
INSERT INTO CUENTA VALUES(1806, 'Pasito perron', 5100);
INSERT INTO CUENTA VALUES(1907, 'Aimep3', 320);

INSERT INTO SUCURSAL VALUES('Copilco', 100000001, 'Ciudad de Mexico');
INSERT INTO SUCURSAL VALUES('Aimep3', 100000002, 'Estado de Mexico');
INSERT INTO SUCURSAL VALUES('La avispa', 100000003, 'Chilpancingo');
INSERT INTO SUCURSAL VALUES('Benito Juarez', 100000004, 'Oaxaca');
INSERT INTO SUCURSAL VALUES('Forza Horizon 5', 100000005, 'Guanajuato');
INSERT INTO SUCURSAL VALUES('Pasito perron', 100000006, 'Zacatecas');

INSERT INTO PRESTAMO VALUES(1001,'Forza Horizon 5',1000);
INSERT INTO PRESTAMO VALUES(1002,'Forza Horizon 5',2000);
INSERT INTO PRESTAMO VALUES(1003,'Pasito perron',3000);
INSERT INTO PRESTAMO VALUES(1004,'Aimep3',5000);
INSERT INTO PRESTAMO VALUES(1005,'Copilco',6000);
INSERT INTO PRESTAMO VALUES(1006,'Copilco',7000);

INSERT INTO CTACLIENTE VALUES(1200,'Armando');
INSERT INTO CTACLIENTE VALUES(1402,'Ricardo');
INSERT INTO CTACLIENTE VALUES(1503,'Kevin');
INSERT INTO CTACLIENTE VALUES(1604,'Cristobal');
INSERT INTO CTACLIENTE VALUES(1705,'Alberto');
INSERT INTO CTACLIENTE VALUES(1806,'Jairo');
INSERT INTO CTACLIENTE VALUES(1907,'Eduardo');

INSERT INTO PRESTATARIO VALUES(1001, 'Cristobal');
INSERT INTO PRESTATARIO VALUES(1002, 'Ricardo');
INSERT INTO PRESTATARIO VALUES(1003, 'Jairo');
INSERT INTO PRESTATARIO VALUES(1004, 'Eduardo');
INSERT INTO PRESTATARIO VALUES(1005, 'Armando');
INSERT INTO PRESTATARIO VALUES(1006, 'Isaac');
