<?xml version = '1.0' encoding = 'UTF-8'?>
<Relation class="oracle.dbtools.crest.model.design.logical.Relation" name="RFC_PROVEDOR_FK" directorySegmentName="seg_0" id="2AEA581C-3D1A-1057-87A2-4143BBF437BD">
<createdBy>jimjo</createdBy>
<createdTime>2025-04-29 21:44:49 UTC</createdTime>
<generatorID>DFA2A5F1-6A93-99F8-2A39-9341AA210709</generatorID>
<ownerDesignName>ProyectoFinal</ownerDesignName>
<engineerTo>
<item key="89DEF605-5995-7AC5-7AB0-DA3C960611F7" value="true"/>
</engineerTo>
<sourcePk>540ACEEB-8045-C37B-F868-2E70B92210F8</sourcePk>
<identifying>false</identifying>
<optionalSource>true</optionalSource>
<optionalTarget>false</optionalTarget>
<sourceCardinality>1</sourceCardinality>
<sourceEntity>E4D66DE0-2579-5368-2E0E-78023B53A921</sourceEntity>
<targetCardinalityString>*</targetCardinalityString>
<targetEntity>0525A174-C6EA-8577-9727-B432C3950E79</targetEntity>
<transferable>true</transferable>
<deleteRule>NO ACTION</deleteRule>
</Relation>