<?xml version = '1.0' encoding = 'UTF-8'?>
<Relation class="oracle.dbtools.crest.model.design.logical.Relation" name="EMPLEADO_DIRECCION_FK" directorySegmentName="seg_0" id="359D70AA-9E05-9D88-4000-0ABD35902514">
<createdBy>jimjo</createdBy>
<createdTime>2025-04-29 21:44:49 UTC</createdTime>
<generatorID>B9BD4F74-ADD0-7E6C-2353-43CEE8249432</generatorID>
<ownerDesignName>ProyectoFinal</ownerDesignName>
<engineerTo>
<item key="89DEF605-5995-7AC5-7AB0-DA3C960611F7" value="true"/>
</engineerTo>
<sourcePk>F1443D59-EAF3-68C1-53ED-DDE1D22F4970</sourcePk>
<identifying>false</identifying>
<optionalSource>true</optionalSource>
<optionalTarget>false</optionalTarget>
<sourceCardinality>1</sourceCardinality>
<sourceEntity>99817AE7-87E6-0921-80B2-AF97839A66AC</sourceEntity>
<targetCardinalityString>*</targetCardinalityString>
<targetEntity>9A831038-AB31-DEC4-44BB-CC8EF694A7B0</targetEntity>
<transferable>true</transferable>
<deleteRule>NO ACTION</deleteRule>
</Relation>