<?xml version = '1.0' encoding = 'UTF-8'?>
<Relation class="oracle.dbtools.crest.model.design.logical.Relation" name="TIENE_VENTA_FK" directorySegmentName="seg_0" id="4987FDE7-9095-9533-AF1B-C045FAC60D12">
<createdBy>jimjo</createdBy>
<createdTime>2025-04-29 21:44:49 UTC</createdTime>
<generatorID>6D819DC3-A707-5A29-0173-6395544505C8</generatorID>
<ownerDesignName>ProyectoFinal</ownerDesignName>
<engineerTo>
<item key="89DEF605-5995-7AC5-7AB0-DA3C960611F7" value="true"/>
</engineerTo>
<sourcePk>FC08BE12-E35E-26D9-41A5-5F15278984F0</sourcePk>
<identifying>true</identifying>
<optionalSource>false</optionalSource>
<optionalTarget>false</optionalTarget>
<sourceCardinality>1</sourceCardinality>
<sourceEntity>A3D93819-CBE5-D421-538C-26EDACFC7E7E</sourceEntity>
<targetCardinalityString>*</targetCardinalityString>
<targetEntity>71BDC230-0ACA-CA3D-41CB-B9AE017E2802</targetEntity>
<transferable>true</transferable>
<deleteRule>CASCADE</deleteRule>
</Relation>