<?xml version = '1.0' encoding = 'UTF-8'?>
<Relation class="oracle.dbtools.crest.model.design.logical.Relation" name="VENTA_EMPLEADO_VENTA_FK" directorySegmentName="seg_0" id="9758F1CE-B7C2-F4B3-1DFF-2FC163FCDB9D">
<createdBy>jimjo</createdBy>
<createdTime>2025-04-29 21:44:49 UTC</createdTime>
<generatorID>1ED7997F-D1F0-F0DF-A537-B1EE2E4D896C</generatorID>
<ownerDesignName>ProyectoFinal</ownerDesignName>
<engineerTo>
<item key="89DEF605-5995-7AC5-7AB0-DA3C960611F7" value="true"/>
</engineerTo>
<sourcePk>FC08BE12-E35E-26D9-41A5-5F15278984F0</sourcePk>
<identifying>true</identifying>
<optionalSource>false</optionalSource>
<optionalTarget>false</optionalTarget>
<sourceCardinality>1</sourceCardinality>
<sourceEntity>A3D93819-CBE5-D421-538C-26EDACFC7E7E</sourceEntity>
<targetCardinalityString>*</targetCardinalityString>
<targetEntity>86B4F31D-F7F2-FEF9-4691-0B73E8393399</targetEntity>
<transferable>true</transferable>
<deleteRule>CASCADE</deleteRule>
</Relation>