<?xml version = '1.0' encoding = 'UTF-8'?>
<Relation class="oracle.dbtools.crest.model.design.logical.Relation" name="CLIENTE_DIRECCION_FK" directorySegmentName="seg_0" id="9C58278B-93B8-DE0D-B8A2-BEB3A842A126">
<createdBy>jimjo</createdBy>
<createdTime>2025-04-29 21:44:49 UTC</createdTime>
<generatorID>AA3FB90F-36E2-506C-646D-3A43BFC5A375</generatorID>
<ownerDesignName>ProyectoFinal</ownerDesignName>
<engineerTo>
<item key="89DEF605-5995-7AC5-7AB0-DA3C960611F7" value="true"/>
</engineerTo>
<sourcePk>F1443D59-EAF3-68C1-53ED-DDE1D22F4970</sourcePk>
<identifying>false</identifying>
<optionalSource>true</optionalSource>
<optionalTarget>false</optionalTarget>
<sourceCardinality>1</sourceCardinality>
<sourceEntity>99817AE7-87E6-0921-80B2-AF97839A66AC</sourceEntity>
<targetCardinalityString>*</targetCardinalityString>
<targetEntity>621C3145-B79F-5088-8846-349996AD3B19</targetEntity>
<transferable>true</transferable>
<deleteRule>NO ACTION</deleteRule>
</Relation>