<?xml version = '1.0' encoding = 'UTF-8'?>
<Relation class="oracle.dbtools.crest.model.design.logical.Relation" name="TIENE_ARTICULO_FK" directorySegmentName="seg_0" id="A5FB0491-816F-E18C-BB58-4D8A71DE94E2">
<createdBy>jimjo</createdBy>
<createdTime>2025-04-29 21:44:49 UTC</createdTime>
<generatorID>0B39CEAD-2A1A-83E7-D927-20105D23B97D</generatorID>
<ownerDesignName>ProyectoFinal</ownerDesignName>
<engineerTo>
<item key="89DEF605-5995-7AC5-7AB0-DA3C960611F7" value="true"/>
</engineerTo>
<sourcePk>E08E1860-AED0-B59E-FEFE-80837D2F3DE8</sourcePk>
<identifying>true</identifying>
<optionalSource>false</optionalSource>
<optionalTarget>false</optionalTarget>
<sourceCardinality>1</sourceCardinality>
<sourceEntity>0525A174-C6EA-8577-9727-B432C3950E79</sourceEntity>
<targetCardinalityString>*</targetCardinalityString>
<targetEntity>71BDC230-0ACA-CA3D-41CB-B9AE017E2802</targetEntity>
<transferable>true</transferable>
<deleteRule>CASCADE</deleteRule>
</Relation>