<?xml version = '1.0' encoding = 'UTF-8'?>
<Relation class="oracle.dbtools.crest.model.design.logical.Relation" name="VENTA_CLIENTE_FK" directorySegmentName="seg_0" id="C3918813-D205-7534-32C6-D27FC940A2F7">
<createdBy>jimjo</createdBy>
<createdTime>2025-04-29 21:44:49 UTC</createdTime>
<generatorID>25916912-BDC0-FB6E-86BC-7BCFDB93000F</generatorID>
<ownerDesignName>ProyectoFinal</ownerDesignName>
<engineerTo>
<item key="89DEF605-5995-7AC5-7AB0-DA3C960611F7" value="true"/>
</engineerTo>
<sourcePk>754E869F-0008-D514-72FE-CECFC467625D</sourcePk>
<identifying>false</identifying>
<optionalSource>true</optionalSource>
<optionalTarget>false</optionalTarget>
<sourceCardinality>1</sourceCardinality>
<sourceEntity>621C3145-B79F-5088-8846-349996AD3B19</sourceEntity>
<targetCardinalityString>*</targetCardinalityString>
<targetEntity>A3D93819-CBE5-D421-538C-26EDACFC7E7E</targetEntity>
<transferable>true</transferable>
<deleteRule>NO ACTION</deleteRule>
</Relation>