<?xml version = '1.0' encoding = 'UTF-8'?>
<Relation class="oracle.dbtools.crest.model.design.logical.Relation" name="EMPLEADO_EMPLEADO_FK" directorySegmentName="seg_0" id="C7B78B45-91BF-7EFC-C984-43D017198FEF">
<createdBy>jimjo</createdBy>
<createdTime>2025-04-29 21:44:49 UTC</createdTime>
<generatorID>016AED17-9663-AEC9-9431-9F05D6D9970B</generatorID>
<ownerDesignName>ProyectoFinal</ownerDesignName>
<engineerTo>
<item key="89DEF605-5995-7AC5-7AB0-DA3C960611F7" value="true"/>
</engineerTo>
<targetPk>0454E3B4-0D03-DE91-71BE-9F0734929317</targetPk>
<identifying>false</identifying>
<optionalSource>true</optionalSource>
<optionalTarget>true</optionalTarget>
<sourceCardinality>1</sourceCardinality>
<sourceEntity>9A831038-AB31-DEC4-44BB-CC8EF694A7B0</sourceEntity>
<targetCardinalityString>*</targetCardinalityString>
<targetEntity>9A831038-AB31-DEC4-44BB-CC8EF694A7B0</targetEntity>
<transferable>true</transferable>
<deleteRule>NO ACTION</deleteRule>
</Relation>