<?xml version = '1.0' encoding = 'UTF-8'?>
<Relation class="oracle.dbtools.crest.model.design.logical.Relation" name="PROVEDOR_DIRECCION_FK" directorySegmentName="seg_0" id="DA831615-7017-FD94-4E04-3B6A1757895D">
<createdBy>jimjo</createdBy>
<createdTime>2025-04-29 21:44:49 UTC</createdTime>
<generatorID>33A63EAF-8BC7-22FE-02F3-B92DBB88782B</generatorID>
<ownerDesignName>ProyectoFinal</ownerDesignName>
<engineerTo>
<item key="89DEF605-5995-7AC5-7AB0-DA3C960611F7" value="true"/>
</engineerTo>
<sourcePk>F1443D59-EAF3-68C1-53ED-DDE1D22F4970</sourcePk>
<identifying>false</identifying>
<optionalSource>true</optionalSource>
<optionalTarget>false</optionalTarget>
<sourceCardinality>1</sourceCardinality>
<sourceEntity>99817AE7-87E6-0921-80B2-AF97839A66AC</sourceEntity>
<targetCardinalityString>*</targetCardinalityString>
<targetEntity>E4D66DE0-2579-5368-2E0E-78023B53A921</targetEntity>
<transferable>true</transferable>
<deleteRule>NO ACTION</deleteRule>
</Relation>