<?xml version = '1.0' encoding = 'UTF-8'?>
<Relation class="oracle.dbtools.crest.model.design.logical.Relation" name="VENTA_EMPLEADO_EMPLEADO_FK" directorySegmentName="seg_0" id="E79335C9-AD13-39A2-C369-9BA5140A7A6A">
<createdBy>jimjo</createdBy>
<createdTime>2025-04-29 21:44:49 UTC</createdTime>
<generatorID>7727549B-BAC5-3E90-0F7C-DB5749712777</generatorID>
<ownerDesignName>ProyectoFinal</ownerDesignName>
<engineerTo>
<item key="89DEF605-5995-7AC5-7AB0-DA3C960611F7" value="true"/>
</engineerTo>
<sourcePk>0454E3B4-0D03-DE91-71BE-9F0734929317</sourcePk>
<identifying>true</identifying>
<optionalSource>false</optionalSource>
<optionalTarget>false</optionalTarget>
<sourceCardinality>1</sourceCardinality>
<sourceEntity>9A831038-AB31-DEC4-44BB-CC8EF694A7B0</sourceEntity>
<targetCardinalityString>*</targetCardinalityString>
<targetEntity>86B4F31D-F7F2-FEF9-4691-0B73E8393399</targetEntity>
<transferable>true</transferable>
<deleteRule>CASCADE</deleteRule>
</Relation>