<?xml version = '1.0' encoding = 'UTF-8'?>
<Relation class="oracle.dbtools.crest.model.design.logical.Relation" name="Clave_Cat_FK" directorySegmentName="seg_0" id="E8EF0B35-CC2A-510D-6508-5FA5F5B79854">
<createdBy>jimjo</createdBy>
<createdTime>2025-04-29 21:44:49 UTC</createdTime>
<generatorID>AC3DFA71-DAA7-0150-3382-EB9B61C6F541</generatorID>
<ownerDesignName>ProyectoFinal</ownerDesignName>
<engineerTo>
<item key="89DEF605-5995-7AC5-7AB0-DA3C960611F7" value="true"/>
</engineerTo>
<sourcePk>CEEEB27F-2077-55E7-7C7D-DCEEFAFA8577</sourcePk>
<identifying>false</identifying>
<optionalSource>true</optionalSource>
<optionalTarget>false</optionalTarget>
<sourceCardinality>1</sourceCardinality>
<sourceEntity>2EEC7648-2E8D-6FBC-4F88-F39D256EE33E</sourceEntity>
<targetCardinalityString>*</targetCardinalityString>
<targetEntity>0525A174-C6EA-8577-9727-B432C3950E79</targetEntity>
<transferable>true</transferable>
<deleteRule>NO ACTION</deleteRule>
</Relation>