<?xml version = '1.0' encoding = 'UTF-8'?>
<Relation class="oracle.dbtools.crest.model.design.logical.Relation" name="EMPLEADO_SURCURSAL_FK" directorySegmentName="seg_0" id="F201C9FA-17BB-A3CA-8D21-C1A1AEC68524">
<createdBy>jimjo</createdBy>
<createdTime>2025-04-29 21:44:49 UTC</createdTime>
<generatorID>E4C2B7EC-12CA-DAE2-723C-9AF59222F84D</generatorID>
<ownerDesignName>ProyectoFinal</ownerDesignName>
<engineerTo>
<item key="89DEF605-5995-7AC5-7AB0-DA3C960611F7" value="true"/>
</engineerTo>
<sourcePk>CDB207C7-8840-B22C-189F-42580AF9EFFD</sourcePk>
<identifying>false</identifying>
<optionalSource>true</optionalSource>
<optionalTarget>false</optionalTarget>
<sourceCardinality>1</sourceCardinality>
<sourceEntity>E47FD5DA-AE37-2617-F063-6462AC915CE6</sourceEntity>
<targetCardinalityString>*</targetCardinalityString>
<targetEntity>9A831038-AB31-DEC4-44BB-CC8EF694A7B0</targetEntity>
<transferable>true</transferable>
<deleteRule>NO ACTION</deleteRule>
</Relation>