{"ta/LUDIlEEJJ3kbpBz5z/w==":"mbr-122x89.jpg","FBvMEVb+PLvUMrWkfeGJNA==":"mbr-1-122x89.jpg","NF1bpA+6ELoK8hgXCbp/3g==":"mbr-1272x1920.jpg","1HVLxrC0d22JM5eU6ktNRw==":"mbr-1920x1316.jpg","YdYG2tvGushJ93eozVwBYQ==":"mbr-1920x1280.jpg","Xm7BgP1IexKd6j4rBdWoWw==":"mbr-1920x1295.jpg","e758J/+LXHMwzA5/OA+WBw==":"mbr-1-1920x1280.jpg","69Dyr3Czy6ajzDoOcK+q/g==":"mbr-1920x1275.jpg","xJzEbIz8J/fmk+PHJnukyw==":"mbr-2-1920x1280.jpg","q8wqOklCs5wUPv+VzWAImA==":"mbr-1920x1279.jpg","j2iRddlNVvnZNrXEmU6NWQ==":"mbr-1920x1276.jpg","WAEpMvieXW5IREpx4DxLsw==":"mbr-1920x1281.jpg","i3yzavIByzzxqWW8kFoBAg==":"lapiz_bic_evolution_c12_grande-300x300.jpg","jY6z6k+P7FAO6bwggvCx8A==":"1-500x500.jpg","kO8ZqmUP0fyFsELswVmu5g==":"17875.webp","7EJivpUGUf0WX18ynHl62w==":"2-676x676.jpg","UAc7kepzJPkrSn4uqTRvmw==":"background4.jpg","VqNAQAfxfg2ssKurDhZNEg==":"mbr-1-1920x1276.jpg","41tl+3ckPtUixt3fue+uSQ==":"mbr-3-1920x1280.jpg","svMP2J+XbrwBP3ck3ekFLA==":"mbr-4-1920x1280.jpg","bV+eIdmHc7SIJwj/NN06xg==":"1.webp","8SLv1P/b9gjRE4srJFF8QA==":"mbr-1-1920x1281.jpg","RHe1J4e77J2bV2vRcAgHvA==":"mbr-5-1920x1280.jpg","XvaSBvmYWqoQnIUbRK7jMg==":"mbr-1-1272x1920.jpg","3bKXr6x+Q4mvjBy1V/fMZA==":"3-500x500.jpg","oAn3tcMQIjscLw3IeVIK9A==":"4-500x500.jpg","fcONt1wiR2X9QElCdF+CVA==":"goma_migajon-241x161.jpg","lGMZmfnPawrSxzqi+cWNSA==":"17875-515x515.png","6JtHQsC5yGMQnmZaj7JKew==":"1%20(3)-1046x1046.png","rhXme2qCzRfBWEjQuVzVYw==":"218590-500x500.jpg","8+tt/dNBCpQWEdAPiNayKQ==":"436-500x500.jpg","hkq512etXsnJFLOWhc6drQ==":"mbr-6-1920x1280.jpg","CQEugjTPZQSznHx2eELU8Q==":"mbr-7-1920x1280.jpg","tOITltCntbm3/3NiRvL7kA==":"mbr-1288x1920.jpg","xOjt79d0Jxe0+hqqB1d+vg==":"mbr-8-1920x1280.jpg","xhkvMECAK80PHY1uSgyO6g==":"mbr-1920x1239.jpg","ruM0c3LV3/KBib7rlCllAw==":"the-creation-of-adam-436007-1920-1920x1280.jpg","fXQVOkMkXo9spGbUIAHa1A==":"art-school-of-athens-1143741-1920-1920x1222.jpg","ECNnQNP4Iq/gvHJriqdQKA==":"vatican-3578073_960-720-960x640.jpg","kn+q0sHuJeWDYRHfop8TCg==":"godliness-3542547_960-720-662x720.jpg","yhZ/TGZ2D4VfsNubyIp/9A==":"mbr-1275x1920.jpg","E2euKWcTn5WqyLlYdep1xw==":"mbr-9-1920x1280.jpg","6KFJsfA3dKBX9zhdfdBgAA==":"yo-240x296.png","3hI9BlUnx0YBr/xsUZWI7A==":"mbr-1920x1274.jpg","nxD4Sy0UTNBHCTj8RgAW5A==":"mbr-1920x1849.jpg","Q1b2aHYFsjlNv40E40ZSuw==":"mbr-10-1920x1280.jpg","G+s84Tgr9DzmZnfDnwfh6A==":"103877725_10218192495264394_7314001239423123094_o-510x510.jpg","68I+BLfz/ZldYIBewCuS7w==":"18192589_10155722748520616_6770690322166945822_o-510x907.jpg","FvmS8NBedUsYfBTU8SwynA==":"17504508_1238873002876828_7412157508522158857_o-510x340.jpg","NxE0C+J+HuUQ+Qg+wf5jfA==":"69266253_2334338246663626_6865840792745803776_n-510x339.jpg","65Lg7f5kO8b2bA6ju9+8mg==":"69266253_2334338246663626_6865840792745803776_n-1-510x339.jpg","MIw93K6kh0tMHpNT4KTVKQ==":"18192589_10155722748520616_6770690322166945822_o-1-510x907.jpg","40i+966m/jjP/0AQTvBCBg==":"17504508_1238873002876828_7412157508522158857_o-1-510x340.jpg","H+5zrNWFCuatrvS1LoWfDg==":"18192589_10155722748520616_6770690322166945822_o-2-510x907.jpg","bWcmDWFylEIhVK0T9J3xYg==":"103877725_10218192495264394_7314001239423123094_o-1-510x510.jpg","I1QcT/N8dCGkOgqMDDLxRg==":"main-image-1200x950.jpg","hRJV7idPX4F0IiGbCYdD6w==":"main-image%20(1)-964x1200.jpg","a1wtpKUvj1B5YQzaTYynQw==":"main-image%20(2)-1200x816.jpg","hf9EcL7QB7jQsNV21UY48w==":"nenufares-monet-950x707.jpg","pLJXiRsGyABH3/8uM7+jpw==":"monet-impression-sunrise-450x345.jpg","tZZbXZE/Q+ahS1L/lFd/bw==":"monet-water-lilies-and-japanese-bridge-copia-1000x971.jpg","WH8SOQdTM7JprVYzEYBIqQ==":"frida-kahlo-obras-og-1200x630.jpg","t8T06g3qYlV3NFCyLWzWEA==":"6-830x834.jpg","YG+zdpxDLe+FpCF/DWpyag==":"f0688a4f3fb4b2704d34898bf20e57bc-400x298.jpg","5nXk6HqpoRtIO2Q9tAkROw==":"images-274x184.jpg","7xuoM5MZga+XwtSAAd+oQQ==":"estuche-lapices-polychromos-676x301.jpg","meuG11X4H3YQyBSsDUgIIQ==":"stay-puft-marshmallow-man-346x288.jpg","diSqtb0ciIT0IKjBHgdCEA==":"7-615x410.jpg","lP9YPy5V6RJ+2xQadXAwSA==":"mbr-11-1920x1280.jpg","D2Zd5Rj43DYHBgplCH6XQQ==":"mbr-1920x1146.jpg","MHOZvOR2YduYsg+U6qKsig==":"mbr-1920x1080.jpg","Hc992CQZ7oVM4bLsXR/LIw==":"mbr-12-1920x1280.jpg","VU/tM3NuD4fK7hsp/TProw==":"mbr-1920x1920.jpg","/cRxjEAeAR8KsSRMhR1kKg==":"mbr-1920x1440.jpg","9UnNQAXPAp4bYtMDOWsJ1w==":"mbr-1-1920x1920.jpg","Ripy7K8SOxfRfEX1NLor3A==":"mbr-13-1920x1280.jpg","BB+4wComahfP4VEB9Y3GcA==":"mbr-14-1920x1280.jpg","kF+0rdKNyAWsDQqdVrLZRg==":"mbr-15-1920x1280.jpg","z/fHfTgtbvqg2tI3+TqZjA==":"mbr-1-1920x1316.jpg","WWEjshU2Rj8mr6DBKvMgiw==":"mbr-16-1920x1280.jpg","YQdWX32upRQzwtwQ+B6Qyw==":"7-1-615x410.jpg","mi16wlsBhXGLR8yyp3Lh6Q==":"7-2-615x410.jpg","LkaQpCpNtSRDig7ZJrPUWA==":"7-3-615x410.jpg","sz4NoFtE6vywpdaOnfmfUw==":"7-4-615x410.jpg","NzMSjVIACnDjwFjfr8RWoQ==":"7-5-615x410.jpg","3c4p9KBYy4jHMaMC6I93ZQ==":"7-6-615x410.jpg"}