----------------------------------------
INSERT INTO empleado (num_empleado, rfc, edad, sueldo, fecha_nacimiento, nombre, ap_pat, ap_mat, calle, numero_domicilio, colonia,cod_postal, estado)
VALUES(1, 'DEML050615MNT', 18, 5000, '2005-06-15','Lorena', 'Delgado', 'Marquez', 'Ignacio Allende', 6, 'Los Heroes', '56530', 'Mexico');
-- ddl-end --
INSERT INTO empleado (num_empleado, rfc, edad, sueldo, fecha_nacimiento, nombre, ap_pat, ap_mat, calle, numero_domicilio, colonia,cod_postal, estado)
VALUES(2, 'FOCN021030MNT', 21, 5000, '2002-10-30','Nayvelin', 'Flores', 'Cueto', '22 de febrero', 82, 'centro de Azcapotzalco', '02000', 'Ciudad de Mexico');
-- ddl-end --
INSERT INTO empleado (num_empleado, rfc, edad, sueldo, fecha_nacimiento, nombre, ap_pat, ap_mat, calle, numero_domicilio, colonia,cod_postal, estado)
VALUES(3, 'OEGK021203MJC', 21, 5000, '2002-12-03','Kimberly', 'Ortega', 'Godinez', 'Gabino Barrera', 58, 'San Rafael', '06470', 'Ciudad de Mexico');
-- ddl-end --
INSERT INTO empleado (num_empleado, rfc, edad, sueldo, fecha_nacimiento, nombre, ap_pat, ap_mat, calle, numero_domicilio, colonia,cod_postal, estado)
VALUES(4, 'PAMJ040107MNT', 19, 5000, '2004-01-07','Jimena', 'Palomera', 'Medina', 'Perlavillo', 95, 'Morelos', '06200', 'Ciudad de Mexico');
-- ddl-end --
INSERT INTO empleado (num_empleado, rfc, edad, sueldo, fecha_nacimiento, nombre, ap_pat, ap_mat, calle, numero_domicilio, colonia,cod_postal, estado)
VALUES(5, 'RABF040524MNT', 19, 5000, '2004-05-24','Fatima Abigail', 'Ramos', 'Borrayo', 'Av R Flores Magon', 46, 'Guerrero', '06300', 'Ciudad de Mexico');
-- ddl-end --
INSERT INTO empleado (num_empleado, rfc, edad, sueldo, fecha_nacimiento, nombre, ap_pat, ap_mat, calle, numero_domicilio, colonia,cod_postal, estado)
VALUES(6, 'SAUM040703HNT', 19, 5000, '2004-07-03','Marco Antonio', 'Salvatierra', 'Ureña', 'Av R Flores Magon', 80, 'Guerrero', '06300', 'Ciudad de Mexico');
-- ddl-end --
INSERT INTO public.empleado (num_empleado, rfc, edad, sueldo, fecha_nacimiento, foto, nombre, ap_pat, ap_mat, calle, numero_domicilio, colonia, cod_postal, estado)
VALUES (7, 'VILA981018MNT', '26', 5000, '1998-10-18', DEFAULT, 'Alondra Lizeth', 'Virgen', 'López', 'Calle Morelos', 156, 'Centro', '06050', 'Ciudad de México');
-- ddl-end --
INSERT INTO public.empleado (num_empleado, rfc, edad, sueldo, fecha_nacimiento, foto, nombre, ap_pat, ap_mat, calle, numero_domicilio, colonia, cod_postal, estado)
VALUES (8, E'BIGA970121HNT', E'26', 5000, E'1997-01-21', DEFAULT, E'Axel Gael', E'Briceño', E'García', 'Av. Juárez ', 245, 'Roma Norte', '06700', 'Ciudad de México');
-- ddl-end --
INSERT INTO public.empleado (num_empleado, rfc, edad, sueldo, fecha_nacimiento, foto, nombre, ap_pat, ap_mat, calle, numero_domicilio, colonia, cod_postal, estado)
VALUES (9, E'DUTR970120HNT', E'26', 5000, E'1997-01-20', DEFAULT, E'Rodrigo Joaquín', E'Duran', E'Tirado', 'Callejón de la Amargura', 23, 'Del Valle', '03100', 'Ciudad de México');
-- ddl-end --
INSERT INTO public.empleado (num_empleado, rfc, edad, sueldo, fecha_nacimiento, foto, nombre, ap_pat, ap_mat, calle, numero_domicilio, colonia, cod_postal, estado)
VALUES (10, E'OEGK981229HJC', E'24', 5000, E'1998-12-29', DEFAULT, E'Kevin Wilfredo', E'Ortega', E'Godinez', 'Paseo de la Reforma', 340, 'Lomas', '11000', 'Ciudad de México');
-- ddl-end --
INSERT INTO public.empleado (num_empleado, rfc, edad, sueldo, fecha_nacimiento, foto, nombre, ap_pat, ap_mat, calle, numero_domicilio, colonia, cod_postal, estado)
VALUES (11, E'OEMR980514HNE', E'25', 5000, E'1998-05-14', DEFAULT, E'Raymond Leopold', E'Ortega', E'Mora', 'Calzada de Tlalpan', 456, 'Portales', '03300', 'Ciudad de México');
-- ddl-end --
INSERT INTO public.empleado (num_empleado, rfc, edad, sueldo, fecha_nacimiento, foto, nombre, ap_pat, ap_mat, calle, numero_domicilio, colonia, cod_postal, estado)
VALUES (12, E'SAFE971227HJC', E'25', 5000, E'1997-12-27', DEFAULT, E'Emmanuel', E'Sánchez', E'Figueroa', 'Periférico Sur', 450, 'Pedregal', '04500', 'Ciudad de México');
-- ddl-end --
INSERT INTO public.empleado (num_empleado, rfc, edad, sueldo, fecha_nacimiento, foto, nombre, ap_pat, ap_mat, calle, numero_domicilio, colonia, cod_postal, estado)
VALUES (13, E'ZAFJ980707HNT', E'25', 5000, E'1998-07-07', DEFAULT, E'Jorge Alonso', E'Zamudio', E'Figueora', 'Eje 6 Sur', 100, 'Iztapalapa', '09000', 'Ciudad de México');
-- ddl-end --
INSERT INTO public.empleado (num_empleado, rfc, edad, sueldo, fecha_nacimiento, foto, nombre, ap_pat, ap_mat, calle, numero_domicilio, colonia, cod_postal, estado)
VALUES (14, E'CUML960512MNT', E'27', 5000, E'1996-05-12', DEFAULT, E'Lesli Araidi', E'Cueto', E'Magallanes', 'Insurgentes Sur', 1800, 'Coyoacán', '04000', 'Ciudad de México');
-- ddl-end --
INSERT INTO public.empleado (num_empleado, rfc, edad, sueldo, fecha_nacimiento, foto, nombre, ap_pat, ap_mat, calle, numero_domicilio, colonia, cod_postal, estado)
VALUES (15, E'CUUC950201MNT', E'28', 5000, E'1995-02-01', DEFAULT, E'Carime Alexandra', E'Cueto', E'Ureña', 'Ejer Central', 300, 'Narvarte', 03020, 'Ciudad de México');
-- ddl-end --

------ INSERT TELEFONO ------
insert into public.telefono (telefono,num_empleado_empleado)
values ('5543921876',1);
-- ddl-end --
insert into public.telefono (telefono,num_empleado_empleado)
values ('5540123490',2);
-- ddl-end --
insert into public.telefono (telefono,num_empleado_empleado)
values ('5547928102',3);
-- ddl-end --
insert into public.telefono (telefono,num_empleado_empleado)
values ('5541032945',4);
-- ddl-end --
insert into public.telefono (telefono,num_empleado_empleado)
values ('5542034981',5);
-- ddl-end --
insert into public.telefono (telefono,num_empleado_empleado)
values ('5543045890',6);
-- ddl-end --
insert into public.telefono (telefono,num_empleado_empleado)
values ('5534982103',7);
-- ddl-end --
insert into public.telefono (telefono,num_empleado_empleado)
values ('5540921802',8);
-- ddl-end --
insert into public.telefono (telefono,num_empleado_empleado)
values ('5523987510',9);
-- ddl-end --
insert into public.telefono (telefono,num_empleado_empleado)
values ('5546789023',10);
-- ddl-end --
insert into public.telefono (telefono,num_empleado_empleado)
values ('5528934512',11);
-- ddl-end --
insert into public.telefono (telefono,num_empleado_empleado)
values ('5523489081',12);
-- ddl-end --
insert into public.telefono (telefono,num_empleado_empleado)
values ('5532984512',13);
-- ddl-end --
insert into public.telefono (telefono,num_empleado_empleado)
values ('5534890123',14);
-- ddl-end --
insert into public.telefono (telefono,num_empleado_empleado)
values ('5545879102',15);
-- ddl-end --

------ INSERT DEPENDIENTE ------
INSERT INTO public.dependiente (curp, nombre, ap_pat, ap_mat, parentesco, num_empleado_empleado)
VALUES (E'CUUW031107MJCTRNA9', E'Wendelis Adanalea', E'Cueto', E'Ureña', 'Hermana', 15);
-- ddl-end --
INSERT INTO public.dependiente (curp, nombre, ap_pat, ap_mat, parentesco, num_empleado_empleado)
VALUES (E'EIPF061027MNTSDLA1', E'Flor Guadalupe', E'Espino', E'Padilla', 'Esposa', 14);
-- ddl-end --
INSERT INTO public.dependiente (curp, nombre, ap_pat, ap_mat, parentesco, num_empleado_empleado)
VALUES (E'FISN030730MNTGLMA2', E'Naomi Estephania', E'Figueroa', E'Salazar', 'Prima materna', 6);
-- ddl-end --
INSERT INTO public.dependiente (curp, nombre, ap_pat, ap_mat, parentesco, num_empleado_empleado)
VALUES (E'GAPL010327MNTRLZA3', E'Lizeth Ramona', E'García', E'Palomera', 'Prima materna', 8);
-- ddl-end --
INSERT INTO public.dependiente (curp, nombre, ap_pat, ap_mat, parentesco, num_empleado_empleado)
VALUES (E'GOLN040816MGTNNDA8', E'Nadia Abigail', E'González', E'Lona', 'Esposa', 2);
-- ddl-end --
INSERT INTO public.dependiente (curp, nombre, ap_pat, ap_mat, parentesco, num_empleado_empleado)
VALUES (E'JACY021003MNTRTNA0', E'Yaneth', E'Jauregui', E'Cueto', 'Prima paterna', 14);
-- ddl-end --
INSERT INTO public.dependiente (curp, nombre, ap_pat, ap_mat, parentesco, num_empleado_empleado)
VALUES (E'JAGY03032MNTRRSA9', E'Yesenia Guadalupe', E'Jauregui', E'García', 'Prima materna', 8);
-- ddl-end --
INSERT INTO public.dependiente (curp, nombre, ap_pat, ap_mat, parentesco, num_empleado_empleado)
VALUES (E'JULC051028MNTRPRA1', E'Carmen Catalina', E'Juaréz', E'López', 'Prima materna', 7);
-- ddl-end --
INSERT INTO public.dependiente (curp, nombre, ap_pat, ap_mat, parentesco, num_empleado_empleado)
VALUES (E'JULD051028MNTRPLA7', E'Delia Nereida', E'Juaréz', E'López', 'Prima materna', 7);
-- ddl-end --
INSERT INTO public.dependiente (curp, nombre, ap_pat, ap_mat, parentesco, num_empleado_empleado)
VALUES (E'OEPE060316MNTRXVA2', E'Evelyn', E'Ortega', E'Peña', 'Prima paterna', 10);
-- ddl-end --
INSERT INTO public.dependiente (curp, nombre, ap_pat, ap_mat, parentesco, num_empleado_empleado)
VALUES (E'PABE040125MBCLRVA0', E'Evelyn Juanita', E'Palacios', E'Barajas', 'Esposa', 1);
-- ddl-end --
INSERT INTO public.dependiente (curp, nombre, ap_pat, ap_mat, parentesco, num_empleado_empleado)
VALUES (E'PABY021128MNTNRRA2', E'Yareli Socorro', E'Palacios', E'Barajas', 'Esposa', 9);
-- ddl-end --
INSERT INTO public.dependiente (curp, nombre, ap_pat, ap_mat, parentesco, num_empleado_empleado)
VALUES (E'PAMD061118MNTLDLA5', E'Dulce María', E'Palomera', E'Medina', 'Hermana', 4);
-- ddl-end --
INSERT INTO public.dependiente (curp, nombre, ap_pat, ap_mat, parentesco, num_empleado_empleado)
VALUES (E'PAMS011010MNTLDRA2', E'Saira Aracely', E'Palomera', E'Medina', 'Hermana', 4);
-- ddl-end --
INSERT INTO public.dependiente (curp, nombre, ap_pat, ap_mat, parentesco, num_empleado_empleado)
VALUES (E'PAEK020629MNTRCLA7', E'Keilly Aramara', E'Parra', E'Echeverria', 'Esposa', 5);
-- ddl-end --

------ INSERT MESERO ------
INSERT INTO mesero(horario_inicio, horario_fin, num_empleado_empleado) VALUES ('9:00:00', '18:00:00', 6);
-- ddl-end --
INSERT INTO mesero(horario_inicio, horario_fin, num_empleado_empleado) VALUES ('9:00:00', '18:00:00', 1);
-- ddl-end --
INSERT INTO mesero(horario_inicio, horario_fin, num_empleado_empleado) VALUES ('9:00:00', '18:00:00', 10);
-- ddl-end --
INSERT INTO mesero(horario_inicio, horario_fin, num_empleado_empleado) VALUES ('9:00:00', '18:00:00', 11);
-- ddl-end --
INSERT INTO mesero(horario_inicio, horario_fin, num_empleado_empleado) VALUES ('9:00:00', '18:00:00', 12);
-- ddl-end --
INSERT INTO mesero(horario_inicio, horario_fin, num_empleado_empleado) VALUES ('9:00:00', '18:00:00', 13);
-- ddl-end --
INSERT INTO mesero(horario_inicio, horario_fin, num_empleado_empleado) VALUES ('9:00:00', '18:00:00', 2);
-- ddl-end --
INSERT INTO mesero(horario_inicio, horario_fin, num_empleado_empleado) VALUES ('9:00:00', '18:00:00', 5);
-- ddl-end --
INSERT INTO mesero(horario_inicio, horario_fin, num_empleado_empleado) VALUES ('9:00:00', '18:00:00', 9);
-- ddl-end --

------ INSERT ADMINISTRATIVO ------
INSERT INTO administrativo(rol, num_empleado_empleado) VALUES ('Gerente', 15);
-- ddl-end --
INSERT INTO administrativo(rol, num_empleado_empleado) VALUES ('SubGerente', 4);
-- ddl-end --
INSERT INTO administrativo(rol, num_empleado_empleado) VALUES ('Jefe de Sala (Maître)', 14);
-- ddl-end --

------ INSERT COCINERO ------
INSERT INTO cocinero(especialidad, num_empleado_empleado) VALUES ('Comida Mexicana', 8);
-- ddl-end --
INSERT INTO cocinero(especialidad, num_empleado_empleado) VALUES ('Postres', 7);
-- ddl-end --
INSERT INTO cocinero(especialidad, num_empleado_empleado) VALUES ('Comida Corrida', 9);
-- ddl-end --
INSERT INTO cocinero(especialidad, num_empleado_empleado) VALUES ('Bebidas', 3);
-- ddl-end --

------ INSERT CLIENTE ------
INSERT INTO cliente(rfc, email, fecha_nacimiento, razon_social, nombre, ap_pat, ap_mat, calle, numero_domicilio, colonia, cod_postal, estado)
VALUES ('ZAGA020422MNT', 'cliente1@dominio.com', '2002-04-22', 'comer','Angela', 'Zaragoza', 'Garcia', 'Mixtecas', 7, 'Coyoacan', '04300', 'Ciudad de Mexico');
INSERT INTO public.cliente (rfc, email, fecha_nacimiento, razon_social, nombre, ap_pat, ap_mat, calle, numero_domicilio, colonia, cod_postal, estado)
VALUES (E'PAQF911019MJC', E'maria.patino@gmail.com', E'1991-10-19', E'María Fernanda Patiño Quintero', E'María Fernanda', E'Patiño', E'Quintero', 'Calle Rosas', 23, 'Coyoacán', '04100', 'Ciudad de México');
-- ddl-end --
INSERT INTO public.cliente (rfc, email, fecha_nacimiento, razon_social, nombre, ap_pat, ap_mat, calle, numero_domicilio, colonia, cod_postal, estado)
VALUES (E'PEPJ940303MNT', E'jenifer.perez@gmail.com', E'1994-03-03', E'Jenifer Elizabeth Pérez Prado', E'Jenifer Elizabeth', E'Pérez', E'Prado', 'Calle Azul', 45, 'Tlalpan', '14000', 'Ciudad de México');
-- ddl-end --
INSERT INTO public.cliente (rfc, email, fecha_nacimiento, razon_social, nombre, ap_pat, ap_mat, calle, numero_domicilio, colonia, cod_postal, estado)
VALUES (E'PEPR960611MNT', E'rubi.perez@gmail.com', E'1996-06-11', E'Rubi Pérez Prado', E'Rubi', E'Pérez', E'Prado', 'Calle Lirios', 50, 'Álvaro Obregón', '01090', 'Ciudad de México');
-- ddl-end --
INSERT INTO public.cliente (rfc, email, fecha_nacimiento, razon_social, nombre, ap_pat, ap_mat, calle, numero_domicilio, colonia, cod_postal, estado)
VALUES (E'PEPV910410MNT', E'vanessa.perez@gmail.com', E'1991-04-10', E'Vanessa Lizeth Pérez Prado', E'Vanessa Lizeth', E'Pérez', E'Prado', 'Calle Encinos', 35, 'Benito Juárez', '03100', 'Ciudad de México');
-- ddl-end --
INSERT INTO public.cliente (rfc, email, fecha_nacimiento, razon_social, nombre, ap_pat, ap_mat, calle, numero_domicilio, colonia, cod_postal, estado)
VALUES (E'PACH960720MNT', E'heidi.prado@gmail.com', E'1996-07-20', E'Heidi Prado Cueto', E'Heidi Elizabeth', E'Prado', E'Cueto', 'Avenida Insurgentes', 110, 'Cuauhtémoc', '06500', 'Ciudad de México');
-- ddl-end --
INSERT INTO public.cliente (rfc, email, fecha_nacimiento, razon_social, nombre, ap_pat, ap_mat, calle, numero_domicilio, colonia, cod_postal, estado)
VALUES (E'PASK950116MNT', E'keidi.prado@gmail.com', E'1995-01-16', E'Keidi Marcela Prado Sánchez', E'Keidi Marcela', E'Prado', E'Sánchez', 'Calle Cerezos', '89', 'Miguel Hidalgo', '11000', 'Ciudad de México');
-- ddl-end --
INSERT INTO public.cliente (rfc, email, fecha_nacimiento, razon_social, nombre, ap_pat, ap_mat, calle, numero_domicilio, colonia, cod_postal, estado)
VALUES (E'QUBN931124MNT', E'nalemzy.quintero@gmail.com', E'1993-11-24', E'Nalemzy del Rosario Quintero Borrayo', E'Nalemzy del Rosario', E'Quintero', E'Borrayo', 'Calel Alamos', 43, 'Ecatepec', '55070', 'Estado de México');
-- ddl-end --
INSERT INTO public.cliente (rfc, email, fecha_nacimiento, razon_social, nombre, ap_pat, ap_mat, calle, numero_domicilio, colonia, cod_postal, estado)
VALUES (E'RARA920723MNT', E'andrea.ramirez@gmail.com', E'1992-07-23', E'Andrea Yamileth Ramírez Ramos', E'Andrea Yamileth', E'Ramírez', E'Ramos', 'Avenida Reforma', 300, 'Coyoacán', '04200', 'Ciudad de México');
-- ddl-end --
INSERT INTO public.cliente (rfc, email, fecha_nacimiento, razon_social, nombre, ap_pat, ap_mat, calle, numero_domicilio, colonia, cod_postal, estado)
VALUES (E'RAMM930708MNT', E'marcelina.ramos@gmail.com', E'1993-07-08', E'Marcelina Ramos Marín', E'Marcelina', E'Ramos', E'Marín', 'Avenidad Universidad', 500, 'Ecatepec', '55120', 'Estado de México');
-- ddl-end --
INSERT INTO public.cliente (rfc, email, fecha_nacimiento, razon_social, nombre, ap_pat, ap_mat, calle, numero_domicilio, colonia, cod_postal, estado)
VALUES (E'RIBN940228MNT', E'ninel.rivera@gmail.com', E'1994-02-28', E'Ninel Ruth Rivera Borrayo', E'Ninel Ruth', E'Rivera', E'Borrayo', 'Calle Naranjos', 56, 'Iztapalapa', '09500', 'Ciudad de México');
-- ddl-end --
INSERT INTO public.cliente (rfc, email, fecha_nacimiento, razon_social, nombre, ap_pat, ap_mat, calle, numero_domicilio, colonia, cod_postal, estado)
VALUES (E'ROCM950625MNT', E'marisol.robles@gmail.com', E'1995-06-25', E'Marisol Jazmin Robles Cueto', E'Marisol Jazmin', E'Robles', E'Cueto', 'Calle Girasoles', 70, 'Coyoacán', '04200', 'Ciudad de México');
-- ddl-end --
INSERT INTO public.cliente (rfc, email, fecha_nacimiento, razon_social, nombre, ap_pat, ap_mat, calle, numero_domicilio, colonia, cod_postal, estado)
VALUES (E'ROUV960129MNT', E'valeria.robles@gmail.com', E'1996-01-29', E'Valeria Robles Ureña', E'Valeria', E'Robles', E'Ureña', 'Avenida Morelos', 102, 'Coacalco', '55717', 'Estado de México');
-- ddl-end --
INSERT INTO public.cliente (rfc, email, fecha_nacimiento, razon_social, nombre, ap_pat, ap_mat, calle, numero_domicilio, colonia, cod_postal, estado)
VALUES (E'RUSR950115MNT', E'rayza.ruiz@gmail.com', E'1995-01-15', E'Rayza Yareli Ruiz Salvatierra', E'Rayza Yareli', E'Ruiz', E'Salvatierra', 'Calle Robles', 15, 'Benito Juárez', '03240', 'Ciudad de México');
-- ddl-end --
INSERT INTO public.cliente (rfc, email, fecha_nacimiento, razon_social, nombre, ap_pat, ap_mat, calle, numero_domicilio, colonia, cod_postal, estado)
VALUES (E'SAZF960526MNT', E'fernanda.sanchez@gmail.com', E'1996-05-26', E'Fernanda Sánchez Zamudio', E'Fernanda', E'Sánchez', E'Zamudio', 'Calle Olivos', 12, 'Iztapalapa', '09870', 'Ciudad de México');
-- ddl-end --
INSERT INTO public.cliente (rfc, email, fecha_nacimiento, razon_social, nombre, ap_pat, ap_mat, calle, numero_domicilio, colonia, cod_postal, estado)
VALUES (E'VEEM961124MNT', E'miriam.urena@gmail.com', E'1996-11-24', E'Miriam Carolina Ureña Espino', E'Miriam Carolina', E'Ureña', E'Espino', 'Avenida Baja California', 160, 'Cuauhtémoc', '06760', 'Ciudad de México');
-- ddl-end --

------ INSERT CATEGORIA ------
INSERT INTO categoria (id_categoria, nombre_categoria, descrip_categoria)
VALUES (1, 'Desayunos', 'Platillos para iniciar bien el dia');
-- ddl-end --
INSERT INTO categoria (id_categoria, nombre_categoria, descrip_categoria)
VALUES (2, 'Entradas', 'Antes de iniciar, algo para abrir el apetito');
-- ddl-end --
INSERT INTO categoria (id_categoria, nombre_categoria, descrip_categoria)
VALUES (3, 'Comidas', 'Platillos para terminar con el hambre');
-- ddl-end --
INSERT INTO categoria (id_categoria, nombre_categoria, descrip_categoria)
VALUES (4, 'Cenas', 'Platlillos adecuados para terminar el dia');
-- ddl-end --
INSERT INTO categoria (id_categoria, nombre_categoria, descrip_categoria)
VALUES (5, 'Comida Mexicana', 'Platillos con la tradicion que nos une');
-- ddl-end --
INSERT INTO categoria (id_categoria, nombre_categoria, descrip_categoria)
VALUES (6, 'Postres', 'Platillos para endulzar el dia');
-- ddl-end --
INSERT INTO categoria (id_categoria, nombre_categoria, descrip_categoria)
VALUES (7, 'Bebidas firas', 'Refrescate y acompaña tu comida');
-- ddl-end --
INSERT INTO categoria (id_categoria, nombre_categoria, descrip_categoria)
VALUES (8, 'Bebidas calientes', 'Para cualquier momento del dia');
-- ddl-end --

------ INSERT PRODUCTO ------

------ INSERT DESAYUNOS ------
INSERT INTO producto (cod_barra, nombre_producto, precio, receta, descripcion_producto, disponibilidad, id_categoria_categoria)
VALUES (0101, 'Coctel de fruta con yoghurt', 45, 'furta picada, eleccion del cliente, con yoghurt', 'Fruta fresca servida en cubitos con yoghutr', true, 1);
-- ddl-end --
INSERT INTO producto (cod_barra, nombre_producto, precio, receta, descripcion_producto, disponibilidad, id_categoria_categoria)
VALUES (0102, 'Huevos divorciados', 50, '2 huevos, salsa verde y roja', 'Esta deliciosa receta de huevos divorciados será tu consentida para el desayuno.', true, 1);
-- ddl-end --
INSERT INTO producto (cod_barra, nombre_producto, precio, receta, descripcion_producto, disponibilidad, id_categoria_categoria)
VALUES (0103, 'Chilaquiles rojos con pollo', 55, 'pollo, salsa verde, totopos', 'Esta deliciosa receta te animar el día', true, 1);

INSERT INTO producto (cod_barra, nombre_producto, precio, receta, descripcion_producto, disponibilidad, id_categoria_categoria)
VALUES (0104, 'Molletes', 40, 'pan, frijoles, queso', 'Confiables molletes para iniciar el día', true, 1);



-------------------------------

------ INSER ENTRADAS ------
INSERT INTO producto (cod_barra, nombre_producto, precio, receta, descripcion_producto, disponibilidad, id_categoria_categoria)
VALUES (0201, 'Crema de Zanahoria', 90, 'zanahoria, mantequilla, harina de trigo', 'Deliciosa crema para abrir el apetito', TRUE, 2);

INSERT INTO producto (cod_barra, nombre_producto, precio, receta, descripcion_producto, disponibilidad, id_categoria_categoria)
VALUES (0202, 'Consome de pollo', 55, 'pollo, caldo de pollo, verduras', 'Nutritivo consome para iniciar la comida', TRUE, 2);

INSERT INTO producto (cod_barra, nombre_producto, precio, receta, descripcion_producto, disponibilidad, id_categoria_categoria)
VALUES (0203, 'Sopa de tortilla', 70, 'tortilla, caldo de jitomate, chicharron', 'Delicios sopa e tortilla', TRUE, 2);
-------------------------------------------


------ INSERT COMIDAS ------
INSERT INTO producto (cod_barra, nombre_producto, precio, receta, descripcion_producto, disponibilidad, id_categoria_categoria)
VALUES (0301, 'Pechuga napolitana', 190, 'pollo, queso, tomate, pure de papa', 'Milanesa de pollo con queso gratinado y salsa de tomate', TRUE, 3);

INSERT INTO producto (cod_barra, nombre_producto, precio, receta, descripcion_producto, disponibilidad, id_categoria_categoria)
VALUES (0302, 'Asado mixto', 275, 'pollo, carne de res, arrachera, carne de cerdo, queso', 'delicioso asado con diferentes carnes', TRUE, 3);

INSERT INTO producto (cod_barra, nombre_producto, precio, receta, descripcion_producto, disponibilidad, id_categoria_categoria)
VALUES (0303, 'Ensalada', 89, 'verduras varias', 'deliciosa y saludable ensalado', TRUE, 3);

INSERT INTO producto (cod_barra, nombre_producto, precio, receta, descripcion_producto, disponibilidad, id_categoria_categoria)
VALUES (0304, 'Pescado en slasa morita', 280, 'filete de pescado, aceite vegetal, verduras varias', 'Delicioso filete de pescado', TRUE, 3);

INSERT INTO producto (cod_barra, nombre_producto, precio, receta, descripcion_producto, disponibilidad, id_categoria_categoria)
VALUES (0305, 'Ensalada primaveral', 100, 'verduras varias y aderezo ', 'Los abores de la primavero en una ensalada', FALSE, 3);

----------------------------

------ INSERT CENAS ------
INSERT INTO producto (cod_barra, nombre_producto, precio, receta, descripcion_producto, disponibilidad, id_categoria_categoria)
VALUES (0401, 'Aguacate relleno de salmon', 85, 'aguacate, salmon, verduras varias, aceite de oliva', 'Platillo delicioso y saludable antes de ir a dormir', TRUE, 4);

INSERT INTO producto (cod_barra, nombre_producto, precio, receta, descripcion_producto, disponibilidad, id_categoria_categoria)
VALUES (0402, 'Pollo a la plancha con lima', 99, 'pechuga de pollo, limas, lechugas varias', 'Propuesta rica para cenar pollo', TRUE, 4);

INSERT INTO producto (cod_barra, nombre_producto, precio, receta, descripcion_producto, disponibilidad, id_categoria_categoria)
VALUES (0403, 'Parillada de verduras', 85, 'calabaza, aceite de oliva, berenjena', 'Cena rica y ligera para terminar el día feliz', TRUE, 4);

INSERT INTO producto (cod_barra, nombre_producto, precio, receta, descripcion_producto, disponibilidad, id_categoria_categoria)
VALUES (0404, 'Cena de verano', 85, 'mariscos varios', 'refresca tu dís', FALSE, 4);
--------------------------


------ INSERT COMIDA MEXICANA ------
INSERT INTO producto (cod_barra, nombre_producto, precio, receta, descripcion_producto, disponibilidad, id_categoria_categoria)
VALUES (0501, 'Orden Tacos de carne al pastor', 68, 'carne de cerdo marinada, torilla, cebolla, chile', 'Orden de 4 piezas', TRUE, 5);

INSERT INTO producto (cod_barra, nombre_producto, precio, receta, descripcion_producto, disponibilidad, id_categoria_categoria)
VALUES (0502, 'Pozole', 99, 'carne de cerdo, maiz, cebolla, chile', 'tradicional plato de pozole', TRUE, 5);

INSERT INTO producto (cod_barra, nombre_producto, precio, receta, descripcion_producto, disponibilidad, id_categoria_categoria)
VALUES (0503, 'Cochinita pibil', 75 , 'carne de cerdo marinada, cebolla, chile', 'Delicioso y tradicional plato de cochinita pibil', TRUE, 5);

------------------------------------

------INSERT POSTRES ------
INSERT INTO producto (cod_barra, nombre_producto, precio, receta, descripcion_producto, disponibilidad, id_categoria_categoria)
VALUES (0601, 'Pastel de calabaza', 85, 'Calbaza,leche, endulzante, harina', 'Refrescante bebida de temporadoa por Halloween', FALSE, 6);

INSERT INTO producto (cod_barra, nombre_producto, precio, receta, descripcion_producto, disponibilidad, id_categoria_categoria)
VALUES (0602, 'Arroz con leche', 45, 'arroz, leche, canela', 'Delicios y tradiconal postre de arroz con leche', TRUE, 6);

INSERT INTO producto (cod_barra, nombre_producto, precio, receta, descripcion_producto, disponibilidad, id_categoria_categoria)
VALUES (0603, 'Cheese Cake de fresa', 55, 'Queso philadelphia, fresa, galleta', 'rico postre', TRUE, 6);

INSERT INTO producto (cod_barra, nombre_producto, precio, receta, descripcion_producto, disponibilidad, id_categoria_categoria)
VALUES (0604, 'Ensalada de manzana', 43, 'manzana, nuez, durazno, crema', 'celebra las fiestas con nuestra deliciosa ensalada de manzana', FALSE, 6);

-------------------------------------


------ INSERT BEBIDAS FRIAS -------
INSERT INTO producto (cod_barra, nombre_producto, precio, receta, descripcion_producto, disponibilidad, id_categoria_categoria)
VALUES (0701, 'Limonada Mineral', 36, 'Limon, agua mineral, azucar', 'Refrescante bebida', true, 7);
-- ddl-end --
INSERT INTO producto (cod_barra, nombre_producto, precio, receta, descripcion_producto, disponibilidad, id_categoria_categoria)
VALUES (0702, 'PUMPKIN SPICE LATTE', 75, 'Calbaza,leche, endulzante', 'Refrescante bebida de temporadoa por Halloween', FALSE, 7);

INSERT INTO producto (cod_barra, nombre_producto, precio, receta, descripcion_producto, disponibilidad, id_categoria_categoria)
VALUES (0703, 'Malteada de vainilla', 75, 'leche,, helado de vainilla', 'Refrescante bebida', TRUE, 7);

INSERT INTO producto (cod_barra, nombre_producto, precio, receta, descripcion_producto, disponibilidad, id_categoria_categoria)
VALUES (0704, 'Bubble TEA ', 65, 'tapioca,leche, endulzante', 'Refrescante bebida con tapioca', TRUE, 7);

INSERT INTO producto (cod_barra, nombre_producto, precio, receta, descripcion_producto, disponibilidad, id_categoria_categoria)
VALUES (0705, 'Té de sakura', 77, 'agua, sakura, endulzante', 'Bebidda de temporad primaveral', FALSE, 7);




--------------------------------------

------ INSERT BEBIDAS CALIENTES ------
INSERT INTO producto (cod_barra, nombre_producto, precio, receta, descripcion_producto, disponibilidad, id_categoria_categoria)
VALUES (0801, 'Cafe Americano', 97, 'Cafe, agua, endulzante, crema', 'cafe de grano preparado en cafetera especial', TRUE, 8);
-- ddl-end--
INSERT INTO producto (cod_barra, nombre_producto, precio, receta, descripcion_producto, disponibilidad, id_categoria_categoria)
VALUES (0802, 'Cafw Americano Decafeinado', 87, 'Cafe de grano, agua, endulzante, cream', 'cafe preparado con el más minimo detalle', TRUE, 8);
-- ddl-end__
INSERT INTO producto (cod_barra, nombre_producto, precio, receta, descripcion_producto, disponibilidad, id_categoria_categoria)
VALUES (0803, 'Té de durazno', 85, 'té, agua, endulzante, durazno, canela', 'excelente bebida caliente con beneficios nutricionales', TRUE, 8);

INSERT INTO producto (cod_barra, nombre_producto, precio, receta, descripcion_producto, disponibilidad, id_categoria_categoria)
VALUES (0804, 'Capuchino tradicional', 65, 'cafe, leche, endulzante, canela', 'excelente bebida para acompañar una charla', TRUE, 8);


-------------------------------------


------ INSERT ORDEN ------
INSERT INTO orden VALUES ('ORD-002','2023/11/24 17:00:00',1,'PEPJ940303MNT',0.00 );
INSERT INTO orden VALUES ('ORD-003','2023/11/24 15:00',10, 'PEPR960611MNT', 0.00);
INSERT INTO orden VALUES ('ORD-001','2023/11/24 09:30',10,'PAQF911019MJC',0.00);
INSERT INTO orden VALUES ('ORD-004','2023/11/24 15:30',11,'PEPV910410MNT',0.00);
INSERT INTO orden VALUES ('ORD-005','2023/11/24 15:45',6,'RIBN940228MNT', 0.00);
INSERT INTO orden VALUES ('ORD-006','2023/11/24 14:40',13,'SAZF960526MNT',0.00);
INSERT INTO orden VALUES ('ORD-007','2023/11/24 16:55',13,'PACH960720MNT',0.00);
INSERT INTO orden VALUES ('ORD-008','2023/11/24 17:15',12,'PASK950116MNT',0.00);
INSERT INTO orden VALUES ('ORD-009','2023/11/24 17:10',12,'QUBN931124MNT',0.00);
INSERT INTO orden VALUES ('ORD-010','2023/11/24 18:30',13,'RARA920723MNT',0.00);
INSERT INTO orden VALUES ('ORD-011','2023/11/24 18:40',11,'RAMM930708MNT',0.00);
INSERT INTO orden VALUES ('ORD-012','2023/11/25 9:50',11,'RIBN940228MNT',0.00);
INSERT INTO orden VALUES ('ORD-013','2023/11/25 12:30',1,'ROCM950625MNT',0.00);
INSERT INTO orden VALUES ('ORD-014','2023/11/25 12:50',1,'ROUV960129MNT',0.00);
INSERT INTO orden VALUES ('ORD-015','2023/11/25 13:40',13,'SAZF960526MNT',0.00);
INSERT INTO orden VALUES ('ORD-016','2023/11/25 13:40',13,'ZAGA020422MNT',0.00);

------ INSERT AGREGA ------
SELECT agregarproducto(101, 5, 'ORD-001');
SELECT agregarproducto(501, 5, 'ORD-001');
SELECT agregarproducto(102, 2, 'ORD-003');
SELECT agregarproducto(104, 7, 'ORD-003');
SELECT agregarproducto(701, 13, 'ORD-002');

SELECT agregarproducto(501, 16, 'ORD-004');
SELECT agregarproducto(801, 13, 'ORD-004');
SELECT agregarproducto(501, 8, 'ORD-005');
SELECT agregarproducto(502, 6, 'ORD-005');
SELECT agregarproducto(104, 3, 'ORD-005');
SELECT agregarproducto(301, 3, 'ORD-005');
SELECT agregarproducto(302, 1, 'ORD-005');

SELECT agregarproducto(301, 6, 'ORD-009');
SELECT agregarproducto(304, 5, 'ORD-009');
SELECT agregarproducto(701, 13, 'ORD-006');
SELECT agregarproducto(302, 2, 'ORD-006');
SELECT agregarproducto(203, 2, 'ORD-006');
SELECT agregarproducto(203, 6, 'ORD-007');
SELECT agregarproducto(303, 6, 'ORD-008');
