id_email,id_cliente,email
1,1,juan.perez@email.com
2,2,ana.lopez@email.com
3,3,carlos.garcia@email.com
4,4,maria.rodriguez@email.com
5,5,luis.martinez@email.com
6,6,carmen.sanchez@email.com
7,7,ricardo.torres@email.com
8,8,laura.fernandez@email.com
9,9,jorge.ruiz@email.com
10,10,patricia.jimenez@email.com
11,11,juan.perez@email.com
12,12,ana.lopez@email.com
13,13,carlos.garcia@email.com
14,14,maria.rodriguez@email.com
15,15,luis.martinez@email.com
16,16,carmen.sanchez@email.com
17,17,ricardo.torres@email.com
18,18,laura.fernandez@email.com
19,19,jorge.ruiz@email.com
20,20,patricia.jimenez@email.com
21,21,sergio.martinez@email.com
22,22,diana.rodriguez@email.com
23,23,pablo.herrera@email.com
24,24,carolina.gonzalez@email.com
25,25,gabriel.ramirez@email.com
26,26,elena.gomez@email.com
27,27,javier.hernandez@email.com
28,28,marta.ruiz@email.com
29,29,francisco.diaz@email.com
30,30,teresa.mendoza@email.com
