rfc,razonSocial,telefonoProv,nombreProv,cuentaPagoProv,cp,calle,cd,num,colonia
ABC9401011A0,Muebles Rivera,5539779559,Luis Rivera,9.14911E+17,63711,Av. Reforma,CDMX,699,Centro
DEF9902158P3,Distribuidora HogarPlus,5519825033,Martha Gomez,7.3226E+17,55269,Calle Juarez,Guadalajara,642,Las Lomas
GHI0204309K7,Fabrica de Muebles Modernos,5579006662,Monserrat Diaz,4.76184E+17,93504,Av. Universidad,Monterrey,738,Santa Fe
JKL8707093M1,Proveedora del Centro,5584141464,Ana Torres,5.13268E+17,98873,Insurgentes Sur,Puebla,81,Del Valle
MNO0512242B6,Muebles y Mas S.A. de C.V.,5590948458,Jorge Mart�nez,9.514E+17,68065,Av. Patriotismo,Querétaro,857,Roma Norte
