<?xml version = '1.0' encoding = 'UTF-8'?>
<Entity class="oracle.dbtools.crest.model.design.logical.Entity" directorySegmentName="seg_0" id="A3D93819-CBE5-D421-538C-26EDACFC7E7E" name="VENTA">
<createdBy>jimjo</createdBy>
<createdTime>2025-04-29 21:44:49 UTC</createdTime>
<generatorID>9DD1860F-49C6-1ACF-D99B-D0417E25CAD5</generatorID>
<ownerDesignName>ProyectoFinal</ownerDesignName>
<engineerTo>
<item key="89DEF605-5995-7AC5-7AB0-DA3C960611F7" value="true"/>
</engineerTo>
<adequatelyNormalized>NO</adequatelyNormalized>
<expectedVolumes>0</expectedVolumes>
<fwdEngineeringStrategyName>Single Table</fwdEngineeringStrategyName>
<growthPercent>0</growthPercent>
<growthType>Year</growthType>
<maxVolumes>9999999</maxVolumes>
<minVolumes>0</minVolumes>
<normalForm>Third</normalForm>
<attributes itemClass="oracle.dbtools.crest.model.design.logical.Attribute">
<Attribute name="Fecha" id="10A81C4F-20DD-3C32-F2CF-FE34D7A91206">
<createdBy>jimjo</createdBy>
<createdTime>2025-04-29 21:44:49 UTC</createdTime>
<generatorID>45C554EE-0740-B514-2FF6-81D75B91FC22</generatorID>
<ownerDesignName>ProyectoFinal</ownerDesignName>
<engineerTo>
<item key="89DEF605-5995-7AC5-7AB0-DA3C960611F7" value="true"/>
</engineerTo>
<useDomainConstraints>false</useDomainConstraints>
<use>1</use>
<logicalDatatype>LOGDT007</logicalDatatype>
<ownDataTypeParameters>,,</ownDataTypeParameters>
</Attribute>
<Attribute name="Folio" id="044EA825-7990-0569-CDA0-6C35B5BBAB42">
<createdBy>jimjo</createdBy>
<createdTime>2025-04-29 21:44:49 UTC</createdTime>
<generatorID>936FA82E-5C9B-6948-5883-06DBB8910527</generatorID>
<ownerDesignName>ProyectoFinal</ownerDesignName>
<engineerTo>
<item key="89DEF605-5995-7AC5-7AB0-DA3C960611F7" value="true"/>
</engineerTo>
<useDomainConstraints>false</useDomainConstraints>
<use>1</use>
<logicalDatatype>LOGDT024</logicalDatatype>
<dataTypeSize>20</dataTypeSize>
<ownDataTypeParameters>20,,</ownDataTypeParameters>
</Attribute>
<Attribute name="Monto Total" id="3CA4175A-8F3A-E132-3025-25009DD54A9D">
<createdBy>jimjo</createdBy>
<createdTime>2025-04-29 21:44:49 UTC</createdTime>
<generatorID>C8E98A4A-CA25-7472-8262-12B2F2F6817B</generatorID>
<ownerDesignName>ProyectoFinal</ownerDesignName>
<engineerTo>
<item key="89DEF605-5995-7AC5-7AB0-DA3C960611F7" value="true"/>
</engineerTo>
<useDomainConstraints>false</useDomainConstraints>
<use>1</use>
<logicalDatatype>LOGDT019</logicalDatatype>
<dataTypePrecision>8</dataTypePrecision>
<dataTypeScale>2</dataTypeScale>
<ownDataTypeParameters>,8,2</ownDataTypeParameters>
</Attribute>
<Attribute name="Cant TotalArt" id="9D088F4D-9D55-BABC-13F0-DA6EA79BF5AE">
<createdBy>jimjo</createdBy>
<createdTime>2025-04-29 21:44:49 UTC</createdTime>
<generatorID>3DACE9DC-8E3F-4279-3FCA-01F472D77978</generatorID>
<ownerDesignName>ProyectoFinal</ownerDesignName>
<engineerTo>
<item key="89DEF605-5995-7AC5-7AB0-DA3C960611F7" value="true"/>
</engineerTo>
<useDomainConstraints>false</useDomainConstraints>
<use>1</use>
<logicalDatatype>LOGDT019</logicalDatatype>
<dataTypePrecision>6</dataTypePrecision>
<ownDataTypeParameters>,6,</ownDataTypeParameters>
</Attribute>
<Attribute name="CLIENTE RFC Client" id="49F09824-E842-579C-31AC-BC34AE258969">
<createdBy>jimjo</createdBy>
<createdTime>2025-04-29 21:44:49 UTC</createdTime>
<generatorID>C3918813-D205-7534-32C6-D27FC940A2F7</generatorID>
<ownerDesignName>ProyectoFinal</ownerDesignName>
<engineerTo>
<item key="89DEF605-5995-7AC5-7AB0-DA3C960611F7" value="true"/>
</engineerTo>
<referedAttribute>EB8B0D6D-6EBA-0D41-D00A-23A8B6D18095</referedAttribute>
<useDomainConstraints>false</useDomainConstraints>
<use>1</use>
<logicalDatatype>LOGDT024</logicalDatatype>
<dataTypeSize>13</dataTypeSize>
<ownDataTypeParameters>,,</ownDataTypeParameters>
</Attribute>
</attributes>
<identifiers itemClass="oracle.dbtools.crest.model.design.logical.CandidateKey">
<identifier id="FC08BE12-E35E-26D9-41A5-5F15278984F0" name="VENTA PK">
<createdBy>jimjo</createdBy>
<createdTime>2025-04-29 21:44:49 UTC</createdTime>
<generatorID>5910C349-F666-0407-9E49-6D9603F8D3BE</generatorID>
<ownerDesignName>ProyectoFinal</ownerDesignName>
<engineerTo>
<item key="89DEF605-5995-7AC5-7AB0-DA3C960611F7" value="true"/>
</engineerTo>
<pk>true</pk>
<usedAttributes>
<attributeRef>044EA825-7990-0569-CDA0-6C35B5BBAB42</attributeRef>
</usedAttributes>
</identifier>
</identifiers>
</Entity>