/* Inserts */

--Agregado de información a la tabla empleado
insert into empleado(num_empleado,nombre,apellido_pat,apellido_mat,rfc_emp,fecha_nacimiento,estado,cp,colonia,calle,numero_calle,sueldo,foto) 
values (1,'Alex','Sanchez','Vega','SAVA8305217U5','1983-11-02','CDMX',14678,'San Rafael','Hidalgo',26,3000,'img/fotosEmpleados/1.jpg');

insert into empleado(num_empleado,nombre,apellido_pat,apellido_mat,rfc_emp,fecha_nacimiento,estado,cp,colonia,calle,numero_calle,sueldo,foto)
values (2,'Ximena','Salas','Diaz','SADX9401119V0','1994-01-11','CDMX',13229,'La Cruz','Roble',32,3500,'img/fotosEmpleados/2.jpg');

insert into empleado(num_empleado,nombre,apellido_pat,apellido_mat,rfc_emp,fecha_nacimiento,estado,cp,colonia,calle,numero_calle,sueldo,foto)
values (3,'Javier','Ramos','Aguilar','RAAJ8909229C5','1989-09-22','CDMX',11698,'Draga','Deodato',232,3500,'img/fotosEmpleados/3.jpg');

insert into empleado(num_empleado,nombre,apellido_pat,apellido_mat,rfc_emp,fecha_nacimiento,estado,cp,colonia,calle,numero_calle,sueldo,foto)
values (4,'Michael','Hernandez','Rosales','HERM0012126V3','2000-12-12','EDOMEX',13210,'San Miguel','Rosal',92,3000,'img/fotosEmpleados/4.jpg');

insert into empleado(num_empleado,nombre,apellido_pat,apellido_mat,rfc_emp,fecha_nacimiento,estado,cp,colonia,calle,numero_calle,sueldo,foto)
values (5,'Brenda','Soto','Rocha','SORB851105JR0','1985-10-05','EDOMEX',23456,'Arboleda','Roble',78,2500,'img/fotosEmpleados/5.jpg');

insert into empleado(num_empleado,nombre,apellido_pat,apellido_mat,rfc_emp,fecha_nacimiento,estado,cp,colonia,calle,numero_calle,sueldo,foto)
values (6,'Jose','Vazquez','Perez','VAP720925V45','1972-09-25','CDMX',14567,'Estacion','Primavera',46,3000,'img/fotosEmpleados/6.jpg');

insert into empleado(num_empleado,nombre,apellido_pat,apellido_mat,rfc_emp,fecha_nacimiento,estado,cp,colonia,calle,numero_calle,sueldo,foto)
values (7,'Rocio','Elias','Silva','EISR880521NA1','1988-05-21','CDMX',17867,'Europea','España',32,3500,'img/fotosEmpleados/7.jpg');

insert into empleado(num_empleado,nombre,apellido_pat,apellido_mat,rfc_emp,fecha_nacimiento,estado,cp,colonia,calle,numero_calle,sueldo,foto)
values (8,'Armando','Sanchez','Santos','SASA9910299P9','1999-10-29','EDOMEX',56370,'Fresno','Olmo',85,4000,'img/fotosEmpleados/8.jpg');

insert into empleado(num_empleado,nombre,apellido_pat,apellido_mat,rfc_emp,fecha_nacimiento,estado,cp,colonia,calle,numero_calle,sueldo,foto)
values (9,'Luis','Fuentes','Morroy','FUML870709E84','1987-07-09','EDOMEX',79315,'Vergel','Atlapulco',01,5300,'img/fotosEmpleados/9.jpg');

insert into empleado(num_empleado,nombre,apellido_pat,apellido_mat,rfc_emp,fecha_nacimiento,estado,cp,colonia,calle,numero_calle,sueldo,foto)
values (10,'Daniel','Chavez','Zavala','CAZD770619QZ4','1977-06-19','EDOMEX',32986,'Santa Catarina','Artes',321,2000,'img/fotosEmpleados/10.jpg');

insert into empleado(num_empleado,nombre,apellido_pat,apellido_mat,rfc_emp,fecha_nacimiento,estado,cp,colonia,calle,numero_calle,sueldo,foto)
values (11,'Ramon','Arreola','Ibarra','AEIR931113GL0','1993-11-13','CDMX',41857,'Olivar','Glaciar',44,3500,'img/fotosEmpleados/11.jpg');

insert into empleado(num_empleado,nombre,apellido_pat,apellido_mat,rfc_emp,fecha_nacimiento,estado,cp,colonia,calle,numero_calle,sueldo,foto)
values (12,'Jesica','Cano','Loenz','CALJ981008BI7','1998-10-08','CDMX',46258,'Palmas','Xosco',69,2567,'img/fotosEmpleados/12.jpg');

insert into empleado(num_empleado,nombre,apellido_pat,apellido_mat,rfc_emp,fecha_nacimiento,estado,cp,colonia,calle,numero_calle,sueldo,foto)
values (13,'Itzel','Almada','Cruz','AACI990211222','1999-02-11','CDMX',69329,'Portales','Ajusco',100,3600,'img/fotosEmpleados/13.jpg');

insert into empleado(num_empleado,nombre,apellido_pat,apellido_mat,rfc_emp,fecha_nacimiento,estado,cp,colonia,calle,numero_calle,sueldo,foto)
values (14,'Guillermo','Fernandez','Silva','FESG000528NM7','2000-05-28','CDMX',47986,'San Lucas','Cobos',87,5500,'img/fotosEmpleados/14.jpg');

insert into empleado(num_empleado,nombre,apellido_pat,apellido_mat,rfc_emp,fecha_nacimiento,estado,cp,colonia,calle,numero_calle,sueldo,foto)
values (15,'Kenia','Romano','Calvillo','ROCK9403028N5','1994-03-02','CDMX',96378,'Avante','Santa Ana',1210,2500,'img/fotosEmpleados/15.jpg');

insert into empleado(num_empleado,nombre,apellido_pat,apellido_mat,rfc_emp,fecha_nacimiento,estado,cp,colonia,calle,numero_calle,sueldo,foto)
values (16,'Hector','Coll','Arribas','COAH740902SI7','1974-09-02','EDOMEX',23561,'Huipulco','La Paz',66,3456,'img/fotosEmpleados/16.jpg');

insert into empleado(num_empleado,nombre,apellido_pat,apellido_mat,rfc_emp,fecha_nacimiento,estado,cp,colonia,calle,numero_calle,sueldo,foto)
values (17,'Julieta','Calvo','Saraua','CASJ840422E81','1984-04-22','CDMX',13226,'Nativitas','Carmen',33,5800,'img/fotosEmpleados/17.jpg');

insert into empleado(num_empleado,nombre,apellido_pat,apellido_mat,rfc_emp,fecha_nacimiento,estado,cp,colonia,calle,numero_calle,sueldo,foto)
values (18,'Blas','Esteban','Mariscal','EEMB940630BA5','1994-06-30','EDOMEX',14090,'La Joya','Carmen',98,5000,'img/fotosEmpleados/18.jpg');

insert into empleado(num_empleado,nombre,apellido_pat,apellido_mat,rfc_emp,fecha_nacimiento,estado,cp,colonia,calle,numero_calle,sueldo,foto)
values (19,'Adelaida','Aznar','Vega','AAVA9009191WA','1990-09-19','CDMX',32654,'San Simon','Pilares',138,3000,'img/fotosEmpleados/19.jpg');

insert into empleado(num_empleado,nombre,apellido_pat,apellido_mat,rfc_emp,fecha_nacimiento,estado,cp,colonia,calle,numero_calle,sueldo,foto)
values (20,'Ricardo','Romero','Goñi','ROGR750511RG8','1975-05-11','EDOMEX',78652,'Florida','Francia',07,2890,'img/fotosEmpleados/20.jpg');

insert into empleado(num_empleado,nombre,apellido_pat,apellido_mat,rfc_emp,fecha_nacimiento,estado,cp,colonia,calle,numero_calle,sueldo,foto)
values (21,'Odalys','Garryaga','Ros','GARO801203PZ5','1980-12-03','EDOMEX',56982,'Progreso','Juarez',326,2500,'img/fotosEmpleados/21.jpg');

insert into empleado(num_empleado,nombre,apellido_pat,apellido_mat,rfc_emp,fecha_nacimiento,estado,cp,colonia,calle,numero_calle,sueldo,foto)
values (22,'Aitor','Yute','Berrocal','YUBA8602145Q6','1989-02-14','CDMX',57924,'Agricola Oriental','Sur 16',402,2000,'img/fotosEmpleados/22.jpg');



--Agregado de información a la tabla empleado_telefono
insert into empleado_telefono values(5564827809,1);
insert into empleado_telefono values(5589457892,2);
insert into empleado_telefono values(5578458900,3);
insert into empleado_telefono values(5563524900,4);
insert into empleado_telefono values(5512460923,5);
insert into empleado_telefono values(5558631207,6);
insert into empleado_telefono values(5578340089,7);
insert into empleado_telefono values(5530164936,8);
insert into empleado_telefono values(5551133789,9);
insert into empleado_telefono values(5502217963,10);
insert into empleado_telefono values(5551395401,11);
insert into empleado_telefono values(5505500714,12);
insert into empleado_telefono values(5592913244,13);
insert into empleado_telefono values(5530465605,14);
insert into empleado_telefono values(5546336897,15);
insert into empleado_telefono values(5568377679,16);
insert into empleado_telefono values(5570506700,17);
insert into empleado_telefono values(5575621673,18);
insert into empleado_telefono values(5593020070,19);
insert into empleado_telefono values(5588743746,20);
insert into empleado_telefono values(5504223625,21);
insert into empleado_telefono values(5594632407,22);



--Agregado de información a la tabla cocinero
insert into cocinero values(1,'Carnes');
insert into cocinero values(4,'Ensaladas');
insert into cocinero values(8,'Postres');
insert into cocinero values(12,'Bebidas');
insert into cocinero values(14,'Mariscos');
insert into cocinero values(17,'Pastas y Sopas');
insert into cocinero values(20,'Comida Mexicana');



--Agregado de información a la tabla administrativo
insert into administrativo values(2,'Gerente');
insert into administrativo values(5,'Publicidad');
insert into administrativo values(9,'Encargado de compras');
insert into administrativo values(13,'Recursos Humanos');
insert into administrativo values(15,'Sistemas');
insert into administrativo values(18,'Limpieza');
insert into administrativo values(22,'Limpieza');



--Agregado de información a la tabla mesero
insert into mesero values(3,'08:00:00','16:00:00');
insert into mesero values(6,'09:00:00','15:00:00');
insert into mesero values(7,'10:00:00','18:00:00');
insert into mesero values(10,'08:00:00','16:00:00');
insert into mesero values(11,'09:00:00','15:00:00');
insert into mesero values(16,'10:00:00','18:00:00');
insert into mesero values(19,'09:00:00','16:00:00');
insert into mesero values(21,'08:00:00','16:00:00');



--Agregado de información a la tabla dependiente
insert into dependiente values('SAFR750410MMCNLY05',1,'Esposa','Reyna','Santiago','Flores');
insert into dependiente values('SAFD020410HMCNLNA3',1,'Hijo','Donovan','Sanchez','Flores');
insert into dependiente values('DIML770826MCHZRN93',2,'Madre','Luna','Diaz','Moreno');
insert into dependiente values('PEDJ77505MCXRLN748',3,'Esposa','Juana','Soto','Delgado');
insert into dependiente values('AUSM990610MMCGTR04',3,'Hijo','Martin','Aguilar','Soto');
insert into dependiente values('GOHL030410MPLNRZA8',4,'Hija','Luz','Gonzales','Hernandez');
insert into dependiente values('HEJR72118HOCRMU835',4,'Padre','Raul','Hernandez','Jimenez');
insert into dependiente values('RODL811125MDFCZR00',6,'Esposa','Laura','Rocha','Diaz');
insert into dependiente values('VARP000625MDFZCLA7',6,'Hija','Paula','Vazquez','Rocha');
insert into dependiente values('FOVJ801217HCMLGN36',7,'Esposo','Juan Carlos','Flores','Vega');
insert into dependiente values('FOEC02617HCXLLRF33',7,'Hijo','Carlos','Flores','Elias');
insert into dependiente values('SISM870415MDFLNR99',8,'Conyuge','Marisol','Silvestre','Santana');
insert into dependiente values('SASF770330HCMNTR88',8,'Padre','Francisco','Sanchez','Soto');
insert into dependiente values('SAGM831226MTLNZR62',8,'Madre','Maria de los Angeles','Santos','Guzman');
insert into dependiente values('GUAM841013MTLTGR73',9,'Esposa','Margarita','Gutierrez','Aguilar');
insert into dependiente values('FUAC031013MCXNGMP7',9,'Hija','Camila','Fuentes','Aguilar');
insert into dependiente values('GURL860826MQTTMC13',10,'Conyuge','Lucia','Gutierrez','Ramos');
insert into dependiente values('AEDG82311HCXRLL441',11,'Padre','Guillermo','Arreola','Delgado');
insert into dependiente values('IANE72231MMNBNLP47',11,'Madre','Elizabeth','Ibarra','Nuñes');
insert into dependiente values('NUCG01111HCXNNRE68',12,'Hijo','Gerardo','Nuñez','Cano');
insert into dependiente values('AADA770826HQTLZL42',13,'Padre','Alejandro','Almada','Diaz');
insert into dependiente values('CURR82618MDFRMS616',13,'Madre','Rosa Maria','Cruz','Romero');
insert into dependiente values('JICA851010MMSMRR64',13,'Hija','Araceli','Jimenez','Cruz');
insert into dependiente values('GOMM82419MMCNRR735',14,'Esposa','Maria Fernanda','Gonzalez','Mora');
insert into dependiente values('FEGJ94431HMCRNN736',14,'Hijo','Juan Carlos','Fernandez','Gonzalez');
insert into dependiente values('CORJ74414HCXLMS459',16,'Padre','Jose Manuel','Coll','Ramos');
insert into dependiente values('AISG7255MVZRKTD558',16,'Madre','Guadalupe','Arribas','Sotelo');
insert into dependiente values('RECS03313HPLYLNK68',17,'Hijo','Santiago','Reyes','Calvo');
insert into dependiente values('RECF061214MPLYLRY2',17,'Hija','Francisca','Reyes','Calvo');
insert into dependiente values('MEGY86615MNLDZL119',18,'Esposa','Yolanda','Medina','Guzman');
insert into dependiente values('MAGJ80131MCLRRS256',18,'Madre','Josefina','Mariscal','Garza');
insert into dependiente values('AAVR87812MCXZGM238',19,'Hermana','Ramona','Aznar','Vega');
insert into dependiente values('AAVA911030HMCZGN74',19,'Hermano','Angel','Aznar','Vega');
insert into dependiente values('DIDS870826MTLZLL35',20,'Conyuge','Silvia','Dorante','Diaz');
insert into dependiente values('RODL75412HMCMLS848',20,'Padre','Luis','Romero','Delgado');
insert into dependiente values('GOCM74729MCXNHR928',20,'Madre','Margarita','Goñi','Chavez');
insert into dependiente values('YUBC9548MCXTRRP678',22,'Hermana','Carmen','Yute','Berrocal');



--Agregado de información a la tabla cliente
insert into cliente values('SARV85091183A','Valeria','Santiago','Ramírez','ValSan23@gmail.com','Importaciones PFV.','1985-09-11','CDMX',43610,'Balderas','Pacifico',200);
insert into cliente values('SADE950522HDF','Enrique','Salas','Diaz','ESal123@gmail.com','BMW Ibérica S.A.','1995-05-22','CDMX',35969,'Nueva Era','Cisne',87);
insert into cliente values('OIRJ870911DFA','Josep','Ortiz','Ramírez','JosRam56@gmail.com','Air Europa Líneas Aéreas S.A.','1987-09-11','CDMX',13210,'Centro','Tacuba',156);
insert into cliente values('GATM780118C48','Maria','Gales','Telcho','MargeTel@hotmail.com','Costa Sur S.A.','1975-01-18','EDOMEX',5936,'Lerma','Ensueño',26);
insert into cliente values('PEYM9012092P4','Marco','Perez','Yagu','MarcYu6985@hotmail.com','Arcos Dorados, C.A.','1990-12-09','EDOMEX',25986,'San Lorenzo','Cedro',10);
insert into cliente values('MANP780319KD8','Paulina','Manrrique','Nieves','PauMaN78@hotmail.com','PepsiCo, Inc.','1978-03-19','Jalisco',56982,'Coapa','Oriental',22);
insert into cliente values('GOMS770704S3A','Susana','Gomez','Medina','SusanaMedina235@hotmail.com','Telefónica Móviles S.A.U.','1977-07-04','Colima',69582,'Concepcion','Pino',96);
insert into cliente values('FESD900810UA8','Daniel','Fernandez','Suarez','DanFeS90@infoProm.com','Promotora de Informaciones, S.A.','1990-08-10','Sonora',82716,'Narvarte','Peten',52);
insert into cliente values('DIHL720925BU5','Luis','Diaz','Herrera','LDiaz69@socosani.com','Socosani S. A.','1972-09-25','CDMX',65782,'Renacimiento','Atoyac',45);
insert into cliente values('LOMM961019UI1','Maria','Lopez','Medina','MarLop66@rypley.com','Banco Ripley','1996-10-19','Veracruz',89562,'Del Mar','Atlantida',63);
insert into cliente values('AATM770626V39','Mario','Alvarez','Torres','Matorr63@gmail.com','Concordia S.A.C.','1977-06-26','Jalisco',56987,'Popotla','Egeo',356);
insert into cliente values('PEFV980319CXA','Valeria','Perez','Fernandez','ValPerF58@gmail.com','S.R.L. Directv','1981-02-03','Oaxaca',96966,'Lazaro cardenas','10 de Abril',32);



--Agregado de información a la tabla orden
insert into orden(folio,num_empleado,rfc_cliente,total) values('ORD-001',3,'SARV85091183A',230);
insert into orden values('ORD-002',6,'OIRJ870911DFA','2022-05-20',400);
insert into orden(folio,num_empleado,rfc_cliente,total) values('ORD-003',6,'SADE950522HDF',270);
insert into orden values('ORD-004',7,'GATM780118C48','2022-05-21',230);
insert into orden values('ORD-005',7,'MANP780319KD8','2022-03-22',380);
insert into orden values('ORD-006',10,'GOMS770704S3A','2022-02-17',700);
insert into orden(folio,num_empleado,rfc_cliente,total) values('ORD-007',10,'FESD900810UA8',1200);
insert into orden values('ORD-008',10,'OIRJ870911DFA','2022-04-03',150);
insert into orden values('ORD-009',10,'PEFV980319CXA','2022-03-29',700);
insert into orden values('ORD-010',11,'DIHL720925BU5','2022-05-03',1630);
insert into orden(folio,num_empleado,rfc_cliente,total) values('ORD-011',16,'LOMM961019UI1',200);
insert into orden values('ORD-012',16,'SARV85091183A','2022-03-15',470);
insert into orden values('ORD-013',19,'AATM770626V39','2022-01-02',620);
insert into orden(folio,num_empleado,rfc_cliente,total) values('ORD-014',21,'PEYM9012092P4',970);



--Agregado de información a la tabla categoria
insert into categoria values('Carnes','Colección de platillos cuyo elemento principal es la carne de ternera, cerdo, cordero o pollo.');
insert into categoria values('Bebidas','Preparaciones a base de agua (con o sin gas, fría o caliente) comprenden sodas, infusiones, jugos entre otros.');
insert into categoria values('Ensaladas','Platillos saludables que estan compuestos principalmente de verduras, frutas y/o proteínas.');
insert into categoria values('Sopas','Preparaciones culinarias hechas en base a un caldo o líquido con mucho sabor.');
insert into categoria values('Mariscos','Colección de platillos cuyo elemento principal son productos provenientes del mar.');
insert into categoria values('Pastas','Platillos realizados a base de masa, agua y la harina, acompañada de otros ingredientes y en diversas presentaciones.');
insert into categoria values('Comida Mexicana','Platillos típicos de la gastronomía mexicana, cuyo elemento predominante es el maíz.');
insert into categoria values('Postres','Colección de platillos dulces que se consumen generalmente al final de una comida.');



--Agregado de información a la tabla platillo bebida
insert into platillo_bebida values('Arrachera',150,'Corte fino de res de 45 cm de largo y un grueso de un centímetro aproximadamente.',
'Marinar el corte en una mezcla de salsas durante al menos una hora, posteriormente asar por ambos lados hasta obtener el termino indicado.',10,'Carnes');

insert into platillo_bebida values('Hamburguesa',100,'Platillo tipo sándwich hecho a base de carne de res molida, aglutinada en forma de filete cocinado a la parrilla, acompañada de papas fritas.',
'Moler y mezclar la carne de res con cebolla, perejil y huevo, freír dos minutos por lado, servir en pan con queso, tomate y lechuga.',5,'Carnes');

insert into platillo_bebida values('Pollo al horno',130,'Pollo cocinado en sus propios jugos y grasa, acompañado o aderezado con hierbas aromáticas y vegetales.',
'Limpiar el pollo y untar por dentro y fuera de pimienta y sal, hornear con papas a 220ºC por 30 minutos.',4,'Carnes');

insert into platillo_bebida values('Chuleta de cordero',200,'Pollo cocinado en sus propios jugos y grasa, acompañado o aderezado con hierbas aromáticas y vegetales.',
'Sazonar la carne con sal y pimienta, cocinar con aceite de oliva, ajo y paprika hasta obtener el punto deseado.',10,'Carnes');

insert into platillo_bebida values('Limonada',30,'Bebida refrescante elaborada con agua natural o mineral, azúcar y jugo de limón.',
'Exprimir limones, añadir agua y azúcar al gusto, revolver para dejar los sabores al punto deseado y por ultimo agregar agua mineral.',10,'Bebidas');

insert into platillo_bebida values('Soda',10,'Bebida gaseosa de diversos sabores y sin alcohol, elaborada con agua y ácido carbónico.','N/A',20,'Bebidas');

insert into platillo_bebida values('Cerveza',20,'Bebida alcohólica elaborada a partir de azúcares obtenidas de cereales y otros granos.','N/A',30,'Bebidas');

insert into platillo_bebida values('Cafe',15,'Bebida que se obtiene a partir de los granos tostados y molidos de los frutos de la planta del café, tipo americano o cappuccino.','N/A',25,'Bebidas');

insert into platillo_bebida values('Jugo de Naranja',15,'Bebida que se obtenida al exprimir el interior de las naranjas.',
'Lavar las naranjas y partirlas a la mitad, retirar las semillas y posteriormente exprimir cada mitad, retirar los residuos y servir.',15,'Bebidas');

insert into platillo_bebida values('Ensalada César',50,'Ensalada de lechuga romana y trozos de pan tostado con jugo de limón, aceite de oliva, huevo, salsa Worcestershire, ajo, mostaza, queso parmesano y pimienta negra.',
'Mezclar aceite de oliva con el ajo en polvo, la sal y la pimienta, cocinar con pollo en sartén durante 15 minutos, servir con lechuga y trozos de pan.',10,'Ensaladas');

insert into platillo_bebida values('Ensalada Mixta',50,'Platillo frío elaborado con pollo, lechuga y jitomate en rodajas; opcionalmente aguacate rebanado, zanahoria y alguna otra verdura a elección.',
'Cortar lechuga, jitomate y cebolla, añadir aceite de oliva y pollo o huevo cocido según sea el caso y verduras picadas adicionales.',5,'Ensaladas');

insert into platillo_bebida values('Ensalada Waldorf',70,'Ensalada elaborada con manzana, apio, nueces y se adereza con mayonesa y limón.',
'Mezclar la manzana picada, apio, nuez, pasas y lechuga, aderezar con mezcla de mayonesa y limón.',8,'Ensaladas');

insert into platillo_bebida values('Ensalada Griega',80,'Ensalada elaborada con tomate, pepino, cebolla, pimiento, aceitunas negras y aceite de oliva.',
'Añadir tomate cortado en dados, medio pepino, media cebolla pelada y picada, aceitunas negras, queso feta troceado y orégano, por último, añadir aceite de oliva y vinagreta al gusto.',0,'Ensaladas');

insert into platillo_bebida values('Sopa de Cebolla',80,'Platillo francés cuyo principal ingrediente es la cebolla caramelizada, acompañada de pan y especias.',
'Pelar y cortar cebollas, freír hasta caramelizar posteriormente introducir la cebolla en el caldo de carne y salpimentar al gusto dejar 20 minutos a fuego bajo, servir y acompañar con rebanadas finas el pan.',5,'Sopas');

insert into platillo_bebida values('Sopa Gulash',100,'Plato húngaro elaborado principalmente con carne, cebollas, pimiento y pimentón,',
'Salpimentar la carne y freír, pelar ajos, cebolla y puerro para sofreír, introducir todo en una olla con agua a fuego medio, añadir zanahoria, tomates y pimentón picados, cocinar por 25 minutos y servir.',3,'Sopas');

insert into platillo_bebida values('Sopa Miso',50,'La sopa de Miso es una sopa japonesa preparada a base de un caldo Dashi y pasta de miso, que le da nombre.',
'Hervir agua en una olla, agregar tofu, alga wakame, champiñones, cebolla y fideos, cocinar a fuego medio por 20 minutos, por último, agregar una cucharada de jengibre y perejil picado para servir.',7,'Sopas');

insert into platillo_bebida values('Sopa Harira',50,'Sopa tradicional europea hecha de legumbres, carne y tomate.',
'Trocear apio y tomates, rallar cebolla y jengibre, salpimentar pollo y condimentar con cúrcuma y canela, dorar el pollo y sofreír la cebolla con jengibre, añadir todos los elementos a una olla con agua para cocinar a fuego medio por media hora, posteriormente servir con perejil y cilantro picados.',5,'Sopas');

insert into platillo_bebida values('Gazpacho',50,'Sopa refrescante elaborada inicialmente con miga de pan seco, ajo, vinagre, aceite y agua a la que posteriormente se incorporó jitomate, pimiento y pepino.',
'Picar tomates, pepino, pimiento y ajo, añadir aceite de oliva y vinagre, mezclar muy bien y licuar con un poco de agua, dejar reposar y servir con pan y cebolla picada.',0,'Sopas');

insert into platillo_bebida values('Salmón al horno',500,'Delicioso salmón cocinado al horno acompañado de pure de papas.',
'Moler ajos y la pimienta, añadir juego de naranja, soja y aceite de oliva, mezclar y untar sobre el salmón, hornear a 180ºC entre 12 y 15 minutos y servir con pure de papas.',5,'Mariscos');

insert into platillo_bebida values('Ceviche',300,'Platillo preparado con trozos de pescado crudo, marinados en jugo de limón u otro líquido ácido y condimentado con otros ingredientes.',
'Agrega en un Bowl pescado, el jitomate, la cebolla, el chile, el cilantro, la pimienta, jugo de limón, la sal, mezclar perfectamente, dejar marinar por 20 minutos en el refrigerador y servir.',3,'Mariscos');

insert into platillo_bebida values('Camarones empanizados',200,'Ocho piezas de camarones empanizados crujientes acompañados de una salsa para mojar.',
'Limpiar y pelar los camarones dejando solo la cola, empanizar con harina, huevo y pan molido, dos capas de cada ingrediente, freír en aceite bien caliente y dejar reposar, servir acompañados de salsa para mojar.',10,'Mariscos');

insert into platillo_bebida values('Pescado a la mantequilla',150,'Filetes de pescado fritos con mantequilla acompañados de verdura.',
'Agregar mantequilla, limón, sal, pimentón y cebolla en un sartén hasta integrar, posteriormente freír el pescado cono la mezcla anterior hasta el punto deseado y servir con lechuga y zanahoria.',10,'Mariscos');

insert into platillo_bebida values('Espagueti a los Quesos',70,'Espagueti bañado en una salsa cremosa hecha con una combinación tres quesos.',
'Calentar en una olla aceite de oliva, ajo y cebolla picados junto con tomillo, agregar crema, leche y quesos (Manchego, Oaxaca y Gouda), mezclar hasta que los quesos se fundan, añadir sal y pimienta al gusto, integrar el espagueti cocido y dejar reposar, servir con hojas de albahaca y rebanadas de pan.',10,'Pastas');

insert into platillo_bebida values('Macarrones con Queso',50,'Exquisitos macarrones bañados en salsa de queso.',
'Cocinar los macarrones y dejar reposar, derretir la mantequilla en la misma cacerola a fuego moderado, añadir leche evaporada, huevos, mostaza y sal, mezclar y añadir queso cheddar, cocinar a fuego medio de 4 a 5 minutos, revolviendo constantemente, hasta que el queso se derrita y la mezcla esté cremosa.',5,'Pastas');

insert into platillo_bebida values('Fideos con Champiñones',70,'Cremosos fideos acompañados de Champiñones.',
'Cocinar la pasta, picar cebolla, champiñones y tomate finamente, acitronar la cebolla en una sartén y añadir leche batida con mayonesa, mezclar bien y añadir los demás ingredientes mezclar y dejar reposar por 5 minutos, servir con perejil.',20,'Pastas');

insert into platillo_bebida values('Tallarines con Tomates',60,'Deliciosos tallarines bañados en una salsa de tomate y queso.',
'Cocinar los tallarines, triturar cebolla con tomate y ajo, en una sartén freír por cinco minutos carne molida de res, añadir la pasta y la salsa mezclar bien, dejar reposar y servir con queso rallado encima.',6,'Pastas');

insert into platillo_bebida values('Tacos',80,'Cinco piezas de deliciosos tacos de suadero.',
'Cocinar la carne en olla con poca agua por 35 minutos a fuego alto, cuando el agua se evapore dorar la carne y cortar en tiras, servir en tortillas y cubrir con cebolla y cilantro picados.',20,'Comida Mexicana');

insert into platillo_bebida values('Mole con Pollo',130,'Pollo bañado en salsa espesa echa a base de chocolates, chiles y especias.',
'Remojar chiles anchos en agua caliente, molerlos con ajos, laurel, ajonjolí, clavos, pimientas gordas, canela, cebolla, chocolate y tortilla dorada hasta formar una pasta, freír esta pasta en manteca caliente, sazonarla con sal y el caldo suficiente para que tome buen espesor, incorporar el pollo cocido.',20,'Comida Mexicana');

insert into platillo_bebida values('Cochinita Pibil',200,'Platillo basado en carne de cerdo marinada en una preparación con achiote y cocida al horno.',
'Moler pasta de achiote, jugo de naranja y limón, un chorrito de vinagre, vino blanco, comino, orégano, canela, pimienta negra, dientes de ajo y sal y pimienta al gusto, hasta tener una consistencia espesa, marinar trozos de carne de puerco con el preparado anterior, posteriormente llevar al horno a 180°C por dos horas, retirar y desmenuzar la carne, servir con cebolla morada y tortillas.',15,'Comida Mexicana');

insert into platillo_bebida values('Pozole',100,'Platillo a base de granos de maíz nixtamalizados y carne de res.',
'Calentar 5 litros agua con media cebolla, 4 dientes de ajo y la sal, cuando hierva añadir el maíz pozolero y cocinar por 30 minutos a fuego alto hasta que el maíz reviente, añadir carne de cerdo y laurel y cocinar por 1 hora con 30 minutos o hasta que la carne esté suave, deshebrar la carne y servir acompaña con orégano, chile en polvo, lechuga, rábanos, limón y tostadas.',5,'Comida Mexicana');

insert into platillo_bebida values('Flan',50,'Postre elaborado con una natilla, teniendo como ingredientes principales huevos enteros, leche y azúcar.',
'Verter azúcar en una flanera y calentar a fuego medio para que se forme el caramelo, licuar leche condensada con la leche evaporada, huevos y esencia de vainilla, vaciar la preparación en la flanera y tapa, colocar a baño maría por 30 minutos, desmoldar y servir.',10,'Postres');

insert into platillo_bebida values('Pastel de Chocolate',50,'Rebanada de delicioso pastel sabor chocolate.',
'Combinar mantequilla, leche condensada, huevos, harina, polvo para hornear y una barra de chocolate fundido, verter la preparación en un molde para pastel previamente engrasado y enharinado, hornear a 180 °C por 30 a 40, retira del horno y deja enfriar para desmoldar y embetunar.',22,'Postres');

insert into platillo_bebida values('Tiramisú',100,'Postre que se prepara con láminas de masa de bizcocho empapadas en café.',
'Batir crema a velocidad media hasta que doble su tamaño, agregar azúcar e incorporar queso crema poco a poco, vainilla y batir por tres minutos, colocar una capa de galletas y mojar con café y agregar una capa de crema con queso y extender para cubrir las galletas, repetir el proceso al menos cinco veces.',1,'Postres');

insert into platillo_bebida values('Pay de Limón',50,'Rebanada de delicioso Pay de Limón.',
'Para la base, mezclar las galletas con la mantequilla hasta formar una pasta, colocar en un molde para pay, cubrir bien la base y los bordes con la pasta de galleta y refrigera durante 10 minutos, licúa leche con leche evaporada y agrega poco a poco jugo de limón, vierte sobre la base de galleta y refrigera hasta que cuaje por completo; decorar con ralladura de limón y servir.',6,'Postres');


--Agregado de información a la tabla enlista
insert into enlista values('ORD-001','Hamburguesa',2,200);
insert into enlista values('ORD-001','Limonada',1,30);
insert into enlista values('ORD-002','Arrachera',2,300);
insert into enlista values('ORD-002','Cerveza',2,40);
insert into enlista values('ORD-002','Tallarines con Tomates',1,60);
insert into enlista values('ORD-003','Chuleta de cordero',1,200);
insert into enlista values('ORD-003','Soda',2,20);
insert into enlista values('ORD-003','Flan',1,50);
insert into enlista values('ORD-004','Camarones empanizados',1,200);
insert into enlista values('ORD-004','Jugo de Naranja',2,30);
insert into enlista values('ORD-005','Hamburguesa',1,100);
insert into enlista values('ORD-005','Sopa Gulash',1,100);
insert into enlista values('ORD-005','Ensalada Griega',1,80);
insert into enlista values('ORD-005','Cerveza',5,100);
insert into enlista values('ORD-006','Salmón al horno',1,500);
insert into enlista values('ORD-006','Cerveza',1,20);
insert into enlista values('ORD-006','Sopa Miso',1,50);
insert into enlista values('ORD-006','Flan',1,50);
insert into enlista values('ORD-006','Pastel de Chocolate',1,50);
insert into enlista values('ORD-006','Cafe',2,30);
insert into enlista values('ORD-007','Salmón al horno',1,500);
insert into enlista values('ORD-007','Chuleta de cordero',1,200);
insert into enlista values('ORD-007','Ceviche',1,300);
insert into enlista values('ORD-007','Limonada',1,30);
insert into enlista values('ORD-007','Tiramisú',1,100);
insert into enlista values('ORD-007','Cafe',2,30);
insert into enlista values('ORD-007','Cerveza',2,40);
insert into enlista values('ORD-008','Pollo al horno',1,130);
insert into enlista values('ORD-008','Cerveza',1,20);
insert into enlista values('ORD-009','Ceviche',1,300);
insert into enlista values('ORD-009','Sopa Gulash',2,200);
insert into enlista values('ORD-009','Pollo al horno',1,130);
insert into enlista values('ORD-009','Cerveza',3,60);
insert into enlista values('ORD-009','Soda',1,10);
insert into enlista values('ORD-010','Hamburguesa',1,100);
insert into enlista values('ORD-010','Pollo al horno',1,130);
insert into enlista values('ORD-010','Chuleta de cordero',1,200);
insert into enlista values('ORD-010','Limonada',2,60);
insert into enlista values('ORD-010','Soda',4,40);
insert into enlista values('ORD-010','Cerveza',5,100);
insert into enlista values('ORD-010','Cafe',4,60);
insert into enlista values('ORD-010','Jugo de Naranja',2,30);
insert into enlista values('ORD-010','Ensalada César',2,100);
insert into enlista values('ORD-010','Sopa de Cebolla',1,80);
insert into enlista values('ORD-010','Sopa Gulash',2,200);
insert into enlista values('ORD-010','Camarones empanizados',1,200);
insert into enlista values('ORD-010','Espagueti a los Quesos',1,70);
insert into enlista values('ORD-010','Tallarines con Tomates',1,60);
insert into enlista values('ORD-010','Flan',2,100);
insert into enlista values('ORD-010','Pay de Limón',2,100);
insert into enlista values('ORD-011','Arrachera',1,150);
insert into enlista values('ORD-011','Limonada',1,30);
insert into enlista values('ORD-011','Cerveza',1,20);
insert into enlista values('ORD-012','Cochinita Pibil',1,200);
insert into enlista values('ORD-012','Tiramisú',1,100);
insert into enlista values('ORD-012','Cerveza',2,40);
insert into enlista values('ORD-012','Soda',1,10);
insert into enlista values('ORD-012','Ensalada Waldorf',1,70);
insert into enlista values('ORD-012','Sopa Harira',1,50);
insert into enlista values('ORD-013','Salmón al horno',1,500);
insert into enlista values('ORD-013','Pastel de Chocolate',1,50);
insert into enlista values('ORD-013','Ensalada Waldorf',1,70);
insert into enlista values('ORD-014','Arrachera',2,300);
insert into enlista values('ORD-014','Hamburguesa',2,200);
insert into enlista values('ORD-014','Ensalada Griega',1,80);
insert into enlista values('ORD-014','Sopa Gulash',1,100);
insert into enlista values('ORD-014','Cerveza',4,80);
insert into enlista values('ORD-014','Flan',1,50);
insert into enlista values('ORD-014','Tiramisú',1,100);
insert into enlista values('ORD-014','Limonada',2,60);