<?xml version = '1.0' encoding = 'UTF-8'?>
<relationalModel class="oracle.dbtools.crest.model.design.relational.RelationalDesign" name="ProyectoFinal" id="89DEF605-5995-7AC5-7AB0-DA3C960611F7" mainViewID="520A9AF7-8E62-B67D-92A9-C0090F2FCD32">
<createdBy>jimjo</createdBy>
<createdTime>2025-04-29 16:26:09 UTC</createdTime>
<ownerDesignName>ProyectoFinal</ownerDesignName>
<shouldBeOpen>false</shouldBeOpen>
<selectedRDBMSSite>32076570-2523-435C-2E92-BF29817DFF70</selectedRDBMSSite>
<redirectConnectionStamp class="oracle.dbtools.crest.imports.DBConnectionStamp">
<connName>CURSOS</connName>
<connUser>ESTUDIANTE</connUser>
<connType>1</connType>
<syncSelected>-1</syncSelected>
</redirectConnectionStamp>
</relationalModel>