INSERT INTO PROVEEDOR VALUES (1,'Telcel','RADIOMOVIL DIPSA S.A. DE CV','Ciudad de Mexico','Col.Apliacion Granada',245,06500,'Lago Zurich'); 
INSERT INTO PROVEEDOR VALUES (2,'Movistar','Telefónica Móviles México, S.A. de C.V.','Ciudad de Mexico','Col.Apliacion Granada',245,06600,'Lago Zurich'); 
INSERT INTO PROVEEDOR VALUES (3,'Mapeed','MAPEED S.A. DE CV','Ciudad de Mexico','Col.Benito Juarez',233, 06700,'Fuentes');
INSERT INTO PROVEEDOR VALUES (4,'Bic','Industrial de Cuautitlán S.A. de C.V.','Jalisco','Col. Puerta de Hierro',240,04511,'Real');
INSERT INTO PROVEEDOR VALUES (5,'Epson','EPSON MEXICO- S.A. DE C.V.','Ciudad de Mexico','Col. Irrigacion',389,11500,'Manuel Avila Camacho');
INSERT INTO PROVEEDOR VALUES (6,'Canon','CANON MEXICANA S. DE R.L. DE C.V.','Ciudad de Mexico','Col. Lomas de Chapultepec I Seccion',138,11000,'Manuel Avila Camacho');
INSERT INTO PROVEEDOR VALUES (7,'Mattel','Mattel De Mexico S.a. De C.v.','Ciudad de Mexico','Col. Granada',193,11520,'Miguel de Cervantes Saavedra');
INSERT INTO PROVEEDOR VALUES (8,'Ferrero','Ferrero de México, S.A. de C.V.','Jalisco','Col. Jardines del Bosque',251,04452,'Mariano Otero');

INSERT INTO TELEFONO VALUES (5556317219,1);
INSERT INTO TELEFONO VALUES (5526524662,2);
INSERT INTO TELEFONO VALUES (5573620400,3);
INSERT INTO TELEFONO VALUES (3350895900,4);
INSERT INTO TELEFONO VALUES (5557649090,5);
INSERT INTO TELEFONO VALUES (5552494905,6);
INSERT INTO TELEFONO VALUES (5529452792,7);
INSERT INTO TELEFONO VALUES (3331213242,8);

INSERT INTO CATEGORIA VALUES (1,'impresiones');
INSERT INTO CATEGORIA VALUES (2,'papeleria');
INSERT INTO CATEGORIA VALUES (3,'regalos');
INSERT INTO CATEGORIA VALUES (4,'recargas');

INSERT INTO PRODUCTO VALUES (53201,5.00,'Epson','Impresion a color tamaño carta',1); 
INSERT INTO PRODUCTO VALUES (53202,1.00,'Epson','Impresion B/N tamaño carta',1);
INSERT INTO PRODUCTO VALUES (53203,10.00,'Canon','Impresion a color tamaño oficio',1); 
INSERT INTO PRODUCTO VALUES (53204,3.00,'Canon','Impresion B/N tamaño oficio',1);
INSERT INTO PRODUCTO VALUES (53205,50.00,'Epson','Impresion OFFSET',1);
INSERT INTO PRODUCTO VALUES (53206,5.00,'Bic','Lapiz',2); 
INSERT INTO PRODUCTO VALUES (53207,10.00,'Bic','Pluma',2);
INSERT INTO PRODUCTO VALUES (53208,5.00,'Mapeed','Goma',2); 
INSERT INTO PRODUCTO VALUES (53209,5.00,'Mapeed','Sacapuntas',2);
INSERT INTO PRODUCTO VALUES (53210,20.00,'Mapeed','Colores',2);
INSERT INTO PRODUCTO VALUES (53211,49.99,'Mattel','Max Steel',3); 
INSERT INTO PRODUCTO VALUES (53212,49.99,'Mattel','Barbie',3);
INSERT INTO PRODUCTO VALUES (53213,249.99,'Mattel','Triciclo',3); 
INSERT INTO PRODUCTO VALUES (53214,199.99,'Ferrero','Ferrero Rocher grande',3);
INSERT INTO PRODUCTO VALUES (53215,99.99,'Ferrero','Nutella',3);
INSERT INTO PRODUCTO VALUES (53216,20.00,'Telcel','Recarga pequeña',4); 
INSERT INTO PRODUCTO VALUES (53217,50.00,'Telcel','Recarga mediana',4);
INSERT INTO PRODUCTO VALUES (53218,100.00,'Telcel','Recarga grande',4); 
INSERT INTO PRODUCTO VALUES (53219,50.00,'Movistar','Plan pequeño',4);
INSERT INTO PRODUCTO VALUES (53220,100.00,'Movistar','Plan grande',4);

INSERT INTO INVENTARIO VALUES (1,'Unidad Centro');

INSERT INTO GUARDA VALUES (1,53201,1.00,100,'2021-06-20'); 
INSERT INTO GUARDA VALUES (1,53202,0.25,100,'2021-06-20');
INSERT INTO GUARDA VALUES (1,53203,3.00,100,'2021-06-20'); 
INSERT INTO GUARDA VALUES (1,53204,1.00,100,'2021-06-20');
INSERT INTO GUARDA VALUES (1,53205,15.00,50,'2021-07-01');
INSERT INTO GUARDA VALUES (1,53206,1.00,50,'2021-04-15'); 
INSERT INTO GUARDA VALUES (1,53207,3.00,50,'2021-05-15');
INSERT INTO GUARDA VALUES (1,53208,2.00,25,'2021-04-15'); 
INSERT INTO GUARDA VALUES (1,53209,2.00,25,'2021-04-15');
INSERT INTO GUARDA VALUES (1,53210,5.00,10,'2021-04-01');
INSERT INTO GUARDA VALUES (1,53211,15.00,15,'2021-12-01'); 
INSERT INTO GUARDA VALUES (1,53212,15.00,15,'2021-12-01');
INSERT INTO GUARDA VALUES (1,53213,50.00,10,'2021-02-01'); 
INSERT INTO GUARDA VALUES (1,53214,40.00,20,'2021-02-01');
INSERT INTO GUARDA VALUES (1,53215,35.00,20,'2021-02-01');
INSERT INTO GUARDA VALUES (1,53216,5.00,50,'2021-11-09'); 
INSERT INTO GUARDA VALUES (1,53217,20.00,50,'2021-11-09');
INSERT INTO GUARDA VALUES (1,53218,35.00,25,'2021-11-09'); 
INSERT INTO GUARDA VALUES (1,53219,20.00,10,'2021-10-30');
INSERT INTO GUARDA VALUES (1,53220,35.00,10,'2021-10-30');

INSERT INTO SURTE VALUES (1,1); 
INSERT INTO SURTE VALUES (2,1);
INSERT INTO SURTE VALUES (3,1); 
INSERT INTO SURTE VALUES (4,1);
INSERT INTO SURTE VALUES (5,1);
INSERT INTO SURTE VALUES (6,1); 
INSERT INTO SURTE VALUES (7,1);
INSERT INTO SURTE VALUES (8,1);