<?xml version = '1.0' encoding = 'UTF-8'?>
<Diagram class="oracle.dbtools.crest.swingui.logical.DPVLogicalSubView" name="From_RM_ProyectoFinal - SubView_1" id="053F636B-2C6F-CE21-2C44-F22078B1CEE6">
<createdBy>jimjo</createdBy>
<modifiedBy>jimjo</modifiedBy>
<createdTime>2025-04-29 21:51:56 UTC</createdTime>
<autoRoute>false</autoRoute>
<boxInbox>true</boxInbox>
<showLegend>false</showLegend>
<showLabels>false</showLabels>
<showRelAttributes>false</showRelAttributes>
<gridEnabled>false</gridEnabled>
<showGrid>false</showGrid>
<diagramColor>-1</diagramColor>
<display>false</display>
<generatorId>F9C781EA-11CF-4B5C-5AAC-F2DC82F8814E</generatorId>
<notation>1</notation>
</Diagram>