<?xml version = '1.0' encoding = 'UTF-8'?>
<Diagram class="oracle.dbtools.crest.swingui.logical.DPVLogical" name="Logical" id="C78F3B2F-5294-9859-7ADE-0DE3116F6306">
<createdBy>jimjo</createdBy>
<modifiedBy>jimjo</modifiedBy>
<createdTime>2025-04-29 21:44:49 UTC</createdTime>
<autoRoute>false</autoRoute>
<boxInbox>true</boxInbox>
<showLegend>false</showLegend>
<showLabels>false</showLabels>
<showRelAttributes>false</showRelAttributes>
<gridEnabled>false</gridEnabled>
<showGrid>false</showGrid>
<diagramColor>-1</diagramColor>
<display>false</display>
<notation>1</notation>
<objectViews>
<OView class="oracle.dbtools.crest.swingui.logical.TVEntity" oid="0525A174-C6EA-8577-9727-B432C3950E79" otype="Entity" vid="650422BF-D43B-F88C-6F2B-28F50BFC9E0A">
<hideElementsInCurrentOnly>false</hideElementsInCurrentOnly>
<bounds x="256" y="27" width="263" height="196"/>
</OView>
<OView class="oracle.dbtools.crest.swingui.logical.TVEntity" oid="2EEC7648-2E8D-6FBC-4F88-F39D256EE33E" otype="Entity" vid="3B5FB09A-7F81-14BD-618D-E8A128BA234C">
<hideElementsInCurrentOnly>false</hideElementsInCurrentOnly>
<bounds x="1" y="51" width="212" height="144"/>
</OView>
<OView class="oracle.dbtools.crest.swingui.logical.TVEntity" oid="621C3145-B79F-5088-8846-349996AD3B19" otype="Entity" vid="A4FAC71F-8331-12B1-AE4D-3EC762E6FE00">
<hideElementsInCurrentOnly>false</hideElementsInCurrentOnly>
<bounds x="650" y="427" width="294" height="189"/>
</OView>
<OView class="oracle.dbtools.crest.swingui.logical.TVEntity" oid="71BDC230-0ACA-CA3D-41CB-B9AE017E2802" otype="Entity" vid="2CACE90F-C3C0-957C-48A2-8FAA897DCD4E">
<hideElementsInCurrentOnly>false</hideElementsInCurrentOnly>
<bounds x="0" y="285" width="287" height="107"/>
</OView>
<OView class="oracle.dbtools.crest.swingui.logical.TVEntity" oid="86B4F31D-F7F2-FEF9-4691-0B73E8393399" otype="Entity" vid="DBDA0EBD-F0FC-3A08-D4A9-41E54B061CBB">
<hideElementsInCurrentOnly>false</hideElementsInCurrentOnly>
<bounds x="647" y="689" width="356" height="110"/>
</OView>
<OView class="oracle.dbtools.crest.swingui.logical.TVEntity" oid="99817AE7-87E6-0921-80B2-AF97839A66AC" otype="Entity" vid="29F4A772-8A93-46D7-8DBE-1499AEC8D3DF">
<hideElementsInCurrentOnly>false</hideElementsInCurrentOnly>
<bounds x="691" y="246" width="213" height="145"/>
</OView>
<OView class="oracle.dbtools.crest.swingui.logical.TVEntity" oid="9A831038-AB31-DEC4-44BB-CC8EF694A7B0" otype="Entity" vid="07E05A95-02E3-1EE7-E4D5-4198641FD9F1">
<hideElementsInCurrentOnly>false</hideElementsInCurrentOnly>
<bounds x="980" y="342" width="315" height="269"/>
</OView>
<OView class="oracle.dbtools.crest.swingui.logical.TVEntity" oid="A3D93819-CBE5-D421-538C-26EDACFC7E7E" otype="Entity" vid="C2C573B1-F6E9-5AD1-3767-E1C91280496F">
<hideElementsInCurrentOnly>false</hideElementsInCurrentOnly>
<bounds x="267" y="442" width="278" height="143"/>
</OView>
<OView class="oracle.dbtools.crest.swingui.logical.TVEntity" oid="E47FD5DA-AE37-2617-F063-6462AC915CE6" otype="Entity" vid="35F7B009-4F95-3273-8A93-1A5B91864F4A">
<hideElementsInCurrentOnly>false</hideElementsInCurrentOnly>
<bounds x="984" y="41" width="244" height="110"/>
</OView>
<OView class="oracle.dbtools.crest.swingui.logical.TVEntity" oid="E4D66DE0-2579-5368-2E0E-78023B53A921" otype="Entity" vid="942633D0-60E9-1D89-8CF8-62C1BF01E4E4">
<hideElementsInCurrentOnly>false</hideElementsInCurrentOnly>
<bounds x="558" y="49" width="317" height="139"/>
</OView>
</objectViews>
<connectors>
<Connector class="oracle.dbtools.crest.swingui.logical.TVRelation" oid="2AEA581C-3D1A-1057-87A2-4143BBF437BD" otype="Relation" vid_source="942633D0-60E9-1D89-8CF8-62C1BF01E4E4" vid_target="650422BF-D43B-F88C-6F2B-28F50BFC9E0A">
<hideElementsInCurrentOnly>false</hideElementsInCurrentOnly>
<backgroundColor>-16777216</backgroundColor>
<lineWidth>1</lineWidth>
<points>
<point x="558" y="118"/>
<point x="519" y="118"/>
</points>
</Connector>
<Connector class="oracle.dbtools.crest.swingui.logical.TVRelation" oid="359D70AA-9E05-9D88-4000-0ABD35902514" otype="Relation" vid_source="29F4A772-8A93-46D7-8DBE-1499AEC8D3DF" vid_target="07E05A95-02E3-1EE7-E4D5-4198641FD9F1">
<hideElementsInCurrentOnly>false</hideElementsInCurrentOnly>
<backgroundColor>-16777216</backgroundColor>
<lineWidth>1</lineWidth>
<points>
<point x="904" y="366"/>
<point x="980" y="366"/>
</points>
</Connector>
<Connector class="oracle.dbtools.crest.swingui.logical.TVRelation" oid="4987FDE7-9095-9533-AF1B-C045FAC60D12" otype="Relation" vid_source="C2C573B1-F6E9-5AD1-3767-E1C91280496F" vid_target="2CACE90F-C3C0-957C-48A2-8FAA897DCD4E">
<hideElementsInCurrentOnly>false</hideElementsInCurrentOnly>
<backgroundColor>-16777216</backgroundColor>
<lineWidth>1</lineWidth>
<points>
<point x="277" y="442"/>
<point x="277" y="392"/>
</points>
</Connector>
<Connector class="oracle.dbtools.crest.swingui.logical.TVRelation" oid="9758F1CE-B7C2-F4B3-1DFF-2FC163FCDB9D" otype="Relation" vid_source="C2C573B1-F6E9-5AD1-3767-E1C91280496F" vid_target="DBDA0EBD-F0FC-3A08-D4A9-41E54B061CBB">
<hideElementsInCurrentOnly>false</hideElementsInCurrentOnly>
<backgroundColor>-16777216</backgroundColor>
<lineWidth>1</lineWidth>
<points>
<point x="535" y="585"/>
<point x="755" y="689"/>
</points>
</Connector>
<Connector class="oracle.dbtools.crest.swingui.logical.TVRelation" oid="9C58278B-93B8-DE0D-B8A2-BEB3A842A126" otype="Relation" vid_source="29F4A772-8A93-46D7-8DBE-1499AEC8D3DF" vid_target="A4FAC71F-8331-12B1-AE4D-3EC762E6FE00">
<hideElementsInCurrentOnly>false</hideElementsInCurrentOnly>
<backgroundColor>-16777216</backgroundColor>
<lineWidth>1</lineWidth>
<points>
<point x="797" y="391"/>
<point x="797" y="427"/>
</points>
</Connector>
<Connector class="oracle.dbtools.crest.swingui.logical.TVRelation" oid="A5FB0491-816F-E18C-BB58-4D8A71DE94E2" otype="Relation" vid_source="650422BF-D43B-F88C-6F2B-28F50BFC9E0A" vid_target="2CACE90F-C3C0-957C-48A2-8FAA897DCD4E">
<hideElementsInCurrentOnly>false</hideElementsInCurrentOnly>
<backgroundColor>-16777216</backgroundColor>
<lineWidth>1</lineWidth>
<points>
<point x="271" y="223"/>
<point x="271" y="285"/>
</points>
</Connector>
<Connector class="oracle.dbtools.crest.swingui.logical.TVRelation" oid="C3918813-D205-7534-32C6-D27FC940A2F7" otype="Relation" vid_source="A4FAC71F-8331-12B1-AE4D-3EC762E6FE00" vid_target="C2C573B1-F6E9-5AD1-3767-E1C91280496F">
<hideElementsInCurrentOnly>false</hideElementsInCurrentOnly>
<backgroundColor>-16777216</backgroundColor>
<lineWidth>1</lineWidth>
<points>
<point x="650" y="513"/>
<point x="545" y="513"/>
</points>
</Connector>
<Connector class="oracle.dbtools.crest.swingui.logical.TVRelation" oid="C7B78B45-91BF-7EFC-C984-43D017198FEF" otype="Relation" vid_source="07E05A95-02E3-1EE7-E4D5-4198641FD9F1" vid_target="07E05A95-02E3-1EE7-E4D5-4198641FD9F1">
<hideElementsInCurrentOnly>false</hideElementsInCurrentOnly>
<backgroundColor>-16777216</backgroundColor>
<lineWidth>1</lineWidth>
<points>
<point x="1295" y="500"/>
<point x="1370" y="500"/>
<point x="1370" y="686"/>
<point x="1165" y="686"/>
<point x="1165" y="611"/>
</points>
</Connector>
<Connector class="oracle.dbtools.crest.swingui.logical.TVRelation" oid="DA831615-7017-FD94-4E04-3B6A1757895D" otype="Relation" vid_source="29F4A772-8A93-46D7-8DBE-1499AEC8D3DF" vid_target="942633D0-60E9-1D89-8CF8-62C1BF01E4E4">
<hideElementsInCurrentOnly>false</hideElementsInCurrentOnly>
<backgroundColor>-16777216</backgroundColor>
<lineWidth>1</lineWidth>
<points>
<point x="783" y="246"/>
<point x="783" y="188"/>
</points>
</Connector>
<Connector class="oracle.dbtools.crest.swingui.logical.TVRelation" oid="E79335C9-AD13-39A2-C369-9BA5140A7A6A" otype="Relation" vid_source="07E05A95-02E3-1EE7-E4D5-4198641FD9F1" vid_target="DBDA0EBD-F0FC-3A08-D4A9-41E54B061CBB">
<hideElementsInCurrentOnly>false</hideElementsInCurrentOnly>
<backgroundColor>-16777216</backgroundColor>
<lineWidth>1</lineWidth>
<points>
<point x="991" y="611"/>
<point x="991" y="689"/>
</points>
</Connector>
<Connector class="oracle.dbtools.crest.swingui.logical.TVRelation" oid="E8EF0B35-CC2A-510D-6508-5FA5F5B79854" otype="Relation" vid_source="3B5FB09A-7F81-14BD-618D-E8A128BA234C" vid_target="650422BF-D43B-F88C-6F2B-28F50BFC9E0A">
<hideElementsInCurrentOnly>false</hideElementsInCurrentOnly>
<backgroundColor>-16777216</backgroundColor>
<lineWidth>1</lineWidth>
<points>
<point x="213" y="138"/>
<point x="256" y="138"/>
</points>
</Connector>
<Connector class="oracle.dbtools.crest.swingui.logical.TVRelation" oid="F201C9FA-17BB-A3CA-8D21-C1A1AEC68524" otype="Relation" vid_source="35F7B009-4F95-3273-8A93-1A5B91864F4A" vid_target="07E05A95-02E3-1EE7-E4D5-4198641FD9F1">
<hideElementsInCurrentOnly>false</hideElementsInCurrentOnly>
<backgroundColor>-16777216</backgroundColor>
<lineWidth>1</lineWidth>
<points>
<point x="1106" y="151"/>
<point x="1106" y="342"/>
</points>
</Connector>
</connectors>
</Diagram>