/*
Script DML para la inserción de datos.
*/

INSERT INTO sucursal(ID_SUCURSAL,AÑO_FUNDACION,CALLE,NUMERO,COLONIA,ESTADO,CODIGO_POSTAL,TELEFONO)
VALUES 
(001,'1970','ORQUIDEA',170,'LOMAS DE LIMON','QUERETARO','09730','5566778899'),
(002,'1980','GIRASOL',122,'JACARANDA','CDMX','05780','5512345678'),
(003,'1989','TULIPAN',333,'LA PIÑA','ESTADO DE MEXICO','16410','5584111626'),
(004,'1995','GERBERA',711,'SANTIAGO OESTE','CDMX','03910','5576542854'),
(005,'1960','MARGARITA',810,'MACHU PICHU','PUEBLA','75302','5543219845');

INSERT INTO proveedor(RFC_PROVEEDOR,FECHA_INICIO,RAZON_SOCIAL,TELEFONO,CUENTA_PAGO,CALLE,NUMERO,COLONIA,ESTADO,CODIGO_POSTAL)
VALUES
('MTN8509125A3','1985-09-12','Maderas y Tablas del Norte, S.A. de C.V.','5678989021','109283746192738563','LEON',3200,'NARVARTE','CDMX','15456'),
('AFO930621JH8','1993-06-21','Acabados Finos de Occidente, S.A. de C.V.','5612214345','783265769200126548','RINOCERONTE',6744,'LA CASCADA','HIDALGO','73521'),
('THR001223KT9','2000-12-23','Tornillos y Herrajes Ramírez, S.A. de C.V.','5589435264','783275648390463782','JIRAFA',7364,'LA RESACA','CAMPECHE','83521'),
('TMB920517QX4','1992-05-17','Tapizados Modernos del Bajío, S.A. de C.V.','5589362531','458927124373830012','HIPOPOTAMO',3239,'CUNA GRIS','VERACRUZ','33746'),
('EIS8702038Z2','1987-02-03','Espumas Industriales del Sur, S.A. de C.V.','5554535251','600217362173827364','CAPIBARA',7821,'BORIS SALVAJE','ESTADO DE MEXICO','84923'),
('TLR9407073P5','1994-07-07','Transporte y Logística Ruiz, S.A. de C.V.','5511098273','736482937462917382','AVESTRUZ',9991,'PUERTO PRINCIPE','GUERRERO','56483'),
('PDG890514NQ1','1989-05-14','Pinturas Decorativas García, S.A. de C.V.','5578123499','688921340098746534','GORILA',9845,'SAN RAFAEL','CHIHUAHUA','92382'),
('DMC911130LD7','1991-11-30','Distribuidora de Muebles Colón, S.A. de C.V.','5578129021','891234789273847274','PANDA',453,'EL SUEÑO','CDMX','09923'),
('MFC930225CY9','1993-02-25','Metales y Fundiciones del Centro, S.A. de C.V.','5590213284','763282736481927304','KOALA',921,'LA MAGIA','CDMX','17382'),
('SVA9808134U6','1998-08-13','Soluciones en Vidrio y Aluminio, S.A. de C.V.','5534738274','903283726377662280','MAPACHE',126,'EL COSTALITO','MORELOS','00241'),
('PRD910904XE3','1991-09-04','Plásticos y Recubrimientos Delta, S.A. de C.V.','5682820912','726382638192736475','BALLENA AZUL',1128,'EL HOSTAL','OAXACA','63481'),
('CMY8806169V8','1988-06-16','Carpintería Moderna Yáñez, S. de R.L. de C.V.','5565290477','826374836491739183','TIGRE',231,'POLANCO','CDMX','17321'),
('TTO970323ZX0','2009-03-23','Textiles y Telas Oriente, S.A. de C.V.','5559679024','980182937483923421','BELUGA',5243,'CENTRO','CDMX','18231'),
('DCI020510RP4','2002-05-10','Diseño y Confort Integral, S.A. de C.V.','5587926320','097628329172647248','PEZ LUNA',2532,'EL ROSAL','NUEVO LEON','04421'),
('SEM950214AB1','1995-02-14','Servicios de Ensamble Montoya, S.A. de C.V.','5512754102','827431927491028492','ORNITORRINCO',912,'CORTE NOCHE','SAN LUIS POTOSI','02131');

INSERT INTO categoria(id_categoria, nombre_categoria, descripcion) VALUES
(1, 'SALA', 'Sofás, sillones, seccionales y centros de entretenimiento, para que la familia comparta de buenos momentos con la mayor comodidad'),
(2, 'RECAMARA', 'Camas, bases, cabeceras, burós, tocadores y complementos con el objetivo de mejorar el descanso de la familia'),
(3, 'OFICINA', 'Muebles ergonómicos y funcionales para espacios de trabajo para mejorar la productividad'),
(4, 'ALMACENAMIENTO', 'Closets, armarios, libreros, cajoneras y zapateras con el objetivo de mantener un lugar organizado'),
(5, 'COCINA', 'Muebles auxiliares, alacenas y gabinetes para cocina para hacer del hogar un lugar más organizado, con muebles resistente a manchas y al fuego'),
(6, 'DECORACION', 'Espejos, cuadros, adornos y accesorios decorativos que hagan un hogar de un lugar elegante'),
(7, 'EXTERIORES', 'Muebles resistentes para jardín, patio o terrazas, con una alta durabilidad y resistentes al polvo y la corrosión'),
(8,'BAÑO','Muebles con resistencia al agua para su uso en el baño del hogar, estantes para guardar cosas'),
(9,'COMEDOR','Muebles diseñados para el área de comedor, incluyendo mesas, sillas, bancos, aparadores. Estilos variados que combinan funcionalidad y diseño para compartir momentos en familia o con invitados');

INSERT INTO ARTICULO(codigo_barras, nombre, precio_venta, precio_compra, foto, stock, id_categoria) 
VALUES
-- SALA 
('8431023456789', 'Sofá 3 plazas gris claro', 5200.00, 3800.00, 'imagenes/sofa_3plazas.jpg', 5, 1),
('7291045678902', 'Sillón reclinable cuero', 4600.00, 3300.00, 'imagenes/sillon_reclinable.jpg', 4, 1),
('6921001234567', 'Mesa de centro moderna', 1500.00, 1000.00, 'imagenes/mesa_centro.jpg', 6, 1),
-- RECÁMARA 
('7503001234564', 'Cama matrimonial con cabecera', 4700.00, 3400.00, 'imagenes/cama_matrimonial.jpg', 5, 2),
('8410007654321', 'Cama king size tapizada', 6400.00, 4700.00, 'imagenes/cama_king.jpg', 3, 2),
('9781234567897', 'Buró con dos cajones', 1100.00, 800.00, 'imagenes/buro_dos_cajones.jpg', 7, 2),
-- OFICINA 
('7860123456791', 'Escritorio ejecutivo negro', 2800.00, 1900.00, 'imagenes/escritorio_negro.jpg', 6, 3),
('6920456123458', 'Silla ergonómica malla', 1600.00, 1100.00, 'imagenes/silla_ergonomica.jpg', 8, 3),
('8430987654329', 'Librero blanco 5 niveles', 1350.00, 950.00, 'imagenes/librero_blanco.jpg', 9, 3),
-- ALMACENAMIENTO 
('8691234009874', 'Cajonera vertical 4 gavetas', 1250.00, 850.00, 'imagenes/cajonera.jpg', 7, 4),
('8431230987123', 'Zapatera de madera', 1050.00, 700.00, 'imagenes/zapatera_madera.jpg', 10, 4),
('4001234567898', 'Librero industrial negro', 1450.00, 950.00, 'imagenes/librero_negro.jpg', 5, 4),
-- COCINA 
('8410002345670', 'Gabinete de cocina blanco', 1900.00, 1300.00, 'imagenes/gabinete_blanco.jpg', 4, 5),
('7423450987653', 'Carrito auxiliar con ruedas', 1200.00, 850.00, 'imagenes/carro_cocina.jpg', 6, 5),
('6943214567894', 'Alacena compacta', 2200.00, 1600.00, 'imagenes/alacena.jpg', 3, 5),
-- DECORACIÓN 
('8699876543217', 'Espejo de pared redondo', 750.00, 500.00, 'imagenes/espejo_redondo.jpg', 12, 6),
('6920001234566', 'Cuadro decorativo abstracto', 650.00, 400.00, 'imagenes/cuadro_abstracto.jpg', 9, 6),
('8412314567895', 'Reloj de pared vintage', 950.00, 650.00, 'imagenes/reloj_pared.jpg', 6, 6),
-- EXTERIORES 
('8903123456780', 'Silla de jardín plegable', 800.00, 500.00, 'imagenes/silla_jardin.jpg', 10, 7),
('9781230000001', 'Mesa para terraza con sombrilla', 2600.00, 1800.00, 'imagenes/mesa_terraza.jpg', 3, 7),
('8433001234563', 'Banco alto para exterior', 1100.00, 800.00, 'imagenes/banco_exterior.jpg', 6, 7),
-- BAÑO 
('4001112223334', 'Gabinete bajo lavabo', 1700.00, 1200.00, 'imagenes/gabinete_bano.jpg', 4, 8),
('8435000987655', 'Espejo para baño con marco', 950.00, 650.00, 'imagenes/espejo_bano.jpg', 6, 8),
('6922345678901', 'Mueble alto para baño', 2100.00, 1500.00, 'imagenes/mueble_alto_bano.jpg', 3, 8),
-- COMEDOR 
('9504012345679', 'Mesa comedor 6 personas', 3800.00, 2700.00, 'imagenes/mesa_comedor.jpg', 4, 9),
('8436000001235', 'Sillas de comedor (set 4)', 3600.00, 2500.00, 'imagenes/sillas_comedor.jpg', 4, 9),
('7861234567896', 'Banco largo de madera', 1100.00, 800.00, 'imagenes/banco_comedor.jpg', 5, 9);

INSERT INTO EMPLEADO VALUES (1, 'MYNBIQPMZJPLS', 'N6ISIGQ8JTGEV49GW1', 'IGNACIO', 'FLORES', 'URÍAS', 'QSOLIZ@GMAIL.COM', '2024-09-11', 'AVENIDA OZUNA', 6891, 'VIEJA ISLAS MARSHALL', 'MICHOACÁN DE OCAMPO', '13933', 'A', 1, NULL);
INSERT INTO EMPLEADO VALUES (2, 'CKQPDJRJWDRK5', 'N9S2FYUPSLMLCQ4EFI', 'CONCHITA', 'ARELLANO', 'BLANCO', 'OCTAVIO33@HOTMAIL.COM', '2022-07-01', 'PASAJE ZACATECAS', 8377, 'SAN ARMANDO LOS BAJOS', 'CHIHUAHUA', '95330', 'A', 1, 1);
INSERT INTO EMPLEADO VALUES (3, 'ZFKNBDZEWHBU7', '8EBHMHZFXHCBMLH4ND', 'AGUSTÍN', 'TOVAR', 'PIZARRO', 'ANGELA31@CORPORACIN.NET', '2023-04-23', 'RETORNO CAMPOS', 4970, 'SAN ELVIRA LOS BAJOS', 'QUINTANA ROO', '92302', 'C', 1, 2);
INSERT INTO EMPLEADO VALUES (4, 'DTOVFAPVNSQJ7', 'WYQJ9A3FVC8RIP4WSW', 'ROSA', 'CENTENO', 'MARÍN', 'ABLANCO@HOTMAIL.COM', '2018-08-19', 'CALLEJÓN MICHOACÁN DE OCAMPO', 3579, 'VIEJA KUWAIT', 'TABASCO', '69602', 'C', 1, 2);
INSERT INTO EMPLEADO VALUES (5, 'OCIWFOQPRTYA4', '5UT3D0M9FIAZ0UANAA', 'ZEFERINO', 'TAFOYA', 'CALVILLO', 'ZUNIGAVIOLETA@PROYECTOS.COM', '2017-01-24', 'DIAGONAL SUR ALONZO', 2290, 'SAN MARÍA CRISTINA DE LA MONTAÑA', 'MORELOS', '85124', 'L', 1, 2);
INSERT INTO EMPLEADO VALUES (6, 'ABBGVIRKLSBX9', '531X8LNYSAIJRVVXFV', 'SILVANO', 'ARANDA', 'ARGUELLO', 'CONCHITAVERGARA@YAHOO.COM', '2021-07-02', 'PRIVADA SUR LOZADA', 8726, 'VIEJA VANUATU', 'MICHOACÁN DE OCAMPO', '42814', 'L', 1, 2);
INSERT INTO EMPLEADO VALUES (7, 'MKJNDDRPPKZZ8', 'H4H51CTVJKYFEFMODY', 'ABRIL', 'CALVILLO', 'ORTA', 'YSAENZ@HOTMAIL.COM', '2019-01-21', 'AVENIDA NORTE GARAY', 1209, 'SAN ROCÍO DE LA MONTAÑA', 'TAMAULIPAS', '51108', 'S', 1, 2);
INSERT INTO EMPLEADO VALUES (8, 'OYVGDPMIGUBZ0', 'JGM3YX8JG5JZ175U55', 'TERESA', 'FERRER', 'TORRES', 'MOLINAILSE@ARANDA-SOSA.COM', '2018-01-05', 'PROLONGACIÓN NORTE RODRÍGEZ', 5797, 'NUEVA PANAMÁ', 'BAJA CALIFORNIA SUR', '32040', 'S', 1, 2);
INSERT INTO EMPLEADO VALUES (9, 'YOKFZEUOLQMQ0', 'CF7E1NS804YOBALT6Q', 'ISABELA', 'BARRAZA', 'SALCIDO', 'LORENZO66@GMAIL.COM', '2018-02-23', 'CERRADA GUINEA BISSAU', 3351, 'SAN ANABEL DE LA MONTAÑA', 'YUCATÁN', '27912', 'V', 1, 2);
INSERT INTO EMPLEADO VALUES (10, 'OMOBDPYEABT71', 'UG9WMY5HD3VHSIYSH7', 'ELENA', 'ARELLANO', 'OROSCO', 'ELIAS75@HOTMAIL.COM', '2016-08-23', 'ANDADOR RUELAS', 8542, 'SAN ALDONZA LOS ALTOS', 'JALISCO', '18868', 'V', 1, 2);

INSERT INTO EMPLEADO VALUES (11, 'JDENSNCDNCD43', 'JB210B5UQFWEHWBWWL', 'ADALBERTO', 'GODOY', NULL, 'YBARRACLAUDIO@GMAIL.COM', '2015-06-02', 'BOULEVARD ZAMBIA', 8990, 'VIEJA KIRGUISTÁN', 'BAJA CALIFORNIA', '22717', 'A', 2, NULL);
INSERT INTO EMPLEADO VALUES (12, 'LWIEAGLKPJJ11', 'ULFG8TKYJIOU6PPLSX', 'LOURDES', 'ARREDONDO', NULL, 'ORTAARACELI@CENTENO-PERES.COM', '2024-09-24', 'CALLE NORTE LUGO', 6535, 'SAN ARTURO DE LA MONTAÑA', 'TLAXCALA', '80660', 'A', 2, 11);
INSERT INTO EMPLEADO VALUES (13, 'LJPCFZDIDRT95', '2ZL01LP3V7JW3F4NSA', 'MARISOL', 'RÍOS', 'AGUILAR', 'CAMILA48@CLUB.INFO', '2019-04-25', 'CIRCUITO SUR CASÁREZ', 8087, 'SAN YOLANDA DE LA MONTAÑA', 'AGUASCALIENTES', '68967', 'C', 2, 12);
INSERT INTO EMPLEADO VALUES (14, 'YVGTCBCZIJR52', '7PKE0SS7I7N8G08ZRS', 'MARGARITA', 'NIETO', 'VANEGAS', 'CARLOTACASAREZ@PACHECO.COM', '2024-11-18', 'CORREDOR YUCATÁN', 5329, 'SAN ESTEBAN LOS BAJOS', 'ZACATECAS', '70742', 'C', 2, 12);
INSERT INTO EMPLEADO VALUES (15, 'ALPMAQCVCVX18', 'AXCHARSOJSMG13VYKV', 'LUCÍA', 'PUGA', 'CORDERO', 'OFELIAMATA@GMAIL.COM', '2018-11-30', 'PASAJE JAMAICA', 9299, 'SAN LUIS LOS BAJOS', 'SINALOA', '37390', 'L', 2, 12);
INSERT INTO EMPLEADO VALUES (16, 'MBHUCFLBXUV40', 'TF6SW03D79135Q4NVR', 'ALMA', 'ARMAS', 'ÁVILA', 'ABELARDO40@DESPACHO.ORG', '2022-02-08', 'PASAJE EGIPTO', 2335, 'SAN SANDRA DE LA MONTAÑA', 'COLIMA', '58754', 'L', 2, 12);
INSERT INTO EMPLEADO VALUES (17, 'LCGQLGGIVXX67', '7YQ4WPCT9EA352D053', 'MARCOS', 'CARVAJAL', NULL, 'GUAJARDOBERTA@CLUB.ORG', '2016-09-03', 'PRIVADA NORTE ARENAS', 5244, 'NUEVA NIGERIA', 'MÉXICO', '45561', 'S', 2, 12);
INSERT INTO EMPLEADO VALUES (18, 'RJTRZGWJYOQ72', '8QROBHGL0PNSA861DH', 'JUAN CARLOS', 'LABOY', 'CASANOVA', 'ZEFERINOTREVINO@HOTMAIL.COM', '2020-02-29', 'CERRADA BARBADOS', 9032, 'SAN ZEFERINO LOS BAJOS', 'MÉXICO', '74922', 'S', 2, 12);
INSERT INTO EMPLEADO VALUES (19, 'LSUAZEMEFQC25', 'N5NPIOYWI5GB7W53TA', 'ESTEFANÍA', 'VACA', 'CURIEL', 'UTREVINO@HOTMAIL.COM', '2016-09-13', 'CALLE SONORA', 8853, 'VIEJA GUINEA ECUATORIAL', 'SINALOA', '30535', 'V', 2, 12);
INSERT INTO EMPLEADO VALUES (20, 'OVXVVHILVFA87', '8DJWB5DBPCAOUEDW1I', 'ESMERALDA', 'RANGEL', 'PUGA', 'HUGO25@OLIVAS.COM', '2024-06-10', 'ANDADOR SUR PAREDES', 4713, 'SAN DAVID DE LA MONTAÑA', 'DISTRITO FEDERAL', '15323', 'V', 2, 12);

INSERT INTO EMPLEADO VALUES (21, 'AZFXZVRFWCT66', '3JCQVYBC5FWSJ3P6WK', 'LETICIA', 'MIRANDA', NULL, 'AOROZCO@YAHOO.COM', '2024-05-20', 'PRIVADA YUCATÁN', 6307, 'VIEJA TIMOR-LESTE', 'BAJA CALIFORNIA SUR', '61657', 'A', 3, NULL);
INSERT INTO EMPLEADO VALUES (22, 'IVVSWYJVYGQ50', 'VYQNHVP8WKJVADJWXS', 'SOCORRO', 'LOZADA', 'MEDRANO', 'BZARAGOZA@GMAIL.COM', '2015-05-19', 'PROLONGACIÓN AUSTRIA', 4757, 'SAN CARMEN LOS BAJOS', 'AGUASCALIENTES', '49318', 'A', 3, 21);
INSERT INTO EMPLEADO VALUES (23, 'FCVUFSDQUZT33', '1RTSA1RQ879UVM1JA6', 'CRISTAL', 'VALLADARES', 'OLIVO', 'JARCE@YAHOO.COM', '2019-03-31', 'CORREDOR TAFOYA', 3060, 'NUEVA SEYCHELLES', 'QUINTANA ROO', '03934', 'C', 3, 22);
INSERT INTO EMPLEADO VALUES (24, 'OHXWOQZZWDF14', 'E1ZRQ1WUFTB5AQMZY1', 'TERESA', 'ORDÓÑEZ', 'ARELLANO', 'REBECA29@HOTMAIL.COM', '2020-02-05', 'AMPLIACIÓN SONORA', 4261, 'SAN OCTAVIO DE LA MONTAÑA', 'BAJA CALIFORNIA SUR', '95501', 'C', 3, 22);
INSERT INTO EMPLEADO VALUES (25, 'GWDVRPBKAKE70', 'R0JJZT6DKII4C7C9YL', 'JAIME', 'VIGIL', NULL, 'VALENCIADELIA@GRUPO.COM', '2024-03-01', 'CALLE NORTE URÍAS', 2134, 'NUEVA SEYCHELLES', 'GUERRERO', '51379', 'L', 3, 22);
INSERT INTO EMPLEADO VALUES (26, 'HZOQFWKUEPR14', '8F7VAFG1W2VY6XHIUB', 'DULCE', 'CASTILLO', 'ALMARAZ', 'ALVAROPEDRAZA@HOTMAIL.COM', '2016-06-01', 'DIAGONAL CAMPECHE', 8858, 'VIEJA BELICE', 'TABASCO', '75994', 'L', 3, 22);
INSERT INTO EMPLEADO VALUES (27, 'VJSZONFAOZG77', 'EWGHBWBLZAU3954FD8', 'KARLA', 'IGLESIAS', 'AMAYA', 'MERINOJORGE@RODRIGUEZ-APODACA.COM', '2024-02-25', 'ANDADOR AGUASCALIENTES', 3859, 'SAN IVÁN DE LA MONTAÑA', 'DURANGO', '22395', 'S', 3, 22);
INSERT INTO EMPLEADO VALUES (28, 'APUVMBHHUJF96', 'WOK03XIYAKAYLJBBU6', 'ABELARDO', 'ARELLANO', 'ARREOLA', 'CRISTIANOJEDA@PERALTA.ORG', '2021-01-09', 'CALLE KENYA', 6872, 'VIEJA BÉLGICA', 'DISTRITO FEDERAL', '95166', 'S', 3, 22);
INSERT INTO EMPLEADO VALUES (29, 'MHUPMSCIIQR45', '4PRCUZG8DJZB0Z1G33', 'CYNTHIA', 'DE LA O', 'MOLINA', 'LCOVARRUBIAS@YAHOO.COM', '2023-12-06', 'CORREDOR MONTAÑO', 5856, 'VIEJA NAMIBIA', 'CAMPECHE', '42954', 'V', 3, 22);
INSERT INTO EMPLEADO VALUES (30, 'MUBJRNBVNIX51', 'WIIHWKB1Z3EE189IKJ', 'EMILIO', 'DE ANDA', 'GIL', 'MIGUELMUNGUIA@LABORATORIOS.COM', '2018-01-20', 'VIADUCTO QUERÉTARO', 7970, 'VIEJA VIETMAN', 'OAXACA', '65678', 'V', 3, 22);

INSERT INTO EMPLEADO VALUES (31, 'JNNDVEEASTW85', 'GN6HRKYFCAHX4UG2XQ', 'YENI', 'RUIZ', 'GIRÓN', 'SAUCEDADARIO@DE.BIZ', '2018-11-25', 'DIAGONAL NORTE ALONSO', 3120, 'VIEJA CROACIA', 'TLAXCALA', '61965', 'A', 4, NULL);
INSERT INTO EMPLEADO VALUES (32, 'HQOBPTDIQPU41', '4QLO8XKTJ3EE4Z09FQ', 'MAURICIO', 'GODÍNEZ', NULL, 'CLAUDIA51@LABORATORIOS.ORG', '2024-11-12', 'AMPLIACIÓN ARGENTINA', 4441, 'SAN PORFIRIO LOS ALTOS', 'ZACATECAS', '78551', 'A', 4, 31);
INSERT INTO EMPLEADO VALUES (33, 'VAHHPJIHAPQ24', 'FET1OXYJOSM4WSYIHZ', 'JOAQUÍN', 'SANCHES', 'RODRÍGUEZ', 'SUSANA56@CORPORACIN.INFO', '2020-04-26', 'PASAJE CORRALES', 6096, 'SAN FEDERICO LOS ALTOS', 'GUERRERO', '73166', 'C', 4, 32);
INSERT INTO EMPLEADO VALUES (34, 'THVMQJPHKQA31', '4UZO1DC0FQMULHLXBO', 'ALVARO', 'AGUILERA', 'OLIVAS', 'CAMILOZEDILLO@DESPACHO.COM', '2024-03-18', 'AVENIDA SUR GONZÁLEZ', 1019, 'VIEJA LESOTHO', 'YUCATÁN', '63609', 'C', 4, 32);
INSERT INTO EMPLEADO VALUES (35, 'IASLWLKVOUT22', 'FQGGRBJIYNUM066H9G', 'MARTÍN', 'CASTELLANOS', 'SAUCEDO', 'DDOMINGUEZ@HOTMAIL.COM', '2021-02-21', 'EJE VIAL GABÓN', 3585, 'SAN ARCELIA LOS ALTOS', 'QUERÉTARO', '73576', 'L', 4, 32);
INSERT INTO EMPLEADO VALUES (36, 'AOXARMYYOHH83', '44JO2SX5J7FMT7HDJV', 'ALEJANDRO', 'MESA', 'CRUZ', 'AESCOBEDO@YAHOO.COM', '2018-08-18', 'DIAGONAL AZERBAIYÁN', 8753, 'SAN NICOLÁS DE LA MONTAÑA', 'PUEBLA', '88996', 'L', 4, 32);
INSERT INTO EMPLEADO VALUES (37, 'EUWTPVSGTOH97', 'U9MACDIP2OG71SV5MK', 'JOSÉ EMILIO', 'VALDÉS', NULL, 'CORNELAS@HOTMAIL.COM', '2020-10-06', 'AVENIDA SUR GARAY', 2039, 'NUEVA LIBERIA', 'VERACRUZ DE IGNACIO DE LA LLAVE', '50063', 'S', 4, 32);
INSERT INTO EMPLEADO VALUES (38, 'CNSSZNRGUAE87', '5TY88EF5AN0XTFBPB6', 'JOSÉ CARLOS', 'CORRALES', 'RIVERO', 'VILLASENORMARISELA@YAHOO.COM', '2019-02-05', 'DIAGONAL NORTE GIL', 1962, 'SAN AUGUSTO DE LA MONTAÑA', 'DURANGO', '99718', 'S', 4, 32);
INSERT INTO EMPLEADO VALUES (39, 'XADNTVEYEAW21', 'PCRQYHWSXM88DV69AK', 'MIGUEL ÁNGEL', 'ALONZO', 'HOLGUÍN', 'JAIMECAMACHO@HOTMAIL.COM', '2024-11-28', 'AVENIDA NORTE VÁSQUEZ', 1902, 'NUEVA REPÚBLICA UNIDA DE TANZANÍA', 'DISTRITO FEDERAL', '08351', 'V', 4, 32);
INSERT INTO EMPLEADO VALUES (40, 'MGTWXOLFIXR87', 'N3UIR9AFUTUCFASHKR', 'ELOY', 'SERNA', NULL, 'ABURGOS@HOTMAIL.COM', '2024-05-30', 'BOULEVARD SUR VILLASEÑOR', 3031, 'SAN IRENE DE LA MONTAÑA', 'NUEVO LEÓN', '64000', 'V', 4, 32);

INSERT INTO EMPLEADO VALUES (41, 'UICVKKRUJBW25', '7IQDY0ROQU852H1XK7', 'AMELIA', 'GODOY', 'ROMERO', 'GRIEGOARIADNA@YAHOO.COM', '2017-01-13', 'CALLE MAURICIO', 1001, 'VIEJA PARAGUAY', 'TABASCO', '83744', 'A', 5, NULL);
INSERT INTO EMPLEADO VALUES (42, 'MNPWBFWQLGE96', 'TJL9Q8BLO0KP9IKP7T', 'ALEJANDRA', 'RINCÓN', NULL, 'PATINODANIELA@SANTIAGO.BIZ', '2024-06-07', 'BOULEVARD SUR BRISEÑO', 6974, 'NUEVA ALEMANIA', 'MICHOACÁN DE OCAMPO', '74656', 'A', 5, 41);
INSERT INTO EMPLEADO VALUES (43, 'HXGBYBQZCWH89', 'I6SAJWWXT6QIB4MZV4', 'HERMELINDA', 'QUIÑÓNEZ', 'CHÁVEZ', 'ISABEL59@YAHOO.COM', '2022-02-04', 'PERIFÉRICO NORTE VALLEJO', 4259, 'NUEVA MALTA', 'JALISCO', '82829', 'C', 5, 42);
INSERT INTO EMPLEADO VALUES (44, 'KINJOUQBZXI18', 'EBMGQANLLXRABBKTPZ', 'MODESTO', 'NARANJO', 'MOTA', 'SCARRILLO@DE.ORG', '2024-05-28', 'CORREDOR JALISCO', 4933, 'SAN ELSA LOS BAJOS', 'GUERRERO', '72998', 'C', 5, 42);
INSERT INTO EMPLEADO VALUES (45, 'NSUHABNTBUU54', '6F0TVMDVIUR54VRE3K', 'BIANCA', 'SEPÚLVEDA', 'HUERTA', 'QPEREZ@GMAIL.COM', '2022-06-29', 'BOULEVARD REPÚBLICA POPULAR DEMOCRÁTICA DE COREA', 1001, 'NUEVA ZAMBIA', 'YUCATÁN', '16441', 'L', 5, 42);
INSERT INTO EMPLEADO VALUES (46, 'ABTAYEDNMZA69', 'IFZODN0BDZI9T0Z8D2', 'PATRICIA', 'COLUNGA', NULL, 'ROLANDODE-LA-GARZA@VELAZQUEZ-RODARTE.COM', '2019-12-02', 'CALZADA SONORA', 1654, 'NUEVA PARAGUAY', 'COAHUILA DE ZARAGOZA', '42282', 'L', 5, 42);
INSERT INTO EMPLEADO VALUES (47, 'DKAXKEKSYCL35', 'Q2V5487FFU2YZ84917', 'ANTONIA', 'GAONA', 'COLÓN', 'CONCEPCION12@GMAIL.COM', '2015-12-13', 'VIADUCTO SUR BARRETO', 7705, 'SAN RAÚL LOS BAJOS', 'QUINTANA ROO', '69597', 'S', 5, 42);
INSERT INTO EMPLEADO VALUES (48, 'BXMZLKZQAHC31', 'HX1P8B76HCWCXLVR54', 'LOURDES', 'ABREU', 'GRACIA', 'CYNTHIA07@HOTMAIL.COM', '2018-03-02', 'CIRCUNVALACIÓN NORTE GALLARDO', 3333, 'VIEJA SENEGAL', 'GUERRERO', '59569', 'S', 5, 42);
INSERT INTO EMPLEADO VALUES (49, 'HLMJHGIHRSO96', 'VJUPJQ9L8H24NLWPF8', 'MIRIAM', 'GAITÁN', 'LOZADA', 'NELLY35@YAHOO.COM', '2020-09-22', 'ANDADOR ESPINOSA', 2654, 'NUEVA REPÚBLICA CHECA', 'VERACRUZ DE IGNACIO DE LA LLAVE', '48476', 'V', 5,42);
INSERT INTO EMPLEADO VALUES (50, 'KVXWWMBDBKY77', '92T904XOFFF6B6VGPB', 'ALMA', 'CADENA', 'MARRERO', 'XCAZARES@CORPORACIN.COM', '2019-03-17', 'CALLE ETIOPÍA', 9778, 'SAN MIGUEL ÁNGEL LOS BAJOS', 'DURANGO', '31262', 'V', 5, 42);


INSERT INTO ADMINISTRATIVO(NUMERO_EMPLEADO_ADM)
VALUES
(1),(2),(11),(12),(21),(22),(31),(32),(41),(42);

INSERT INTO CAJERO(NUMERO_EMPLEADO_CAJ)
VALUES
(3),(4),(13),(14),(23),(24),(33),(34),(43),(44);

INSERT INTO LIMPIEZA(NUMERO_EMPLEADO_LIM) 
VALUES
(5),(6),(15),(16),(25),(26),(35),(36),(45),(46);

INSERT INTO SEGURIDAD(NUMERO_EMPLEADO_SEG) 
VALUES
(7),(8),(17),(18),(27),(28),(37),(38),(47),(48);

INSERT INTO VENDEDOR(NUMERO_EMPLEADO_VEN) 
VALUES
(9),(10),(19),(20),(29),(30),(39),(40),(49),(50);

INSERT INTO TELEFONO(numero_empleado,telefono) 
VALUES
(1, '5500935224'),(1, '5682302579'),
(2, '5653909538'),
(3, '5632853094'),
(4, '5505770820'),(4, '5583134872'),(4, '5547996081'),
(5, '5677227566'),(5, '5562555626'),
(6, '5604946946'),(6, '5530391890'),(6, '5697240973'),
(7, '5529938745'),(7, '5654524414'),(7, '5570172764'),
(8, '5584454586'),
(9, '5560820219'),(9, '5543671670'),(9, '5611031651'),
(10, '5596171278'),
(11, '5630019621'),(11, '5681179653'),
(12, '5546477628'),
(13, '5584564131'),(13, '5603424877'),
(14, '5558489736'),(14, '5522427231'),
(15, '5619285582'),(15, '5681240085'),
(16, '5608406443'),(16, '5577240998'),
(17, '5684650982'),(17, '5569615898'),
(18, '5558139764'),(18, '5666650616'),(18, '5530406689'),
(19, '5662501454'),(19, '5693650177'),(19, '5576702324'),
(20, '5524282736'),(20, '5635257939'),(20, '5594336632'),
(21, '5677281716'),(21, '5545407619'),(21, '5593686285'),
(22, '5592551317'),(22, '5544611284'),
(23, '5500837572'),(23, '5678122162'),(23, '5633811059'),
(24, '5520708118'),(24, '5689966353'),
(25, '5692501532'),(25, '5527980567'),
(26, '5505247534'),(26, '5660129400'),(26, '5671588842'),
(27, '5577718272'),(27, '5502329780'),
(28, '5693517653'),(28, '5609977703'),
(29, '5577148627'),(29, '5626713364'),(29, '5522609967'),
(30, '5566711528'),(30, '5587413406'),(30, '5624615161'),
(31, '5525092108'),(31, '5600598330'),
(32, '5581059183'),
(33, '5581346725'),
(34, '5673519436'),(34, '5584799912'),
(35, '5541316583'),(35, '5595765678'),(35, '5651585587'),
(36, '5502287886'),
(37, '5514763142'),(37, '5687345400'),
(38, '5534892666'),(38, '5670747882'),(38, '5581537928'),
(39, '5673401188'),(39, '5505941455'),
(40, '5608523618'),
(41, '5651886803'),
(42, '5549916616'),(42, '5557785942'),
(43, '5669916588'),(43, '5593548048'),
(44, '5583345056'),
(45, '5613833756'),(45, '5539352314'),(45, '5558189872'),
(46, '5529347498'),(46, '5558700314'),(46, '5532213721'),
(47, '5653728588'),
(48, '5664801751'),(48, '5598338560'),(48, '5516613522'),
(49, '5568071455'),(49, '5597278753'),
(50, '5610181795');

INSERT INTO ARTICULO_PROVEEDOR (RFC_PROVEEDOR,CODIGO_BARRAS,FECHA_COMIENZO_SURTIDO_ART)
VALUES
('MTN8509125A3','8431023456789','2001-10-31'),('MTN8509125A3','7291045678902','2004-07-15'),('MTN8509125A3','8699876543217','2016-12-05'),('MTN8509125A3','8410007654321','2017-05-20'),('MTN8509125A3','6920456123458','2002-01-18'),
('AFO930621JH8','8430987654329','2001-08-28'),('AFO930621JH8','8410002345670','1990-04-29'),('AFO930621JH8','9781230000001','2016-03-19'),('AFO930621JH8','4001112223334','2020-03-22'),('AFO930621JH8','7861234567896','2009-05-05'),
('THR001223KT9','7860123456791','2005-07-07'),('THR001223KT9','8430987654329','1999-07-26'),('THR001223KT9','8410007654321','2004-10-15'),('THR001223KT9','8435000987655','2018-10-08'),
('TMB920517QX4','6921001234567','2000-11-01'),('TMB920517QX4','9781234567897','2003-11-08'),('TMB920517QX4','6920456123458','2020-01-30'),('TMB920517QX4','7423450987653','2015-12-15'),
('EIS8702038Z2','8436000001235','2017-02-16'),('EIS8702038Z2','8435000987655','2003-02-10'),('EIS8702038Z2','8433001234563','2014-07-08'),('EIS8702038Z2','7423450987653','2004-01-18'),('EIS8702038Z2','8691234009874','2018-01-18'),
('TLR9407073P5','8431023456789','2023-09-17'),('TLR9407073P5','6921001234567','1995-10-28'),('TLR9407073P5','7503001234564','2007-02-18'),('TLR9407073P5','8699876543217','2021-01-16'),
('PDG890514NQ1','7861234567896','2009-09-03'),('PDG890514NQ1','9504012345679','2009-10-19'),('PDG890514NQ1','9781230000001','2003-10-13'),('PDG890514NQ1','6943214567894','2006-07-01'),
('DMC911130LD7','6922345678901','2000-09-17'),('DMC911130LD7','6943214567894','2005-01-31'),('DMC911130LD7','8431023456789','2005-10-28'),('DMC911130LD7','4001112223334','2007-07-07'),('DMC911130LD7','7503001234564','2001-01-30'),
('MFC930225CY9','7860123456791','2005-02-02'),('MFC930225CY9','7291045678902','2008-10-09'),('MFC930225CY9','8412314567895','2009-01-23'),('MFC930225CY9','9781234567897','2004-10-19'),('MFC930225CY9','8436000001235','1992-03-03'),
('SVA9808134U6','8433001234563','2008-08-30'),('SVA9808134U6','4001234567898','2010-08-27'),('SVA9808134U6','9504012345679','2004-01-04'),('SVA9808134U6','7503001234564','2009-04-18'),
('PRD910904XE3','9781234567897','1999-04-02'),('PRD910904XE3','8431023456789','2011-09-05'),('PRD910904XE3','7291045678902','2019-03-01'),('PRD910904XE3','8433001234563','2010-10-01'),
('CMY8806169V8','6921001234567','2024-08-09'),('CMY8806169V8','9504012345679','2021-12-31'),('CMY8806169V8','4001112223334','2000-11-05'),('CMY8806169V8','7291045678902','2016-08-08'),('CMY8806169V8','8431230987123','2012-12-12'),
('TTO970323ZX0','7860123456791','1999-06-12'),('TTO970323ZX0','8410007654321','2000-06-06'),('TTO970323ZX0','6921001234567','2019-11-29'),('TTO970323ZX0','9781230000001','2017-09-19'),
('DCI020510RP4','8430987654329','2024-01-02'),('DCI020510RP4','6921001234567','2022-12-12'),('DCI020510RP4','7860123456791','2025-03-03'),('DCI020510RP4','8699876543217','2024-09-30'),('DCI020510RP4','7861234567896','2023-12-12'),
('SEM950214AB1','8903123456780','2023-09-29'),('SEM950214AB1','4001234567898','1980-12-18'),('SEM950214AB1','6920001234566','1985-10-31'),('SEM950214AB1','8436000001235','1991-09-12');

INSERT INTO CLIENTE(RFC_CLIENTE, NOMBRE, APELLIDO_PATERNO, APELLIDO_MATERNO,EMAIL,TELEFONO,CALLE,NUMERO,COLONIA,ESTADO,CODIGO_POSTAL)
VALUES
('JIO981109HJYU', 'OSCAR','IBARRA','JOSE','IBARRAO@GMAIL.COM','5655478131','CERRADA RODEO', '98', 'TLAHUAC', 'VERACRUZ', '04532'),
('HGK070201GRYR','KARLA','GUTIERREZ', NULL, 'KARLAG@GMAIL.COM', '5566989209', 'AVENIDA GENERAL', '01', 'GENERAL ANAYA', 'YUCATAN', '07967'),
('VLA650923HUGS','ALEJANDRO', 'LOPEZ','VALVERDE','VALVERDEA@GMAIL.COM','5509417253','PRIVADA JUAREZ','22','HIDALGO','CDMX','09538'),
('MLR820506MQRT','MARIA','LARA','RAMOS','MARIALR@GMAIL.COM','5512345678','CALLE NUEVA','10','CENTRO','PUEBLA','72000'),
('GMR900102KHTZ','GERARDO','MARTINEZ','ROJAS','GERARDOMR@HOTMAIL.COM','5611223344','AV. LOS PINOS','55','LOS PINOS','NUEVO LEON','64000'),
('CVA850321UJHG','CLAUDIA','VALENCIA','AGUIRRE','CLAUDIAVA@YAHOO.COM','5523456789','CALLE PALMAS','14','PALMA REAL','QUINTANA ROO','77500'),
('LTC950714JHKL','LUIS','TORRES','CAMPOS','LUISTC@GMAIL.COM','5532123412','AV. REVOLUCIÓN','300','SAN ANGEL','CDMX','01000'),
('BMR740927MBTR','BEATRIZ','MORALES','RUIZ','BEAMORALES@GMAIL.COM','5544556677','CALLE DEL SOL','120','VILLA DEL SOL','JALISCO','44100'),
('RHD030912IJTN','RICARDO','HERNANDEZ','DOMINGUEZ','RICHER@HOTMAIL.COM','5588991122','AV. INSURGENTES','200','NAPOLES','CDMX','03810'),
('EMG670324UYTS','ELENA','MENDOZA','GARCIA','ELENAMG@GMAIL.COM','5510112233','CALLE JACARANDAS','87','FLORIDA','MORELOS','62000'),
('FJL980712MNTR','FERNANDO','JUAREZ','LOPEZ','FERJUAREZ@GMAIL.COM','5599887766','AV. UNIVERSIDAD','105','COYOACAN','CDMX','04360'),
('NVB910215LKTZ','NATALIA','VARGAS','BENITEZ','NATALIAV@GMAIL.COM','5512340099','AV. TULIPANES','43','JARDINES','CHIAPAS','29000'),
('ALH760718PLMN','ALBERTO','HERRERA','LOZOYA','ALHERRERA@YAHOO.COM','5533221100','CALLE 5 DE MAYO','76','ZONA CENTRO','OAXACA','68000'),
('YGR990830XTYR','YANETH','GONZALEZ','REYES','YANEGON@GMAIL.COM','5511002233','AV. CONSTITUYENTES','150','CONDESA','CDMX','06140'),
('RRL870401GHYT','ROBERTO','RAMIREZ','LEON','ROBRAMLEON@HOTMAIL.COM','5522113344','CALLE LAS ROSAS','88','ROSAS DEL VALLE','GUANAJUATO','36000'),
('CAAT600915E1I', 'TIMOTEO', 'CARRASCO', 'ALVARADO', 'TIMOTEOCARRASCO@GMAIL.COM', '3321819600','PRIVADA FARÍAS', '863', 'LOS BAJOS', 'COAHUILA', '02654'),
('CAMJ7908021Y7', 'JUAN', 'CALDERÓN', 'MUÑOZ', 'JUANCALDERÓN@GMAIL.COM', '9407816184','AVENIDA AUSTRIA', '341', 'DE LA MONTAÑA', 'GUANAJUATO', '64752'),
('FUJJ050325VBD', 'JOAQUÍN', 'FUENTES', 'JARAMILLO', 'JOAQUÍNFUENTES@GMAIL.COM', '9283276483','CONTINUACIÓN PACHECO', '1395', 'DE LA MONTAÑA', 'JALISCO', '67242'),
('POVR881210SAH', 'ROCÍO', 'PORRAS', 'VERGARA', 'ROCÍOPORRAS@GMAIL.COM', '5328710122','DIAGONAL NORTE TAFOYA', '8018', 'LOS BAJOS', 'QUINTANA ROO', '14627'),
('LUSB900421ZPQ', 'BERNABÉ', 'LUGO', 'SARABIA', 'BERNABÉLUGO@GMAIL.COM', '2528809570','ANDADOR FIJI', '117', 'DE LA MONTAÑA', 'COAHUILA', '27824'),
('PIGS9102024A4', 'SAMUEL', 'PIÑA', 'GALARZA', 'SAMUELPIÑA@GMAIL.COM', '4657871331','PROLONGACIÓN ESTADOS UNIDOS DE AMÉRICA', '10310', 'LOS BAJOS', 'CHIAPAS', '83473'),
('VÁVC981010PKH', 'CÉSAR', 'VÁSQUEZ', 'VELÁZQUEZ', 'CÉSARVÁSQUEZ@GMAIL.COM', '3763116566','DIAGONAL MOJICA', '3338', 'DE LA MONTAÑA', 'DURANGO', '24731'),
('ALCP880812MDD', 'PAOLA', 'ALEJANDRO', 'CABÁN', 'PAOLAALEJANDRO@GMAIL.COM', '2677360260','EJE VIAL ZACATECAS', '3439', 'LOS ALTOS', 'SAN LUIS POTOSI', '50097'),
('COBO850731MJB', 'OLGA', 'COTTO', 'BÁEZ', 'OLGACOTTO@GMAIL.COM', '2191361939','EJE VIAL VERGARA', '854', 'DE LA MONTAÑA', 'CAMPECHE', '34624'),
('VACS680401T0N', 'SILVIA', 'VALLADARES', 'CAMARILLO', 'SILVIAVALLADARES@GMAIL.COM', '8384251354','RETORNO AGUASCALIENTES', '841', 'DE LA MONTAÑA', 'MORELOS', '11824'),
('JAST570209KW6', 'TANIA', 'JAIME', 'SANTIAGO', 'TANIAJAIME@GMAIL.COM', '4016400524','PRIVADA SUR CARRASCO', '28059', 'LOS ALTOS', 'NAYARIT', '62045'),
('GAHJ690725UZB', 'JORGE', 'GAITÁN', 'HARO', 'JORGEGAITÁN@GMAIL.COM', '5869232260','CIRCUITO CONGO', '160', 'LOS BAJOS', 'SONORA', '37543'),
('ESOA020817205', 'ALBERTO', 'ESPINOZA', 'OZUNA', 'ALBERTOESPINOZA@GMAIL.COM', '4145868501','ANDADOR CHIAPAS', '655', 'LOS BAJOS', 'QUINTANA ROO', '69340'),
('ABSM860114DKW', 'MARCO ANTONIO', 'ABREU', 'SOLÍS', 'MARCO ANTONIOABREU@GMAIL.COM', '5615951484','PRIVADA DISTRITO FEDERAL', '6699', 'LOS BAJOS', 'CAMPECHE', '80443'),
('QUGM990115FMY', 'MARGARITA', 'QUINTANILLA', 'GALLARDO', 'MARGARITAQUINTANILLA@GMAIL.COM', '2148951343','CERRADA ROLDÁN', '176', 'LOS ALTOS', 'SONORA', '67632'),
('CAPA7005098XV', 'ABIGAIL', 'CARBAJAL', 'PIZARRO', 'ABIGAILCARBAJAL@GMAIL.COM', '2870831727','PASAJE TAMAULIPAS', '727', 'LOS BAJOS', 'DURANGO', '34873'),
('MEMG050406TIQ', 'GEORGINA', 'MEZA', 'MAYA', 'GEORGINAMEZA@GMAIL.COM', '2236231665','CALZADA PERES', '9096', 'LOS BAJOS', 'VERACRUZ', '54668'),
('ZAGP0603130XU', 'PATRICIO', 'ZAVALA', 'GARAY', 'PATRICIOZAVALA@GMAIL.COM', '3467065627','DIAGONAL VILLARREAL', '016', 'DE LA MONTAÑA', 'CHIAPAS', '20465'),
('LEPJ560222L2C', 'JUAN', 'LEDESMA', 'PÉREZ', 'JUANLEDESMA@GMAIL.COM', '1708053100','CERRADA CAMERÚN', '1937', 'LOS ALTOS', 'COLIMA', '52991'),
('VENH840114BLJ', 'HUGO', 'VELÁSQUEZ', 'NÚÑEZ', 'HUGOVELÁSQUEZ@GMAIL.COM', '3193149190','AVENIDA QUERÉTARO', '6715', 'LOS ALTOS', 'TAMAULIPAS', '26284'),
('JAMR0512277UZ', 'ROSALIA', 'JASSO', 'MEDRANO', 'ROSALIAJASSO@GMAIL.COM', '1473799650','CALZADA NORTE HOLGUÍN', '4948', 'DE LA MONTAÑA', 'PUEBLA', '13678'),
('ROSF060406XO7', 'FABIOLA', 'ROLÓN', 'SALAS', 'FABIOLAROLÓN@GMAIL.COM', '0143634957','PRIVADA NORTE MORA', '744', 'LOS BAJOS', 'PUEBLA', '13518'),
('ESGD581104FF1', 'DULCE MARÍA', 'ESPINOSA', 'GÁLVEZ', 'DULCE MARÍAESPINOSA@GMAIL.COM', '4989413435','CIRCUITO AUSTRIA', '8421', 'DE LA MONTAÑA', 'MORELOS', '77752'),
('SABK990504JV7', 'KARLA', 'SALAZAR', 'BENAVIDES', 'KARLASALAZAR@GMAIL.COM', '2294131869','PASAJE NORTE LUEVANO', '649', 'LOS ALTOS', 'NAYARIT', '91334'),
('COGA650908N0E', 'ARIADNA', 'CORTEZ', 'GRIJALVA', 'ARIADNACORTEZ@GMAIL.COM', '8120679740','AVENIDA SUR JAIME', '936', 'DE LA MONTAÑA', 'SINALOA', '24210'),
('YÁVH660929DBD', 'HOMERO', 'YÁÑEZ', 'VARELA', 'HOMEROYÁÑEZ@GMAIL.COM', '7174648877','CONTINUACIÓN NORTE ALVAREZ', '3990', 'LOS ALTOS', 'TLAXCALA', '27874'),
('PUSR890903FYV', 'ROCÍO', 'PULIDO', 'SALAZAR', 'ROCÍOPULIDO@GMAIL.COM', '7565512567','PASAJE BUENO', '4516', 'LOS ALTOS', 'COAHUILA', '87603'),
('SAQJ800701N0T', 'JOS', 'SAMANIEGO', 'QUINTANILLA', 'JOSSAMANIEGO@GMAIL.COM', '3482477109','PRIVADA PANTOJA', '3112', 'LOS BAJOS', 'SINALOA', '84677'),
('ZASE5705135AZ', 'ELIAS', 'ZAMUDIO', 'SAUCEDA', 'ELIASZAMUDIO@GMAIL.COM', '1465840449','PRIVADA NORTE MONTAÑO', '8867', 'LOS BAJOS', 'NAYARIT', '39636'),
('ROOI590119622', 'ILSE', 'ROJAS', 'OLIVÁREZ', 'ILSEROJAS@GMAIL.COM', '2702895171','EJE VIAL SUDÁN', '17459', 'LOS ALTOS', 'COLIMA', '15865'),
('LOGE711009EPQ', 'EUGENIO', 'LOERA', 'GAYTÁN', 'EUGENIOLOERA@GMAIL.COM', '6117240050','CALLE SUR TAMEZ', '9222', 'DE LA MONTAÑA', 'OAXACA', '93792'),
('AGRY0703096JS', 'YENI', 'AGUIRRE', 'RIVERO', 'YENIAGUIRRE@GMAIL.COM', '8217594647','BOULEVARD SUR OLIVÁREZ', '594', 'LOS ALTOS', 'GUERRERO', '06409'),
('ZEME050918SDW', 'ESTELA', 'ZEPEDA', 'MORA', 'ESTELAZEPEDA@GMAIL.COM', '3942104709','CONTINUACIÓN TABASCO', '3285', 'LOS ALTOS', 'VERACRUZ', '24745'),
('OSVE570625XVF', 'ESPARTACO', 'OSORIO', 'VALDÉS', 'ESPARTACOOSORIO@GMAIL.COM', '1604817549','PEATONAL ARABIA SAUDITA', '859', 'DE LA MONTAÑA', 'TAMAULIPAS', '74612'),
('MASA730303F98', 'ALFONSO', 'MAESTAS', 'SALCEDO', 'ALFONSOMAESTAS@GMAIL.COM', '1382675869','RETORNO NORTE LEMUS', '5377', 'LOS BAJOS', 'SAN LUIS POTOSI', '58506'),
('CARE550621ALA', 'ELIAS', 'CASILLAS', 'RENTERÍA', 'ELIASCASILLAS@GMAIL.COM', '3900532931','CERRADA ISLANDIA', '9042', 'LOS ALTOS', 'QUERETARO', '21020'),
('JAÁD951016N04', 'DELIA', 'JAIMES', 'ÁVILA', 'DELIAJAIMES@GMAIL.COM', '6811775891','PERIFÉRICO MADERA', '0076', 'LOS BAJOS', 'QUERETARO', '77115'),
('BACC791113C69', 'CONCEPCIÓN', 'BARRAZA', 'CASTRO', 'CONCEPCIÓNBARRAZA@GMAIL.COM', '9985698478','VIADUCTO UREÑA', '367', 'DE LA MONTAÑA', 'QUINTANA ROO', '57661'),
('ROBC920401140', 'CRISTIAN', 'ROJO', 'BARRERA', 'CRISTIANROJO@GMAIL.COM', '1161528098','CORREDOR NORTE ÁVALOS', '9451', 'LOS ALTOS', 'JALISCO', '27315'),
('CALJ7907302ER', 'JOSÉ CARLOS', 'CARRERO', 'LEIVA', 'JOSÉ CARLOSCARRERO@GMAIL.COM', '6899809402','AMPLIACIÓN GUERRERO', '9620', 'DE LA MONTAÑA', 'NAYARIT', '66752'),
('MEVH060812FSV', 'HUGO', 'MELÉNDEZ', 'VANEGAS', 'HUGOMELÉNDEZ@GMAIL.COM', '0229014767','CALZADA CHIHUAHUA', '6149', 'LOS BAJOS', 'NAYARIT', '03690'),
('HELC01042882Y', 'CITLALI', 'HERRERA', 'LONGORIA', 'CITLALIHERRERA@GMAIL.COM', '1076226838','ANDADOR NORTE ALMARAZ', '1596', 'LOS ALTOS', 'PUEBLA', '64160'),
('BUQJ060207L0X', 'JOS', 'BUENO', 'QUESADA', 'JOSBUENO@GMAIL.COM', '3696816453','PERIFÉRICO SEGOVIA', '5531', 'DE LA MONTAÑA', 'DURANGO', '32921'),
('RAVR8610057QI', 'RICARDO', 'RANGEL', 'VALLEJO', 'RICARDORANGEL@GMAIL.COM', '5271774490','PASAJE TLAXCALA', '541', 'LOS ALTOS', 'MORELOS', '79807'),
('COBM770129MVI', 'MÓNICA', 'CORONA', 'BAÑUELOS', 'MÓNICACORONA@GMAIL.COM', '1518203778','CORREDOR NUEVO LEÓN', '6590', 'LOS ALTOS', 'JALISCO', '15186'),
('VECA881210AZC', 'ARIADNA', 'VERDUZCO', 'CISNEROS', 'ARIADNAVERDUZCO@GMAIL.COM', '4629148652','AMPLIACIÓN SAN LUIS POTOSÍ', '2357', 'DE LA MONTAÑA', 'QUINTANA ROO', '22141'),
('SOAP82111975C', 'PAOLA', 'SOTO', 'ARCHULETA', 'PAOLASOTO@GMAIL.COM', '9296222927','PASAJE SANTA LUCÍA', '7383', 'LOS BAJOS', 'JALISCO', '35977'),
('FEZC640502KRT', 'CYNTHIA', 'FELICIANO', 'ZEDILLO', 'CYNTHIAFELICIANO@GMAIL.COM', '4075818141','EJE VIAL BOSNIA Y HERZEGOVINA', '5060', 'LOS BAJOS', 'QUINTANA ROO', '36153'),
('ARLC0304178UR', 'CITLALI', 'ARELLANO', 'LLAMAS', 'CITLALIARELLANO@GMAIL.COM', '2779010432','BOULEVARD NORTE GRANADOS', '1036', 'LOS ALTOS', 'GUERRERO', '11798'),
('LOPC980219ROD', 'CLAUDIO', 'LOVATO', 'PORTILLO', 'CLAUDIOLOVATO@GMAIL.COM', '9539621851','DIAGONAL RODRÍGEZ', '6505', 'DE LA MONTAÑA', 'TABASCO', '31952'),
('RIRD890924PPQ', 'DELIA', 'RIVERA', 'ROQUE', 'DELIARIVERA@GMAIL.COM', '2170430305','CIRCUITO SUR ESPINO', '5054', 'DE LA MONTAÑA', 'COLIMA', '66765'),
('BOPG560707BXX', 'GABRIELA', 'BORREGO', 'PINEDA', 'GABRIELABORREGO@GMAIL.COM', '6928451154','CALLEJÓN NORTE MONTOYA', '0596', 'LOS BAJOS', 'GUERRERO', '16582'),
('ZÚQC620529OM6', 'CLAUDIO', 'ZÚÑIGA', 'QUEZADA', 'CLAUDIOZÚÑIGA@GMAIL.COM', '2135569092','AVENIDA SUR TAMAYO', '6543', 'DE LA MONTAÑA', 'ESTADO DE MEXICO', '27868'),
('HURF560308GTF', 'FRIDA', 'HURTADO', 'RAMÍREZ', 'FRIDAHURTADO@GMAIL.COM', '9473121727','PRIVADA TORRES', '4225', 'LOS ALTOS', 'QUINTANA ROO', '13237'),
('URVJ890826KI8', 'JORGE LUIS', 'URRUTIA', 'VEGA', 'JORGE LUISURRUTIA@GMAIL.COM', '7829114678','CALLE MATEO', '177', 'LOS ALTOS', 'VERACRUZ', '28922'),
('MADC82092945D', 'CRISTIAN', 'MAESTAS', 'DE ANDA', 'CRISTIANMAESTAS@GMAIL.COM', '5358414384','PERIFÉRICO DE LA GARZA', '922', 'LOS ALTOS', 'MORELOS', '90010'),
('ANSS841227059', 'SERAFÍN', 'ANGULO', 'SALINAS', 'SERAFÍNANGULO@GMAIL.COM', '4736471027','CONTINUACIÓN SAN MARINO', '5552', 'LOS BAJOS', 'COAHUILA', '53714'),
('CICF6109162IO', 'FERNANDO', 'CISNEROS', 'CALDERÓN', 'FERNANDOCISNEROS@GMAIL.COM', '4696325953','PEATONAL NORTE SALINAS', '16873', 'DE LA MONTAÑA', 'QUERETARO', '00479'),
('CEJL570218HOC', 'LUIS MANUEL', 'CERVANTES', 'JAIME', 'LUIS MANUELCERVANTES@GMAIL.COM', '6506098358','PRIVADA NORTE CASANOVA', '16558', 'LOS BAJOS', 'TLAXCALA', '39868'),
('ARCA950106AO8', 'AMALIA', 'ARELLANO', 'CHAPA', 'AMALIAARELLANO@GMAIL.COM', '7872982595','PROLONGACIÓN QUERÉTARO', '887', 'LOS ALTOS', 'SINALOA', '70551'),
('JAVM750930QP9', 'MARIO', 'JAIMES', 'VÉLIZ', 'MARIOJAIMES@GMAIL.COM', '0972896230','PASAJE MARTÍNEZ', '2636', 'LOS ALTOS', 'TABASCO', '02838'),
('RITD990113UZF', 'DÉBORA', 'RICO', 'TEJADA', 'DÉBORARICO@GMAIL.COM', '8549733484','PEATONAL IRÁN', '5844', 'DE LA MONTAÑA', 'TABASCO', '65240'),
('ROGF760401HC1', 'FRANCISCO', 'ROQUE', 'GALLEGOS', 'FRANCISCOROQUE@GMAIL.COM', '8484219933','ANDADOR BRASIL', '5712', 'DE LA MONTAÑA', 'YUCATAN', '67734'),
('BABG0407091CV', 'GONZALO', 'BAHENA', 'BURGOS', 'GONZALOBAHENA@GMAIL.COM', '8026206724','CONTINUACIÓN LINARES', '8872', 'LOS ALTOS', 'ESTADO DE MEXICO', '43152'),
('LUVI8601248TC', 'IVÁN', 'LUCERO', 'VANEGAS', 'IVÁNLUCERO@GMAIL.COM', '2966851612','AMPLIACIÓN GAMBIA', '3745', 'LOS BAJOS', 'ZACATECAS', '45301'),
('CRPH640804CGV', 'HOMERO', 'CRESPO', 'PALOMINO', 'HOMEROCRESPO@GMAIL.COM', '1459332727','PRIVADA SUR GUTIÉRREZ', '918', 'LOS BAJOS', 'ZACATECAS', '19108'),
('MESD7711036O8', 'DANIEL', 'MENCHACA', 'SOLÍS', 'DANIELMENCHACA@GMAIL.COM', '1397187072','PRIVADA RÍOS', '406', 'LOS BAJOS', 'COLIMA', '39106'),
('TOBA830404IVW', 'ANDREA', 'TORO', 'BALDERAS', 'ANDREATORO@GMAIL.COM', '7046226567','VIADUCTO JAMAICA', '28682', 'LOS ALTOS', 'AGUASCALIENTES', '00478'),
('OJGÓ760205XUL', 'ÓSCAR', 'OJEDA', 'GODÍNEZ', 'ÓSCAROJEDA@GMAIL.COM', '7524310690','RETORNO APONTE', '9030', 'LOS BAJOS', 'HIDALGO', '38302'),
('ZAMR580426HZI', 'REYNALDO', 'ZAMORA', 'MAYORGA', 'REYNALDOZAMORA@GMAIL.COM', '4283644089','ANDADOR NORTE OLIVÁREZ', '566', 'DE LA MONTAÑA', 'CHIAPAS', '62873'),
('PAPR700906EXQ', 'RAMIRO', 'PAZ', 'PEÑA', 'RAMIROPAZ@GMAIL.COM', '6343517518','RETORNO SUR BELTRÁN', '9833', 'LOS BAJOS', 'SINALOA', '03317'),
('MELP9111132CQ', 'PEDRO', 'MEDINA', 'LEYVA', 'PEDROMEDINA@GMAIL.COM', '7854458771','CONTINUACIÓN TABASCO', '9204', 'LOS ALTOS', 'QUERETARO', '42353'),
('MIHV9710160CH', 'VANESA', 'MIRANDA', 'HINOJOSA', 'VANESAMIRANDA@GMAIL.COM', '7725228728','ANDADOR AGUAYO', '2312', 'DE LA MONTAÑA', 'AGUASCALIENTES', '87509'),
('ROSY011103EMC', 'YENI', 'ROSAS', 'SAAVEDRA', 'YENIROSAS@GMAIL.COM', '0886008484','BOULEVARD BOTSWANA', '233', 'LOS ALTOS', 'CHIAPAS', '54615'),
('MABE050802NF5', 'ESPARTACO', 'MACÍAS', 'BLANCO', 'ESPARTACOMACÍAS@GMAIL.COM', '1666870021','PERIFÉRICO ARIAS', '3940', 'DE LA MONTAÑA', 'QUINTANA ROO', '89025'),
('BELL920111K04', 'LEONEL', 'BERMÚDEZ', 'LUNA', 'LEONELBERMÚDEZ@GMAIL.COM', '9396856218','CERRADA SUR MOLINA', '996', 'LOS BAJOS', 'DURANGO', '47735'),
('PREJ890407A4K', 'JOSÉ MANUÉL', 'PRECIADO', 'ESCAMILLA', 'JOSÉ MANUÉLPRECIADO@GMAIL.COM', '1943114262','AVENIDA ADAME', '7541', 'DE LA MONTAÑA', 'ZACATECAS', '26788'),
('CAAL781220D6J', 'LORENZO', 'CANDELARIA', 'ALVAREZ', 'LORENZOCANDELARIA@GMAIL.COM', '5819956046','PROLONGACIÓN PAPUA NUEVA GUINEA', '2244', 'LOS BAJOS', 'COLIMA', '21264'),
('GUSF790327DTJ', 'FIDEL', 'GURULE', 'SALDIVAR', 'FIDELGURULE@GMAIL.COM', '7124065965','CIRCUNVALACIÓN IRAQ', '375', 'DE LA MONTAÑA', 'BAJA CALIFORNIA SUR', '54793'),
('VAFC650918HMY', 'CAMILA', 'VALLE', 'FELICIANO', 'CAMILAVALLE@GMAIL.COM', '8073741672','EJE VIAL KUWAIT', '9796', 'LOS ALTOS', 'BAJA CALIFORNIA', '80589'),
('ARVV620417JR7', 'VICENTE', 'ARMENDÁRIZ', 'VALLADARES', 'VICENTEARMENDÁRIZ@GMAIL.COM', '5610143888','CORREDOR NORTE RIVAS', '982', 'LOS BAJOS', 'CAMPECHE', '71461'),
('MOMC851102BW4', 'CLAUDIA', 'MONTERO', 'MARRERO', 'CLAUDIAMONTERO@GMAIL.COM', '7387571775','AMPLIACIÓN MONTALVO', '123', 'LOS ALTOS', 'CAMPECHE', '82586'),
('PAEE940505A2W', 'ESTHER', 'PALACIOS', 'ENRÍQUEZ', 'ESTHERPALACIOS@GMAIL.COM', '6609379660','PROLONGACIÓN CANALES', '255', 'DE LA MONTAÑA', 'ESTADO DE MEXICO', '14785'),
('MOMC870919FPZ', 'CAMILA', 'MONTERO', 'MORA', 'CAMILAMONTERO@GMAIL.COM', '9249912513','CALLE SINALOA', '9296', 'LOS BAJOS', 'CHIAPAS', '78282'),
('CIEG620205AC6', 'GRACIELA', 'CINTRÓN', 'ESCOBAR', 'GRACIELACINTRÓN@GMAIL.COM', '7905072368','EJE VIAL NORTE SÁENZ', '1034', 'DE LA MONTAÑA', 'NAYARIT', '38427');

INSERT INTO VENTA(FECHA_VENTA, NUMERO_EMPLEADO_VEN, NUMERO_EMPLEADO_CAJ, RFC_CLIENTE) 
VALUES
(NOW(),40,33,'2736HWGY2KQWQ'),
('2020-03-15',9,3,'JIO981109HJYU'),
('2021-07-22',10,4,NULL),
('2022-01-05',19,13,'VLA650923HUGS'),
('2023-09-12',20,14,'XYZ123456789'), -- no registrado
('2024-02-28',29,23,NULL),
('2020-11-17',30,24,'CVA850321UJHG'),
('2021-06-30',39,33,'RHD030912IJTN'),
('2022-12-01',40,34,NULL),
('2023-04-19',49,43,'NVB910215LKTZ'),
('2024-08-25',50,44,'ZZZ000000ZZZZ'), -- no registrado
('2020-05-10',9,4,'MLR820506MQRT'),
('2021-03-27',19,14,NULL),
('2022-07-13',29,24,'ALH760718PLMN'),
('2023-11-06',39,34,'YGR990830XTYR'),
('2025-01-02',49,44,NULL),
(DATE('2024-04-07'), 10, 3, 'SABK990504JV7'),
(DATE('2023-05-13'), 19, 14, 'BUQJ060207L0X'),
(DATE('2024-09-03'), 10, 3, NULL),
(DATE('2025-01-05'), 19, 14, NULL),
(DATE('2023-07-07'), 50, 43, NULL),
(DATE('2025-01-02'), 19, 13, NULL),
(DATE('2023-09-30'), 39, 33, NULL),
(DATE('2024-02-24'), 30, 23, 'ESOA020817205'),
(DATE('2025-01-15'), 19, 14, NULL),
(DATE('2024-04-02'), 10, 3, 'ROSF060406XO7'),
(DATE('2024-01-04'), 40, 34, NULL),
(DATE('2023-04-07'), 19, 13, 'CIEG620205AC6'),
(DATE('2024-07-02'), 20, 14, 'VENH840114BLJ'),
(DATE('2024-12-04'), 10, 4, 'MIHV9710160CH'),
(DATE('2023-09-01'), 50, 44, NULL),
(DATE('2024-03-21'), 9, 4, 'JAÁD951016N04'),
(DATE('2024-08-18'), 50, 43, 'MESD7711036O8'),
(DATE('2023-05-11'), 50, 44, NULL),
(DATE('2023-02-18'), 30, 23, 'PREJ890407A4K'),
(DATE('2024-02-17'), 49, 44, 'PAEE940505A2W'),
(DATE('2023-05-23'), 39, 33, 'BUQJ060207L0X'),
(DATE('2024-05-30'), 39, 34, 'COGA650908N0E'),
(DATE('2024-03-07'), 29, 24, 'COBO850731MJB'),
(DATE('2025-05-24'), 30, 24, 'POVR881210SAH'),
(DATE('2023-05-18'), 29, 23, 'SAQJ800701N0T'),
(DATE('2024-01-14'), 39, 34, 'POVR881210SAH'),
(DATE('2023-10-21'), 49, 44, 'MASA730303F98'),
(DATE('2023-07-30'), 20, 14, 'BABG0407091CV'),
(DATE('2024-02-24'), 40, 33, 'ZAMR580426HZI'),
(DATE('2024-02-25'), 39, 33, 'MASA730303F98'),
(DATE('2023-11-24'), 50, 43, NULL),
(DATE('2025-03-30'), 20, 13, NULL),
(DATE('2023-05-18'), 19, 13, 'PAEE940505A2W'),
(DATE('2024-12-02'), 20, 13, 'SOAP82111975C'),
(DATE('2024-10-14'), 39, 34, 'ABSM860114DKW'),
(DATE('2024-12-22'), 39, 33, 'LOGE711009EPQ'),
(DATE('2023-10-29'), 9, 4, 'CRPH640804CGV'),
(DATE('2023-02-23'), 20, 13, 'VÁVC981010PKH'),
(DATE('2024-11-19'), 19, 14, 'MEVH060812FSV'),
(DATE('2024-11-08'), 40, 34, 'OJGÓ760205XUL'),
(DATE('2025-04-07'), 50, 44, NULL),
(DATE('2024-09-01'), 20, 14, 'JAMR0512277UZ'),
(DATE('2024-10-08'), 20, 14, 'MABE050802NF5'),
(DATE('2023-03-15'), 20, 14, 'CARE550621ALA'),
(DATE('2023-07-19'), 29, 24, 'CEJL570218HOC'),
(DATE('2023-11-23'), 29, 23, 'VACS680401T0N'),
(DATE('2023-11-24'), 20, 13, NULL),
(DATE('2024-10-02'), 19, 14, 'JAST570209KW6'),
(DATE('2023-06-22'), 30, 24, 'LEPJ560222L2C'),
(DATE('2023-07-10'), 20, 14, NULL),
(DATE('2024-07-08'), 49, 44, 'LUVI8601248TC'),
(DATE('2023-08-21'), 10, 4, NULL),
(DATE('2025-02-18'), 40, 33, 'CAAL781220D6J'),
(DATE('2024-07-02'), 20, 14, 'CAAL781220D6J'),
(DATE('2023-09-26'), 10, 4, NULL),
(DATE('2024-07-22'), 39, 34, NULL),
(DATE('2023-08-08'), 19, 14, 'PAPR700906EXQ'),
(DATE('2025-04-21'), 49, 43, 'MIHV9710160CH'),
(DATE('2024-09-05'), 39, 34, 'BACC791113C69'),
(DATE('2023-12-01'), 10, 4, 'MOMC851102BW4'),
(DATE('2023-08-02'), 20, 14, 'LOPC980219ROD'),
(DATE('2024-03-28'), 40, 34, 'ESGD581104FF1'),
(DATE('2023-01-13'), 10, 3, NULL),
(DATE('2023-03-09'), 49, 44, 'CRPH640804CGV'),
(DATE('2023-10-27'), 9, 3, NULL),
(DATE('2024-10-11'), 19, 13, 'COGA650908N0E'),
(DATE('2024-10-05'), 19, 13, 'LUSB900421ZPQ'),
(DATE('2023-07-14'), 9, 4, NULL),
(DATE('2024-04-05'), 30, 23, 'FEZC640502KRT'),
(DATE('2024-07-18'), 49, 43, NULL),
(DATE('2023-03-06'), 29, 23, NULL),
(DATE('2025-05-06'), 30, 24, NULL),
(DATE('2023-05-31'), 19, 13, 'MESD7711036O8'),
(DATE('2023-03-09'), 29, 23, 'ROGF760401HC1'),
(DATE('2024-04-17'), 50, 44, 'HELC01042882Y'),
(DATE('2023-06-10'), 50, 43, NULL),
(DATE('2023-12-06'), 40, 33, 'SABK990504JV7'),
(DATE('2024-12-09'), 30, 23, 'SABK990504JV7'),
(DATE('2023-10-11'), 20, 14, 'BABG0407091CV'),
(DATE('2024-03-31'), 40, 34, NULL),
(DATE('2024-01-18'), 19, 14, NULL),
(DATE('2024-03-13'), 39, 34, 'MEMG050406TIQ'),
(DATE('2024-08-08'), 50, 44, 'AGRY0703096JS'),
(DATE('2024-09-05'), 40, 33, 'CAAL781220D6J'),
(DATE('2023-02-21'), 20, 14, 'LOPC980219ROD'),
(DATE('2024-10-22'), 30, 23, 'CICF6109162IO'),
(DATE('2023-04-08'), 19, 13, NULL),
(DATE('2025-01-18'), 40, 33, NULL),
(DATE('2025-04-23'), 40, 34, NULL),
(DATE('2023-07-03'), 9, 4, 'CRPH640804CGV'),
(DATE('2025-03-17'), 39, 34, 'CIEG620205AC6'),
(DATE('2024-07-09'), 50, 44, 'ARVV620417JR7'),
(DATE('2023-04-26'), 50, 44, NULL),
(DATE('2023-10-21'), 50, 44, NULL),
(DATE('2023-10-13'), 40, 34, 'ESGD581104FF1'),
(DATE('2023-03-29'), 19, 13, 'MADC82092945D'),
(DATE('2024-04-20'), 9, 3, 'ROSY011103EMC'),
(DATE('2023-07-13'), 40, 34, 'RAVR8610057QI'),
(DATE('2023-06-13'), 20, 13, 'BUQJ060207L0X'),
(DATE('2023-09-26'), 20, 13, NULL),
(DATE('2024-02-24'), 49, 44, 'PAEE940505A2W'),
(DATE('2024-04-11'), 10, 3, 'YÁVH660929DBD'),
(DATE('2023-05-26'), 39, 33, 'MELP9111132CQ'),
(DATE('2024-01-13'), 30, 24, 'TOBA830404IVW'),
(DATE('2024-02-11'), 29, 23, 'ESGD581104FF1'),
(DATE('2023-07-07'), 39, 33, 'POVR881210SAH'),
(DATE('2024-12-17'), 39, 33, 'VACS680401T0N'),
(DATE('2023-09-29'), 20, 13, 'ZAGP0603130XU'),
(DATE('2024-09-22'), 10, 3, NULL),
(DATE('2023-03-09'), 50, 44, NULL),
(DATE('2023-06-17'), 40, 34, 'URVJ890826KI8'),
(DATE('2024-07-10'), 49, 43, NULL),
(DATE('2023-02-04'), 19, 14, 'CIEG620205AC6'),
(DATE('2023-07-23'), 9, 3, 'JAÁD951016N04'),
(DATE('2023-10-20'), 49, 43, 'BELL920111K04'),
(DATE('2023-10-31'), 40, 34, 'ANSS841227059'),
(DATE('2023-10-07'), 9, 4, NULL),
(DATE('2024-12-29'), 30, 23, NULL),
(DATE('2024-05-21'), 20, 13, 'ZÚQC620529OM6'),
(DATE('2024-01-17'), 9, 3, NULL),
(DATE('2025-03-03'), 29, 23, 'LEPJ560222L2C'),
(DATE('2023-03-15'), 20, 14, 'TOBA830404IVW'),
(DATE('2023-05-27'), 10, 4, NULL),
(DATE('2024-03-18'), 40, 34, 'TOBA830404IVW'),
(DATE('2024-06-13'), 9, 4, NULL),
(DATE('2023-01-21'), 30, 23, 'CALJ7907302ER'),
(DATE('2023-07-10'), 19, 14, 'MELP9111132CQ'),
(DATE('2024-04-26'), 9, 4, 'CICF6109162IO'),
(DATE('2024-10-23'), 40, 33, 'JAVM750930QP9'),
(DATE('2024-03-06'), 40, 33, 'LUSB900421ZPQ'),
(DATE('2023-06-21'), 30, 24, 'MOMC851102BW4'),
(DATE('2023-06-18'), 9, 4, 'JAST570209KW6'),
(DATE('2023-04-26'), 40, 34, NULL),
(DATE('2023-06-02'), 49, 44, 'CALJ7907302ER'),
(DATE('2023-12-27'), 30, 24, 'FUJJ050325VBD'),
(DATE('2023-07-08'), 39, 34, 'JAST570209KW6'),
(DATE('2024-06-16'), 9, 4, 'COGA650908N0E'),
(DATE('2023-12-30'), 40, 33, 'ROOI590119622'),
(DATE('2023-05-05'), 29, 24, 'TOBA830404IVW'),
(DATE('2023-08-27'), 39, 33, NULL),
(DATE('2023-02-25'), 49, 43, 'URVJ890826KI8'),
(DATE('2023-04-07'), 49, 44, 'CALJ7907302ER'),
(DATE('2023-04-09'), 19, 14, NULL),
(DATE('2023-01-22'), 9, 4, NULL),
(DATE('2023-07-09'), 30, 24, NULL),
(DATE('2024-12-09'), 40, 33, 'SOAP82111975C'),
(DATE('2023-07-24'), 49, 44, 'ALCP880812MDD'),
(DATE('2023-08-26'), 49, 43, 'VENH840114BLJ'),
(DATE('2023-07-11'), 40, 34, NULL),
(DATE('2023-08-10'), 10, 4, NULL),
(DATE('2023-12-22'), 50, 43, 'CAAT600915E1I'),
(DATE('2024-11-27'), 50, 44, 'CEJL570218HOC'),
(DATE('2025-03-09'), 50, 44, NULL),
(DATE('2023-06-19'), 29, 23, 'MELP9111132CQ'),
(DATE('2023-10-15'), 39, 34, 'PAEE940505A2W'),
(DATE('2024-02-20'), 30, 24, 'PREJ890407A4K'),
(DATE('2023-05-20'), 20, 13, 'MOMC870919FPZ'),
(DATE('2024-03-16'), 50, 43, NULL),
(DATE('2023-09-06'), 39, 34, 'ARLC0304178UR'),
(DATE('2023-11-24'), 20, 13, 'CARE550621ALA'),
(DATE('2024-02-27'), 40, 34, 'COGA650908N0E'),
(DATE('2024-03-29'), 39, 34, NULL),
(DATE('2023-02-17'), 50, 44, 'MABE050802NF5'),
(DATE('2023-04-01'), 39, 33, 'VAFC650918HMY'),
(DATE('2023-08-02'), 29, 23, 'SABK990504JV7'),
(DATE('2023-06-10'), 9, 4, 'QUGM990115FMY'),
(DATE('2023-08-30'), 29, 23, 'MOMC851102BW4'),
(DATE('2023-05-21'), 10, 4, 'CAPA7005098XV'),
(DATE('2024-01-18'), 39, 33, 'OSVE570625XVF'),
(DATE('2023-01-26'), 39, 33, 'JAÁD951016N04'),
(DATE('2023-08-01'), 10, 3, 'ABSM860114DKW'),
(DATE('2024-07-02'), 49, 43, 'BABG0407091CV'),
(DATE('2024-10-01'), 30, 24, NULL),
(DATE('2023-02-09'), 10, 4, NULL),
(DATE('2024-07-04'), 49, 43, 'TOBA830404IVW'),
(DATE('2025-02-06'), 30, 24, NULL),
(DATE('2024-10-26'), 30, 24, 'ROSF060406XO7'),
(DATE('2023-08-15'), 40, 33, 'VAFC650918HMY'),
(DATE('2024-12-17'), 40, 34, NULL),
(DATE('2024-02-21'), 29, 24, 'VENH840114BLJ'),
(DATE('2024-10-18'), 9, 4, NULL),
(DATE('2024-09-23'), 29, 24, 'CRPH640804CGV'),
(DATE('2023-12-31'), 20, 13, 'MABE050802NF5'),
(DATE('2023-09-23'), 9, 4, NULL),
(DATE('2024-11-28'), 39, 34, NULL),
(DATE('2023-11-09'), 19, 14, 'MOMC851102BW4'),
(DATE('2024-06-06'), 39, 33, 'MOMC870919FPZ'),
(DATE('2024-08-08'), 50, 44, NULL),
(DATE('2023-09-04'), 20, 14, NULL),
(DATE('2023-05-09'), 30, 23, 'BABG0407091CV'),
(DATE('2024-06-12'), 9, 3, NULL),
(DATE('2024-08-23'), 40, 33, NULL),
(DATE('2023-12-30'), 39, 34, 'RITD990113UZF'),
(DATE('2024-11-20'), 10, 4, NULL),
(DATE('2023-06-30'), 30, 24, 'MESD7711036O8'),
(DATE('2023-06-19'), 20, 13, 'COGA650908N0E'),
(DATE('2023-02-01'), 50, 43, 'MIHV9710160CH'),
(DATE('2023-07-08'), 10, 4, 'LOGE711009EPQ'),
(DATE('2023-09-07'), 39, 33, 'PAEE940505A2W'),
(DATE('2025-03-24'), 10, 4, 'FUJJ050325VBD'),
('2023-01-02', 10, 3, 'EMG670324UYTS'),
('2023-02-18', 10, 4, 'ZÚQC620529OM6'),
('2023-03-18', 10, 3, 'GMR900102KHTZ'),
('2023-04-29', 10, 3, 'CAAL781220D6J'),
('2023-05-03', 9, 3, 'SABK990504JV7'),
('2023-06-16', 9, 4, 'PAEE940505A2W'),
('2023-07-19', 10, 3, 'MLR820506MQRT'),
('2023-08-20', 10, 4, 'MIHV9710160CH'),
('2023-09-30', 10, 4, 'FEZC640502KRT'),
('2023-10-24', 10, 4, 'ROOI590119622'),
('2023-11-27', 10, 3, 'PUSR890903FYV'),
('2023-12-17', 9, 4, 'ROSY011103EMC'),
('2024-01-18', 10, 4, 'CAMJ7908021Y7'),
('2024-02-07', 9, 4, 'PUSR890903FYV'),
('2024-03-20', 9, 4, 'OJGÓ760205XUL'),
('2024-04-29', 9, 4, 'MESD7711036O8'),
('2024-05-31', 10, 3, 'CAMJ7908021Y7'),
('2024-06-06', 10, 3, 'ROGF760401HC1'),
('2024-07-27', 9, 4, 'JAÁD951016N04'),
('2024-08-12', 9, 4, 'ABSM860114DKW'),
('2024-09-26', 10, 4, 'VACS680401T0N'),
('2024-10-28', 10, 4, 'PREJ890407A4K'),
('2024-11-11', 9, 4, 'JIO981109HJYU'),
('2024-12-12', 9, 4, 'BACC791113C69'),
('2025-01-09', 10, 3, 'JIO981109HJYU'),
('2025-02-07', 9, 3, 'BOPG560707BXX'),
('2025-03-18', 9, 3, NULL),
('2025-04-09', 10, 4, 'MLR820506MQRT'),
('2025-05-30', 9, 3, 'URVJ890826KI8'),
('2023-01-02', 20, 14, 'ESOA020817205'),
('2023-02-26', 19, 13, 'BABG0407091CV'),
('2023-03-13', 20, 13, 'ESGD581104FF1'),
('2023-04-30', 20, 14, 'VACS680401T0N'),
('2023-05-04', 20, 14, 'CEJL570218HOC'),
('2023-06-12', 19, 14, 'JIO981109HJYU'),
('2023-07-14', 20, 13, 'CAPA7005098XV'),
('2023-08-29', 19, 13, 'RIRD890924PPQ'),
('2023-10-11', 20, 13, 'ZAMR580426HZI'),
('2023-11-06', 20, 14, 'PREJ890407A4K'),
('2023-12-16', 19, 13, 'BELL920111K04'),
('2024-01-27', 19, 14, 'ROSY011103EMC'),
('2024-02-04', 20, 14, 'VLA650923HUGS'),
('2024-03-02', 20, 14, 'ABSM860114DKW'),
('2024-04-30', 19, 13, 'VAFC650918HMY'),
('2024-05-13', 19, 13, 'ZEME050918SDW'),
('2024-06-29', 20, 14, 'ANSS841227059'),
('2024-07-27', 20, 13, 'MOMC870919FPZ'),
('2024-08-26', 19, 14, 'ARLC0304178UR'),
('2024-09-13', 19, 14, 'MESD7711036O8'),
('2024-10-24', 19, 13, 'BMR740927MBTR'),
('2024-11-15', 20, 14, 'ESOA020817205'),
('2024-12-04', 19, 14, 'LOGE711009EPQ'),
('2025-01-07', 20, 13, 'CRPH640804CGV'),
('2025-02-28', 19, 13, NULL),
('2025-03-04', 19, 13, 'CALJ7907302ER'),
('2025-04-02', 19, 13, 'RIRD890924PPQ'),
('2025-05-31', 19, 13, 'TOBA830404IVW'),
('2023-01-22', 29, 24, 'COBM770129MVI'),
('2023-02-18', 29, 23, 'CEJL570218HOC'),
('2023-03-26', 30, 24, 'ESGD581104FF1'),
('2023-04-29', 29, 24, 'VENH840114BLJ'),
('2023-05-17', 29, 24, 'MOMC851102BW4'),
('2023-06-15', 29, 23, 'ARVV620417JR7'),
('2023-07-14', 30, 24, 'LEPJ560222L2C'),
('2023-08-01', 29, 23, 'ESOA020817205'),
('2023-09-23', 29, 24, 'BMR740927MBTR'),
('2023-10-30', 30, 24, 'SAQJ800701N0T'),
('2023-11-17', 29, 23, 'YÁVH660929DBD'),
('2023-12-15', 29, 23, 'BACC791113C69'),
('2024-01-30', 30, 24, 'PUSR890903FYV'),
('2024-03-07', 29, 23, 'CRPH640804CGV'),
('2024-04-06', 30, 24, 'FEZC640502KRT'),
('2024-05-04', 30, 24, 'FJL980712MNTR'),
('2024-06-18', 29, 24, 'ALCP880812MDD'),
('2024-07-05', 30, 24, 'COGA650908N0E'),
('2024-08-03', 29, 23, 'BUQJ060207L0X'),
('2024-09-29', 29, 24, 'RRL870401GHYT'),
('2024-10-23', 30, 24, 'MESD7711036O8'),
('2024-11-02', 30, 23, 'CVA850321UJHG'),
('2024-12-02', 30, 24, 'NVB910215LKTZ'),
('2025-01-22', 30, 24, 'JAST570209KW6'),
('2025-02-26', 29, 24, 'ESOA020817205'),
('2025-03-18', 29, 23, 'RRL870401GHYT'),
('2025-04-04', 30, 23, 'CAAT600915E1I'),
('2025-05-21', 30, 24, 'COGA650908N0E'),
('2023-01-02', 39, 34, 'MIHV9710160CH'),
('2023-02-20', 39, 33, 'ROOI590119622'),
('2023-03-04', 40, 33, 'CAAT600915E1I'),
('2023-04-09', 40, 34, 'SOAP82111975C'),
('2023-05-23', 39, 33, 'MIHV9710160CH'),
('2023-06-26', 39, 34, 'MEVH060812FSV'),
('2023-07-29', 39, 33, 'EMG670324UYTS'),
('2023-08-05', 40, 34, 'LTC950714JHKL'),
('2023-09-28', 40, 34, 'CICF6109162IO'),
('2023-10-28', 40, 33, 'COBM770129MVI'),
('2023-12-23', 40, 34, 'COBM770129MVI'),
('2024-01-23', 40, 34, 'BUQJ060207L0X'),
('2024-02-05', 40, 33, 'LTC950714JHKL'),
('2024-03-31', 39, 34, 'PUSR890903FYV'),
('2024-04-04', 39, 33, 'URVJ890826KI8'),
('2024-05-16', 39, 33, 'ANSS841227059'),
('2024-06-24', 40, 33, 'MLR820506MQRT'),
('2024-07-31', 40, 33, 'COGA650908N0E'),
('2024-08-06', 39, 33, 'PIGS9102024A4'),
('2024-09-30', 40, 34, 'ROGF760401HC1'),
('2024-10-04', 40, 34, 'BABG0407091CV'),
('2024-11-04', 39, 34, 'MLR820506MQRT'),
('2024-12-23', 40, 33, 'CICF6109162IO'),
('2025-01-16', 39, 33, 'YÁVH660929DBD'),
('2025-02-18', 39, 34, 'LUSB900421ZPQ'),
('2025-03-16', 40, 34, 'CAAT600915E1I'),
('2025-04-24', 40, 33, 'LEPJ560222L2C'),
('2023-01-13', 49, 43, 'LUSB900421ZPQ'),
('2023-02-14', 50, 44, 'QUGM990115FMY'),
('2023-03-06', 49, 44, 'LOGE711009EPQ'),
('2023-05-18', 49, 44, 'RIRD890924PPQ'),
('2023-06-05', 49, 44, 'CRPH640804CGV'),
('2023-07-09', 49, 43, 'ALH760718PLMN'),
('2023-08-02', 50, 43, 'NVB910215LKTZ'),
('2023-09-20', 49, 44, 'BELL920111K04'),
('2023-10-12', 49, 43, 'SOAP82111975C'),
('2023-11-17', 49, 43, 'LEPJ560222L2C'),
('2023-12-08', 50, 43, 'AGRY0703096JS'),
('2024-01-24', 50, 43, 'NVB910215LKTZ'),
('2024-02-20', 49, 43, 'VLA650923HUGS'),
('2024-03-22', 50, 43, 'LTC950714JHKL'),
('2024-04-08', 50, 43, 'FUJJ050325VBD'),
('2024-05-16', 50, 43, 'COBO850731MJB'),
('2024-06-26', 50, 44, 'ESGD581104FF1'),
('2024-07-07', 49, 43, 'JAST570209KW6'),
('2024-09-06', 50, 44, 'JIO981109HJYU'),
('2024-10-10', 49, 44, 'PAPR700906EXQ'),
('2024-11-11', 49, 44, 'MEVH060812FSV'),
('2024-12-12', 50, 43, 'CARE550621ALA'),
('2025-02-17', 49, 43, 'GAHJ690725UZB'),
('2025-03-05', 49, 43, 'SOAP82111975C'),
('2025-04-27', 49, 44, 'MIHV9710160CH'),
('2025-05-27', 50, 44, 'HGK070201GRYR');


INSERT INTO VENTA_ARTICULO(CODIGO_BARRAS, FOLIO, CANTIDAD) 
VALUES
('8431023456789','MBL-000001',3),
('7291045678902','MBL-000001',2),
('7291045678902','MBL-000002',2),
('8410002345670','MBL-000002',3),
('4001112223334','MBL-000002',1),
('9504012345679','MBL-000003',4),
('8436000001235','MBL-000004',2),
('8431023456789','MBL-000004',5),
('6921001234567','MBL-000005',1),
('7503001234564','MBL-000005',3),
('8410007654321','MBL-000005',2),
('9781234567897','MBL-000005',2),
('7860123456791','MBL-000006',3),
('6920456123458','MBL-000007',1),
('8430987654329','MBL-000007',5),
('8691234009874','MBL-000008',2),
('8431230987123','MBL-000008',3),
('4001234567898','MBL-000008',2),
('7423450987653','MBL-000009',4),
('6943214567894','MBL-000009',3),
('8699876543217','MBL-000010',1),
('6920001234566','MBL-000011',5),
('8412314567895','MBL-000011',1),
('8903123456780','MBL-000011',3),
('9781230000001','MBL-000012',2),
('8433001234563','MBL-000012',2),
('8435000987655','MBL-000012',4),
('6922345678901','MBL-000012',1),
('7861234567896','MBL-000013',2),
('7291045678902','MBL-000013',2),
('8436000001235','MBL-000014',3),
('8410002345670','MBL-000015',2),
('4001112223334','MBL-000015',3),
('9504012345679','MBL-000015',4),
('8431023456789','MBL-000016',1),
('6921001234567','MBL-000016',3),
('7503001234564','MBL-000016',2),
('8410007654321','MBL-000016',1),
('9781234567897','MBL-000016',5),
('7860123456791','MBL-000016',4),
('8410002345670', 'MBL-000017', 3),
('7503001234564', 'MBL-000018', 1),
('8431023456789', 'MBL-000018', 3),
('8699876543217', 'MBL-000019', 3),
('8410002345670', 'MBL-000020', 1),
('7503001234564', 'MBL-000021', 3),
('7423450987653', 'MBL-000021', 1),
('6921001234567', 'MBL-000022', 2),
('9781230000001', 'MBL-000022', 3),
('8412314567895', 'MBL-000022', 2),
('6943214567894', 'MBL-000022', 3),
('8691234009874', 'MBL-000022', 1),
('9781230000001', 'MBL-000023', 3),
('8691234009874', 'MBL-000023', 3),
('6921001234567', 'MBL-000024', 3),
('8435000987655', 'MBL-000024', 1),
('8430987654329', 'MBL-000025', 1),
('6920456123458', 'MBL-000026', 1),
('6920001234566', 'MBL-000026', 1),
('8410007654321', 'MBL-000026', 1),
('8430987654329', 'MBL-000027', 1),
('9781234567897', 'MBL-000028', 1),
('7861234567896', 'MBL-000028', 2),
('8412314567895', 'MBL-000028', 1),
('6920001234566', 'MBL-000028', 1),
('6920456123458', 'MBL-000028', 2),
('9504012345679', 'MBL-000029', 1),
('7503001234564', 'MBL-000029', 3),
('8436000001235', 'MBL-000029', 1),
('7291045678902', 'MBL-000030', 3),
('6920456123458', 'MBL-000030', 1),
('6921001234567', 'MBL-000030', 1),
('6943214567894', 'MBL-000031', 2),
('8433001234563', 'MBL-000031', 2),
('8430987654329', 'MBL-000032', 1),
('8410007654321', 'MBL-000032', 2),
('8412314567895', 'MBL-000032', 3),
('9781230000001', 'MBL-000032', 1),
('7861234567896', 'MBL-000033', 3),
('4001112223334', 'MBL-000033', 1),
('9504012345679', 'MBL-000034', 3),
('6921001234567', 'MBL-000034', 2),
('8699876543217', 'MBL-000034', 1),
('8412314567895', 'MBL-000035', 2),
('8431230987123', 'MBL-000035', 2),
('8431023456789', 'MBL-000035', 1),
('8410007654321', 'MBL-000035', 1),
('8433001234563', 'MBL-000036', 1),
('8699876543217', 'MBL-000036', 1),
('8691234009874', 'MBL-000036', 3),
('8431023456789', 'MBL-000037', 1),
('7423450987653', 'MBL-000037', 1),
('8436000001235', 'MBL-000038', 2),
('6922345678901', 'MBL-000039', 1),
('8903123456780', 'MBL-000039', 1),
('8430987654329', 'MBL-000040', 1),
('8431230987123', 'MBL-000041', 1),
('7423450987653', 'MBL-000041', 1),
('8410007654321', 'MBL-000041', 1),
('6943214567894', 'MBL-000041', 1),
('8410002345670', 'MBL-000041', 1),
('8691234009874', 'MBL-000042', 1),
('7291045678902', 'MBL-000042', 3),
('8431230987123', 'MBL-000042', 1),
('7423450987653', 'MBL-000043', 3),
('8436000001235', 'MBL-000043', 1),
('6921001234567', 'MBL-000044', 1),
('8431023456789', 'MBL-000044', 1),
('6920456123458', 'MBL-000044', 1),
('8435000987655', 'MBL-000044', 1),
('7291045678902', 'MBL-000044', 3),
('8410002345670', 'MBL-000045', 3),
('8436000001235', 'MBL-000045', 2),
('6920456123458', 'MBL-000045', 1),
('7861234567896', 'MBL-000045', 2),
('9504012345679', 'MBL-000046', 1),
('8433001234563', 'MBL-000046', 2),
('4001234567898', 'MBL-000046', 2),
('7861234567896', 'MBL-000046', 1),
('8435000987655', 'MBL-000046', 1),
('8410007654321', 'MBL-000047', 1),
('7423450987653', 'MBL-000047', 1),
('6943214567894', 'MBL-000048', 2),
('8435000987655', 'MBL-000048', 3),
('8903123456780', 'MBL-000049', 1),
('8412314567895', 'MBL-000049', 1),
('6920456123458', 'MBL-000049', 1),
('8431230987123', 'MBL-000049', 2),
('9504012345679', 'MBL-000050', 1),
('7860123456791', 'MBL-000050', 1),
('7503001234564', 'MBL-000051', 1),
('8699876543217', 'MBL-000051', 2),
('8410002345670', 'MBL-000051', 1),
('9504012345679', 'MBL-000051', 1),
('9781230000001', 'MBL-000051', 3),
('7423450987653', 'MBL-000052', 2),
('8903123456780', 'MBL-000053', 1),
('4001234567898', 'MBL-000053', 2),
('6921001234567', 'MBL-000053', 2),
('4001234567898', 'MBL-000054', 1),
('7503001234564', 'MBL-000054', 1),
('6922345678901', 'MBL-000054', 1),
('8691234009874', 'MBL-000054', 2),
('6921001234567', 'MBL-000054', 2),
('8431230987123', 'MBL-000055', 1),
('8433001234563', 'MBL-000055', 1),
('4001112223334', 'MBL-000055', 2),
('8903123456780', 'MBL-000055', 3),
('7503001234564', 'MBL-000056', 2),
('6943214567894', 'MBL-000057', 2),
('8431230987123', 'MBL-000057', 2),
('8410007654321', 'MBL-000058', 2),
('8431230987123', 'MBL-000058', 1),
('6922345678901', 'MBL-000059', 2),
('6943214567894', 'MBL-000059', 1),
('8436000001235', 'MBL-000059', 1),
('4001112223334', 'MBL-000059', 2),
('8691234009874', 'MBL-000060', 1),
('4001234567898', 'MBL-000060', 2),
('4001112223334', 'MBL-000061', 1),
('7291045678902', 'MBL-000061', 3),
('8430987654329', 'MBL-000061', 1),
('8410002345670', 'MBL-000061', 3),
('9781230000001', 'MBL-000062', 1),
('8433001234563', 'MBL-000062', 2),
('6922345678901', 'MBL-000062', 2),
('6943214567894', 'MBL-000062', 3),
('4001112223334', 'MBL-000063', 1),
('8699876543217', 'MBL-000063', 1),
('4001112223334', 'MBL-000064', 1),
('8699876543217', 'MBL-000064', 1),
('4001234567898', 'MBL-000064', 2),
('7423450987653', 'MBL-000065', 1),
('9504012345679', 'MBL-000066', 1),
('6920001234566', 'MBL-000066', 2),
('8436000001235', 'MBL-000067', 1),
('8699876543217', 'MBL-000067', 1),
('7503001234564', 'MBL-000067', 1),
('6920001234566', 'MBL-000067', 1),
('8699876543217', 'MBL-000068', 3),
('7423450987653', 'MBL-000068', 2),
('7860123456791', 'MBL-000068', 3),
('8410007654321', 'MBL-000068', 1),
('6921001234567', 'MBL-000068', 2),
('8431230987123', 'MBL-000069', 1),
('7860123456791', 'MBL-000069', 1),
('8435000987655', 'MBL-000069', 1),
('8699876543217', 'MBL-000070', 1),
('8436000001235', 'MBL-000070', 3),
('9504012345679', 'MBL-000070', 2),
('6943214567894', 'MBL-000070', 3),
('6921001234567', 'MBL-000070', 1),
('6920456123458', 'MBL-000071', 2),
('9781234567897', 'MBL-000071', 1),
('9781230000001', 'MBL-000072', 1),
('9781234567897', 'MBL-000072', 1),
('6920001234566', 'MBL-000072', 1),
('6922345678901', 'MBL-000072', 3),
('8412314567895', 'MBL-000072', 1),
('8410007654321', 'MBL-000073', 1),
('8436000001235', 'MBL-000073', 1),
('8410007654321', 'MBL-000074', 1),
('9781234567897', 'MBL-000074', 2),
('6921001234567', 'MBL-000075', 3),
('8903123456780', 'MBL-000075', 1),
('8412314567895', 'MBL-000075', 1),
('4001112223334', 'MBL-000076', 1),
('9504012345679', 'MBL-000076', 3),
('8412314567895', 'MBL-000076', 1),
('7860123456791', 'MBL-000077', 2),
('7291045678902', 'MBL-000078', 1),
('8433001234563', 'MBL-000078', 1),
('8431230987123', 'MBL-000078', 2),
('8436000001235', 'MBL-000079', 1),
('6943214567894', 'MBL-000080', 3),
('4001112223334', 'MBL-000080', 2),
('8431023456789', 'MBL-000081', 1),
('8691234009874', 'MBL-000081', 3),
('4001112223334', 'MBL-000081', 2),
('9781234567897', 'MBL-000081', 2),
('6920456123458', 'MBL-000081', 1),
('8435000987655', 'MBL-000082', 2),
('6943214567894', 'MBL-000082', 2),
('8691234009874', 'MBL-000082', 2),
('6922345678901', 'MBL-000083', 2),
('7291045678902', 'MBL-000083', 1),
('8433001234563', 'MBL-000084', 1),
('7860123456791', 'MBL-000084', 2),
('7291045678902', 'MBL-000085', 1),
('6922345678901', 'MBL-000085', 1),
('9781230000001', 'MBL-000085', 1),
('7503001234564', 'MBL-000086', 3),
('6921001234567', 'MBL-000086', 3),
('7861234567896', 'MBL-000086', 2),
('8431230987123', 'MBL-000086', 2),
('8903123456780', 'MBL-000087', 2),
('7860123456791', 'MBL-000088', 3),
('8410007654321', 'MBL-000088', 3),
('9504012345679', 'MBL-000088', 2),
('8435000987655', 'MBL-000088', 1),
('7860123456791', 'MBL-000089', 1),
('8410002345670', 'MBL-000089', 3),
('8436000001235', 'MBL-000089', 1),
('8410007654321', 'MBL-000089', 1),
('7291045678902', 'MBL-000089', 1),
('6920456123458', 'MBL-000090', 1),
('8433001234563', 'MBL-000090', 1),
('6922345678901', 'MBL-000090', 1),
('7860123456791', 'MBL-000090', 1),
('8699876543217', 'MBL-000091', 1),
('6921001234567', 'MBL-000091', 1),
('8410007654321', 'MBL-000091', 1),
('4001112223334', 'MBL-000091', 1),
('6920456123458', 'MBL-000092', 1),
('8691234009874', 'MBL-000092', 3),
('7860123456791', 'MBL-000093', 2),
('8903123456780', 'MBL-000093', 3),
('8436000001235', 'MBL-000093', 1),
('8433001234563', 'MBL-000093', 3),
('9781234567897', 'MBL-000093', 1),
('6943214567894', 'MBL-000094', 2),
('8431023456789', 'MBL-000094', 1),
('6921001234567', 'MBL-000094', 2),
('8699876543217', 'MBL-000095', 1),
('9781234567897', 'MBL-000095', 3),
('8430987654329', 'MBL-000095', 3),
('6943214567894', 'MBL-000095', 2),
('7861234567896', 'MBL-000095', 1),
('6920001234566', 'MBL-000096', 2),
('8412314567895', 'MBL-000096', 1),
('7860123456791', 'MBL-000096', 2),
('8431230987123', 'MBL-000096', 2),
('8903123456780', 'MBL-000096', 2),
('7423450987653', 'MBL-000097', 2),
('8903123456780', 'MBL-000097', 3),
('8412314567895', 'MBL-000097', 1),
('8903123456780', 'MBL-000098', 2),
('9781234567897', 'MBL-000098', 2),
('8410002345670', 'MBL-000099', 2),
('4001112223334', 'MBL-000099', 2),
('8435000987655', 'MBL-000100', 2),
('9504012345679', 'MBL-000100', 2),
('8431230987123', 'MBL-000100', 1),
('8691234009874', 'MBL-000100', 1),
('8412314567895', 'MBL-000100', 1),
('8431023456789', 'MBL-000101', 1),
('8412314567895', 'MBL-000101', 1),
('7503001234564', 'MBL-000102', 1),
('7291045678902', 'MBL-000102', 1),
('6922345678901', 'MBL-000102', 1),
('9781230000001', 'MBL-000102', 1),
('8436000001235', 'MBL-000103', 2),
('8431230987123', 'MBL-000103', 1),
('6943214567894', 'MBL-000104', 1),
('6920001234566', 'MBL-000104', 1),
('7860123456791', 'MBL-000104', 1),
('8435000987655', 'MBL-000104', 1),
('8431230987123', 'MBL-000104', 2),
('8433001234563', 'MBL-000105', 2),
('4001234567898', 'MBL-000105', 3),
('7861234567896', 'MBL-000106', 3),
('8412314567895', 'MBL-000106', 2),
('8412314567895', 'MBL-000107', 1),
('7503001234564', 'MBL-000107', 3),
('8410007654321', 'MBL-000107', 2),
('8431230987123', 'MBL-000107', 3),
('7860123456791', 'MBL-000108', 2),
('6943214567894', 'MBL-000108', 2),
('9504012345679', 'MBL-000108', 2),
('9781230000001', 'MBL-000109', 2),
('8431023456789', 'MBL-000109', 2),
('6921001234567', 'MBL-000109', 3),
('9504012345679', 'MBL-000109', 2),
('8691234009874', 'MBL-000110', 2),
('4001112223334', 'MBL-000110', 2),
('6921001234567', 'MBL-000110', 2),
('7861234567896', 'MBL-000110', 1),
('8430987654329', 'MBL-000111', 1),
('4001234567898', 'MBL-000111', 1),
('8410002345670', 'MBL-000111', 1),
('6920456123458', 'MBL-000111', 1),
('9781234567897', 'MBL-000111', 1),
('4001234567898', 'MBL-000112', 1),
('7503001234564', 'MBL-000112', 1),
('8410002345670', 'MBL-000113', 1),
('8430987654329', 'MBL-000113', 2),
('7860123456791', 'MBL-000113', 1),
('8903123456780', 'MBL-000113', 2),
('6943214567894', 'MBL-000114', 1),
('8410002345670', 'MBL-000114', 1),
('8430987654329', 'MBL-000114', 1),
('8699876543217', 'MBL-000114', 2),
('8903123456780', 'MBL-000114', 1),
('4001112223334', 'MBL-000115', 1),
('8410007654321', 'MBL-000115', 3),
('8431230987123', 'MBL-000116', 3),
('7860123456791', 'MBL-000116', 2),
('8435000987655', 'MBL-000117', 3),
('7861234567896', 'MBL-000117', 1),
('8691234009874', 'MBL-000117', 2),
('8433001234563', 'MBL-000118', 2),
('6920456123458', 'MBL-000119', 2),
('8435000987655', 'MBL-000120', 1),
('7503001234564', 'MBL-000121', 2),
('6920001234566', 'MBL-000122', 2),
('8431023456789', 'MBL-000123', 1),
('4001234567898', 'MBL-000123', 2),
('8431230987123', 'MBL-000124', 3),
('9781230000001', 'MBL-000124', 3),
('6920001234566', 'MBL-000125', 1),
('8433001234563', 'MBL-000125', 2),
('8436000001235', 'MBL-000126', 3),
('8699876543217', 'MBL-000126', 2),
('8410002345670', 'MBL-000126', 2),
('9781230000001', 'MBL-000127', 2),
('6921001234567', 'MBL-000127', 1),
('9504012345679', 'MBL-000127', 3),
('8699876543217', 'MBL-000127', 2),
('6922345678901', 'MBL-000128', 2),
('6920456123458', 'MBL-000129', 2),
('8903123456780', 'MBL-000130', 3),
('6920456123458', 'MBL-000130', 1),
('9504012345679', 'MBL-000130', 2),
('7423450987653', 'MBL-000130', 2),
('8691234009874', 'MBL-000131', 3),
('9781230000001', 'MBL-000132', 2),
('8431023456789', 'MBL-000132', 3),
('8691234009874', 'MBL-000132', 2),
('7291045678902', 'MBL-000132', 2),
('8431230987123', 'MBL-000133', 2),
('8691234009874', 'MBL-000133', 3),
('7861234567896', 'MBL-000133', 3),
('8433001234563', 'MBL-000133', 2),
('8410007654321', 'MBL-000134', 2),
('8435000987655', 'MBL-000135', 1),
('8431230987123', 'MBL-000135', 1),
('7860123456791', 'MBL-000136', 1),
('8410002345670', 'MBL-000136', 2),
('4001234567898', 'MBL-000136', 3),
('7291045678902', 'MBL-000136', 3),
('8410007654321', 'MBL-000137', 3),
('6920001234566', 'MBL-000137', 1),
('9781230000001', 'MBL-000137', 1),
('6921001234567', 'MBL-000138', 1),
('9504012345679', 'MBL-000138', 1),
('7503001234564', 'MBL-000138', 2),
('8433001234563', 'MBL-000138', 1),
('8691234009874', 'MBL-000138', 1),
('6922345678901', 'MBL-000139', 2),
('8410002345670', 'MBL-000139', 1),
('9504012345679', 'MBL-000139', 2),
('9781234567897', 'MBL-000139', 3),
('6920456123458', 'MBL-000140', 1),
('4001234567898', 'MBL-000140', 3),
('6943214567894', 'MBL-000140', 3),
('7423450987653', 'MBL-000140', 1),
('8691234009874', 'MBL-000140', 3),
('8410007654321', 'MBL-000141', 2),
('7503001234564', 'MBL-000141', 3),
('8436000001235', 'MBL-000141', 1),
('8435000987655', 'MBL-000142', 1),
('9781230000001', 'MBL-000142', 3),
('7291045678902', 'MBL-000142', 1),
('6921001234567', 'MBL-000142', 1),
('8433001234563', 'MBL-000142', 1),
('8436000001235', 'MBL-000143', 3),
('7861234567896', 'MBL-000143', 2),
('6921001234567', 'MBL-000143', 3),
('9781234567897', 'MBL-000144', 1),
('8410002345670', 'MBL-000144', 2),
('4001112223334', 'MBL-000145', 2),
('6943214567894', 'MBL-000145', 1),
('9781234567897', 'MBL-000145', 1),
('8699876543217', 'MBL-000146', 3),
('4001234567898', 'MBL-000147', 1),
('8431230987123', 'MBL-000147', 3),
('7860123456791', 'MBL-000147', 1),
('7291045678902', 'MBL-000147', 1),
('8430987654329', 'MBL-000148', 1),
('8699876543217', 'MBL-000149', 1),
('8431023456789', 'MBL-000150', 1),
('6922345678901', 'MBL-000150', 3),
('7503001234564', 'MBL-000151', 1),
('8435000987655', 'MBL-000152', 1),
('8691234009874', 'MBL-000152', 1),
('6920001234566', 'MBL-000152', 1),
('6922345678901', 'MBL-000152', 1),
('7503001234564', 'MBL-000152', 3),
('8691234009874', 'MBL-000153', 1),
('9781234567897', 'MBL-000153', 1),
('8699876543217', 'MBL-000153', 2),
('6920001234566', 'MBL-000153', 2),
('4001112223334', 'MBL-000153', 3),
('7291045678902', 'MBL-000154', 2),
('6943214567894', 'MBL-000155', 2),
('9504012345679', 'MBL-000155', 1),
('8431230987123', 'MBL-000156', 3),
('9781230000001', 'MBL-000156', 1),
('6920001234566', 'MBL-000156', 2),
('4001234567898', 'MBL-000156', 3),
('9781230000001', 'MBL-000157', 2),
('8431230987123', 'MBL-000157', 3),
('9504012345679', 'MBL-000157', 1),
('8691234009874', 'MBL-000158', 1),
('8436000001235', 'MBL-000158', 2),
('8410007654321', 'MBL-000159', 2),
('7861234567896', 'MBL-000159', 1),
('7291045678902', 'MBL-000160', 3),
('8433001234563', 'MBL-000161', 1),
('7861234567896', 'MBL-000161', 1),
('8699876543217', 'MBL-000161', 3),
('9781234567897', 'MBL-000161', 1),
('8431230987123', 'MBL-000161', 3),
('6943214567894', 'MBL-000162', 1),
('4001234567898', 'MBL-000162', 1),
('8431230987123', 'MBL-000162', 3),
('9504012345679', 'MBL-000162', 1),
('6920001234566', 'MBL-000162', 3),
('9504012345679', 'MBL-000163', 2),
('8699876543217', 'MBL-000164', 3),
('8410002345670', 'MBL-000164', 1),
('8435000987655', 'MBL-000164', 1),
('8903123456780', 'MBL-000164', 2),
('7861234567896', 'MBL-000164', 1),
('8412314567895', 'MBL-000165', 1),
('8431230987123', 'MBL-000165', 1),
('8410007654321', 'MBL-000165', 1),
('7291045678902', 'MBL-000165', 1),
('8699876543217', 'MBL-000165', 3),
('7860123456791', 'MBL-000166', 3),
('8903123456780', 'MBL-000166', 1),
('8436000001235', 'MBL-000166', 1),
('7291045678902', 'MBL-000166', 3),
('7861234567896', 'MBL-000167', 1),
('8435000987655', 'MBL-000167', 1),
('6943214567894', 'MBL-000167', 3),
('4001112223334', 'MBL-000167', 3),
('8436000001235', 'MBL-000168', 1),
('8435000987655', 'MBL-000168', 1),
('8430987654329', 'MBL-000168', 1),
('8691234009874', 'MBL-000169', 3),
('4001112223334', 'MBL-000169', 1),
('6921001234567', 'MBL-000169', 1),
('7423450987653', 'MBL-000169', 1),
('6921001234567', 'MBL-000170', 3),
('8431023456789', 'MBL-000171', 1),
('9781234567897', 'MBL-000171', 1),
('8431230987123', 'MBL-000171', 1),
('9781230000001', 'MBL-000171', 2),
('4001234567898', 'MBL-000171', 2),
('6943214567894', 'MBL-000172', 1),
('8410002345670', 'MBL-000172', 2),
('8691234009874', 'MBL-000172', 1),
('8436000001235', 'MBL-000173', 1),
('8412314567895', 'MBL-000173', 3),
('7861234567896', 'MBL-000173', 1),
('8431023456789', 'MBL-000173', 3),
('7861234567896', 'MBL-000174', 1),
('4001234567898', 'MBL-000174', 2),
('7503001234564', 'MBL-000174', 1),
('8431230987123', 'MBL-000174', 2),
('7423450987653', 'MBL-000175', 1),
('8433001234563', 'MBL-000175', 3),
('8431023456789', 'MBL-000175', 1),
('9504012345679', 'MBL-000175', 3),
('8410007654321', 'MBL-000175', 1),
('8433001234563', 'MBL-000176', 1),
('9781234567897', 'MBL-000176', 1),
('7861234567896', 'MBL-000176', 1),
('8431230987123', 'MBL-000177', 1),
('6943214567894', 'MBL-000177', 3),
('6943214567894', 'MBL-000178', 1),
('8435000987655', 'MBL-000178', 3),
('8430987654329', 'MBL-000178', 2),
('8699876543217', 'MBL-000179', 2),
('8430987654329', 'MBL-000179', 1),
('7860123456791', 'MBL-000180', 1),
('8430987654329', 'MBL-000181', 2),
('8903123456780', 'MBL-000181', 1),
('6922345678901', 'MBL-000181', 1),
('7861234567896', 'MBL-000181', 2),
('8699876543217', 'MBL-000182', 1),
('7860123456791', 'MBL-000182', 1),
('8436000001235', 'MBL-000182', 2),
('8431230987123', 'MBL-000182', 1),
('7423450987653', 'MBL-000182', 2),
('4001234567898', 'MBL-000183', 3),
('6920001234566', 'MBL-000184', 1),
('9781230000001', 'MBL-000184', 3),
('8430987654329', 'MBL-000184', 1),
('7860123456791', 'MBL-000185', 1),
('8412314567895', 'MBL-000185', 1),
('9781230000001', 'MBL-000185', 1),
('8435000987655', 'MBL-000185', 1),
('7503001234564', 'MBL-000186', 3),
('8433001234563', 'MBL-000187', 1),
('9504012345679', 'MBL-000187', 1),
('8431230987123', 'MBL-000188', 2),
('8410002345670', 'MBL-000189', 1),
('4001112223334', 'MBL-000189', 3),
('7860123456791', 'MBL-000189', 3),
('8691234009874', 'MBL-000190', 1),
('8431023456789', 'MBL-000190', 1),
('7503001234564', 'MBL-000190', 1),
('7291045678902', 'MBL-000191', 1),
('9504012345679', 'MBL-000191', 1),
('8903123456780', 'MBL-000192', 2),
('7503001234564', 'MBL-000192', 1),
('4001234567898', 'MBL-000192', 3),
('8699876543217', 'MBL-000192', 1),
('8431023456789', 'MBL-000192', 3),
('6922345678901', 'MBL-000193', 1),
('8903123456780', 'MBL-000194', 1),
('6943214567894', 'MBL-000194', 1),
('7291045678902', 'MBL-000194', 3),
('9781234567897', 'MBL-000195', 1),
('8412314567895', 'MBL-000195', 3),
('8691234009874', 'MBL-000195', 2),
('9781230000001', 'MBL-000195', 1),
('8410007654321', 'MBL-000195', 1),
('7503001234564', 'MBL-000196', 1),
('6920456123458', 'MBL-000197', 1),
('8699876543217', 'MBL-000197', 3),
('9781234567897', 'MBL-000197', 1),
('9781230000001', 'MBL-000197', 1),
('8410002345670', 'MBL-000197', 1),
('8433001234563', 'MBL-000198', 2),
('4001234567898', 'MBL-000198', 1),
('7861234567896', 'MBL-000198', 3),
('9781234567897', 'MBL-000198', 2),
('8435000987655', 'MBL-000198', 2),
('8410007654321', 'MBL-000199', 2),
('8903123456780', 'MBL-000199', 1),
('8435000987655', 'MBL-000199', 1),
('8433001234563', 'MBL-000199', 3),
('7861234567896', 'MBL-000199', 1),
('8699876543217', 'MBL-000200', 3),
('9504012345679', 'MBL-000201', 3),
('9781234567897', 'MBL-000201', 1),
('6921001234567', 'MBL-000202', 1),
('8431023456789', 'MBL-000202', 3),
('7423450987653', 'MBL-000203', 3),
('8410007654321', 'MBL-000203', 3),
('7861234567896', 'MBL-000203', 1),
('7291045678902', 'MBL-000203', 1),
('4001234567898', 'MBL-000203', 1),
('8435000987655', 'MBL-000204', 1),
('7503001234564', 'MBL-000204', 1),
('9504012345679', 'MBL-000205', 1),
('6922345678901', 'MBL-000205', 3),
('8430987654329', 'MBL-000205', 1),
('8431230987123', 'MBL-000206', 3),
('8699876543217', 'MBL-000207', 3),
('8430987654329', 'MBL-000207', 1),
('7861234567896', 'MBL-000207', 2),
('8410002345670', 'MBL-000208', 1),
('6920001234566', 'MBL-000208', 2),
('6943214567894', 'MBL-000208', 1),
('7860123456791', 'MBL-000208', 1),
('8412314567895', 'MBL-000209', 2),
('8691234009874', 'MBL-000209', 1),
('8436000001235', 'MBL-000209', 1),
('4001234567898', 'MBL-000210', 1),
('8436000001235', 'MBL-000210', 2),
('7503001234564', 'MBL-000210', 1),
('6920456123458', 'MBL-000211', 1),
('8903123456780', 'MBL-000211', 1),
('8433001234563', 'MBL-000211', 1),
('9781230000001', 'MBL-000211', 2),
('8412314567895', 'MBL-000212', 1),
('8436000001235', 'MBL-000212', 1),
('7861234567896', 'MBL-000212', 3),
('4001234567898', 'MBL-000212', 1),
('6921001234567', 'MBL-000213', 3),
('8431230987123', 'MBL-000213', 1),
('7503001234564', 'MBL-000213', 3),
('8412314567895', 'MBL-000214', 2),
('6920456123458', 'MBL-000214', 1),
('4001112223334', 'MBL-000214', 1),
('8430987654329', 'MBL-000214', 1),
('8410007654321', 'MBL-000214', 2),
('8410002345670', 'MBL-000215', 2),
('4001112223334', 'MBL-000215', 1),
('6922345678901', 'MBL-000215', 2),
('7860123456791', 'MBL-000215', 1),
('7503001234564', 'MBL-000215', 1),
('8699876543217', 'MBL-000216', 2),
('6921001234567', 'MBL-000216', 3),
('8410007654321', 'MBL-000217', 1),
('8436000001235', 'MBL-000217', 2),
('8431023456789', 'MBL-000218', 2),
('8691234009874', 'MBL-000219', 1),
('8433001234563', 'MBL-000220', 1),
('8431230987123', 'MBL-000220', 1),
('8691234009874', 'MBL-000221', 2),
('8699876543217', 'MBL-000221', 2),
('6922345678901', 'MBL-000222', 3),
('4001234567898', 'MBL-000222', 3),
('6921001234567', 'MBL-000222', 3),
('7423450987653', 'MBL-000223', 3),
('8691234009874', 'MBL-000223', 3),
('8903123456780', 'MBL-000223', 3),
('4001112223334', 'MBL-000224', 1),
('8435000987655', 'MBL-000224', 3),
('8412314567895', 'MBL-000224', 1),
('7860123456791', 'MBL-000225', 2),
('6943214567894', 'MBL-000225', 1),
('8410002345670', 'MBL-000226', 3),
('6921001234567', 'MBL-000226', 1),
('8430987654329', 'MBL-000227', 3),
('8433001234563', 'MBL-000228', 2),
('7503001234564', 'MBL-000228', 1),
('6943214567894', 'MBL-000228', 1),
('4001112223334', 'MBL-000229', 1),
('8410002345670', 'MBL-000229', 2),
('8410007654321', 'MBL-000230', 2),
('8691234009874', 'MBL-000230', 1),
('8412314567895', 'MBL-000230', 1),
('9504012345679', 'MBL-000231', 2),
('9781230000001', 'MBL-000232', 1),
('8412314567895', 'MBL-000232', 2),
('8430987654329', 'MBL-000232', 2),
('7860123456791', 'MBL-000233', 1),
('8691234009874', 'MBL-000233', 3),
('6920456123458', 'MBL-000233', 3),
('8431023456789', 'MBL-000234', 1),
('6920456123458', 'MBL-000234', 3),
('8903123456780', 'MBL-000234', 1),
('8431023456789', 'MBL-000235', 2),
('8412314567895', 'MBL-000235', 2),
('8412314567895', 'MBL-000236', 1),
('8431023456789', 'MBL-000237', 1),
('8431230987123', 'MBL-000237', 2),
('8903123456780', 'MBL-000237', 2),
('7291045678902', 'MBL-000238', 3),
('6943214567894', 'MBL-000239', 3),
('7423450987653', 'MBL-000240', 1),
('7503001234564', 'MBL-000240', 2),
('6921001234567', 'MBL-000241', 3),
('7503001234564', 'MBL-000242', 2),
('9504012345679', 'MBL-000242', 1),
('6920001234566', 'MBL-000242', 2),
('4001234567898', 'MBL-000243', 2),
('8433001234563', 'MBL-000243', 1),
('7861234567896', 'MBL-000244', 3),
('4001234567898', 'MBL-000245', 3),
('7860123456791', 'MBL-000245', 1),
('9781230000001', 'MBL-000245', 3),
('8691234009874', 'MBL-000246', 1),
('7860123456791', 'MBL-000246', 2),
('6920456123458', 'MBL-000246', 2),
('7861234567896', 'MBL-000247', 2),
('6920456123458', 'MBL-000248', 2),
('9504012345679', 'MBL-000248', 1),
('4001112223334', 'MBL-000249', 2),
('8699876543217', 'MBL-000249', 2),
('8431230987123', 'MBL-000250', 2),
('8410007654321', 'MBL-000250', 3),
('7861234567896', 'MBL-000250', 3),
('8410007654321', 'MBL-000251', 1),
('7860123456791', 'MBL-000251', 1),
('4001112223334', 'MBL-000251', 1),
('4001112223334', 'MBL-000252', 1),
('4001234567898', 'MBL-000252', 2),
('6943214567894', 'MBL-000252', 2),
('6920001234566', 'MBL-000253', 3),
('8435000987655', 'MBL-000253', 3),
('9781234567897', 'MBL-000253', 1),
('8410007654321', 'MBL-000254', 2),
('6920001234566', 'MBL-000255', 1),
('7423450987653', 'MBL-000256', 3),
('7291045678902', 'MBL-000256', 3),
('7503001234564', 'MBL-000257', 3),
('9781234567897', 'MBL-000257', 1),
('9504012345679', 'MBL-000258', 2),
('8412314567895', 'MBL-000258', 2),
('8430987654329', 'MBL-000258', 1),
('8431023456789', 'MBL-000259', 1),
('4001234567898', 'MBL-000259', 1),
('6921001234567', 'MBL-000260', 1),
('7860123456791', 'MBL-000261', 1),
('6943214567894', 'MBL-000261', 1),
('8410002345670', 'MBL-000261', 3),
('8436000001235', 'MBL-000262', 3),
('9781234567897', 'MBL-000262', 3),
('8433001234563', 'MBL-000263', 2),
('7503001234564', 'MBL-000264', 3),
('7423450987653', 'MBL-000264', 2),
('4001112223334', 'MBL-000265', 1),
('9781234567897', 'MBL-000265', 2),
('6920456123458', 'MBL-000266', 3),
('6943214567894', 'MBL-000266', 1),
('8430987654329', 'MBL-000267', 1),
('8435000987655', 'MBL-000268', 3),
('4001234567898', 'MBL-000269', 1),
('7860123456791', 'MBL-000270', 1),
('6921001234567', 'MBL-000271', 2),
('8903123456780', 'MBL-000271', 1),
('9504012345679', 'MBL-000272', 1),
('8431023456789', 'MBL-000272', 2),
('8903123456780', 'MBL-000272', 2),
('7860123456791', 'MBL-000273', 1),
('8903123456780', 'MBL-000273', 1),
('8430987654329', 'MBL-000274', 1),
('6920456123458', 'MBL-000274', 1),
('6922345678901', 'MBL-000274', 1),
('7503001234564', 'MBL-000275', 3),
('8431023456789', 'MBL-000275', 1),
('6920456123458', 'MBL-000276', 1),
('8412314567895', 'MBL-000276', 2),
('9781230000001', 'MBL-000277', 1),
('7861234567896', 'MBL-000277', 2),
('8433001234563', 'MBL-000278', 3),
('7291045678902', 'MBL-000278', 2),
('8903123456780', 'MBL-000279', 1),
('9504012345679', 'MBL-000279', 3),
('6921001234567', 'MBL-000279', 2),
('6943214567894', 'MBL-000280', 1),
('7291045678902', 'MBL-000280', 2),
('8430987654329', 'MBL-000280', 3),
('8436000001235', 'MBL-000281', 1),
('6920456123458', 'MBL-000282', 1),
('8691234009874', 'MBL-000283', 3),
('9504012345679', 'MBL-000283', 2),
('6922345678901', 'MBL-000284', 3),
('8412314567895', 'MBL-000284', 2),
('6920001234566', 'MBL-000285', 1),
('7291045678902', 'MBL-000286', 2),
('7861234567896', 'MBL-000286', 1),
('8431023456789', 'MBL-000286', 2),
('6922345678901', 'MBL-000287', 1),
('7861234567896', 'MBL-000288', 1),
('9781234567897', 'MBL-000288', 1),
('8412314567895', 'MBL-000289', 3),
('6943214567894', 'MBL-000290', 2),
('6922345678901', 'MBL-000290', 1),
('8903123456780', 'MBL-000290', 3),
('6921001234567', 'MBL-000291', 1),
('4001234567898', 'MBL-000291', 2),
('6943214567894', 'MBL-000292', 1),
('8430987654329', 'MBL-000293', 3),
('9504012345679', 'MBL-000294', 2),
('4001112223334', 'MBL-000295', 3),
('8431023456789', 'MBL-000295', 1),
('8412314567895', 'MBL-000295', 3),
('7860123456791', 'MBL-000296', 1),
('8903123456780', 'MBL-000296', 3),
('8436000001235', 'MBL-000297', 1),
('9504012345679', 'MBL-000297', 1),
('4001112223334', 'MBL-000297', 3),
('8691234009874', 'MBL-000298', 2),
('9781230000001', 'MBL-000298', 2),
('8410007654321', 'MBL-000298', 1),
('9781230000001', 'MBL-000299', 3),
('8431023456789', 'MBL-000299', 3),
('7423450987653', 'MBL-000299', 3),
('4001234567898', 'MBL-000300', 2),
('8410002345670', 'MBL-000300', 2),
('6920456123458', 'MBL-000300', 2),
('4001112223334', 'MBL-000301', 2),
('8903123456780', 'MBL-000302', 1),
('7291045678902', 'MBL-000302', 3),
('8431023456789', 'MBL-000303', 3),
('7423450987653', 'MBL-000303', 3),
('4001234567898', 'MBL-000304', 3),
('7860123456791', 'MBL-000304', 2),
('6920001234566', 'MBL-000304', 3),
('8436000001235', 'MBL-000305', 3),
('8431023456789', 'MBL-000306', 1),
('8435000987655', 'MBL-000307', 3),
('7423450987653', 'MBL-000308', 1),
('8903123456780', 'MBL-000308', 2),
('8412314567895', 'MBL-000309', 1),
('8431230987123', 'MBL-000309', 2),
('7503001234564', 'MBL-000309', 3),
('8412314567895', 'MBL-000310', 2),
('8431230987123', 'MBL-000311', 1),
('8410002345670', 'MBL-000311', 1),
('9781230000001', 'MBL-000312', 3),
('4001112223334', 'MBL-000313', 1),
('8691234009874', 'MBL-000314', 1),
('8412314567895', 'MBL-000314', 2),
('9781234567897', 'MBL-000315', 2),
('8903123456780', 'MBL-000315', 1),
('9504012345679', 'MBL-000315', 1),
('7423450987653', 'MBL-000316', 2),
('8691234009874', 'MBL-000316', 3),
('7503001234564', 'MBL-000317', 3),
('7860123456791', 'MBL-000317', 2),
('6920456123458', 'MBL-000318', 3),
('9504012345679', 'MBL-000319', 1),
('9781230000001', 'MBL-000319', 2),
('7861234567896', 'MBL-000320', 3),
('8412314567895', 'MBL-000320', 2),
('8691234009874', 'MBL-000321', 1),
('7860123456791', 'MBL-000322', 2),
('6920456123458', 'MBL-000322', 3),
('9504012345679', 'MBL-000322', 1),
('7860123456791', 'MBL-000323', 1),
('4001112223334', 'MBL-000323', 2),
('7861234567896', 'MBL-000323', 2),
('4001234567898', 'MBL-000324', 3),
('6920456123458', 'MBL-000324', 1),
('7503001234564', 'MBL-000324', 3),
('9781230000001', 'MBL-000325', 2),
('6921001234567', 'MBL-000326', 2),
('8431230987123', 'MBL-000327', 2),
('6922345678901', 'MBL-000327', 2),
('8431230987123', 'MBL-000328', 3),
('8436000001235', 'MBL-000328', 2),
('7291045678902', 'MBL-000329', 3),
('8435000987655', 'MBL-000330', 2),
('8699876543217', 'MBL-000331', 2),
('8412314567895', 'MBL-000332', 2),
('8431023456789', 'MBL-000332', 3),
('7291045678902', 'MBL-000332', 3),
('7291045678902', 'MBL-000333', 2),
('8699876543217', 'MBL-000334', 3),
('8410002345670', 'MBL-000335', 1),
('7291045678902', 'MBL-000335', 2),
('7503001234564', 'MBL-000336', 1),
('8691234009874', 'MBL-000337', 1),
('7291045678902', 'MBL-000337', 3),
('8691234009874', 'MBL-000338', 1),
('8699876543217', 'MBL-000339', 2),
('9781234567897', 'MBL-000340', 2),
('8691234009874', 'MBL-000340', 3),
('9781234567897', 'MBL-000341', 3),
('9781230000001', 'MBL-000342', 1),
('6922345678901', 'MBL-000342', 3),
('6921001234567', 'MBL-000342', 1),
('8412314567895', 'MBL-000343', 3),
('7291045678902', 'MBL-000343', 1),
('6922345678901', 'MBL-000344', 2),
('7503001234564', 'MBL-000344', 3),
('6920001234566', 'MBL-000344', 1),
('8410007654321', 'MBL-000345', 1),
('7503001234564', 'MBL-000345', 3),
('9504012345679', 'MBL-000346', 2),
('8691234009874', 'MBL-000346', 2),
('7423450987653', 'MBL-000346', 1),
('8691234009874', 'MBL-000347', 3),
('8431023456789', 'MBL-000348', 2),
('8431230987123', 'MBL-000349', 3),
('9781234567897', 'MBL-000349', 2),
('8436000001235', 'MBL-000349', 2),
('9781230000001', 'MBL-000350', 2),
('8410007654321', 'MBL-000350', 3),
('9781230000001', 'MBL-000351', 2),
('6920456123458', 'MBL-000351', 2),
('7861234567896', 'MBL-000351', 2),
('8903123456780', 'MBL-000352', 3),
('7860123456791', 'MBL-000352', 2),
('6921001234567', 'MBL-000352', 1),
('7291045678902', 'MBL-000353', 3),
('8410007654321', 'MBL-000353', 2),
('8410002345670', 'MBL-000354', 2),
('9781230000001', 'MBL-000354', 1),
('7503001234564', 'MBL-000354', 3);

SELECT * FROM CATEGORIA
SELECT * FROM PROVEEDOR
SELECT * FROM EMPLEADO
SELECT * FROM ARTICULO
SELECT * FROM EMPLEADO
SELECT * FROM VENTA
SELECT * FROM VENTA_ARTICULO
SELECT * FROM CAJERO
SELECT * FROM TELEFONO
SELECT * FROM ADMINISTRATIVO
SELECT * FROM ARTICULO_PROVEEDOR
SELECT * FROM CLIENTE
SELECT * FROM RESTRICCION_STOCK
SELECT * FROM VISTA_TICKET_VENTA